id	token	decoded
7948	å¹´	年
8863	æķ°	数
8903	æĹ¥	日
9370	çļĦ	的
9754	æľĪ	月
11622	çĶ¨	用
12857	æĪĲ	成
13072	åĲį	名
13343	æĹ¶	时
14224	ä»¶	件
14777	ä¸Ģ	一
14880	è¯·	请
15946	ä¸Ń	中
16038	æį®	据
16476	çłģ	码
16530	ä¸į	不
16628	æĸ°	新
16744	æĸĩ	文
16872	ä¸ĭ	下
17177	åĪĨ	分
17254	åħ¥	入
17340	äºº	人
17404	åĬŁ	功
17447	ä¸Ĭ	上
17523	æĪ·	户
17714	ä¸º	为
17881	éĹ´	间
17992	åı·	号
18158	åıĸ	取
18397	åĽŀ	回
18493	åľ¨	在
18538	é¡µ	页
18600	åŃĹ	字
18830	æľī	有
18947	ä¸ª	个
19108	æĪĲåĬŁ	成功
19403	ä½ľ	作
19793	ç¤º	示
20002	çĶ¨æĪ·	用户
20074	æķ°æį®	数据
20221	åĩº	出
20412	æĺ¯	是
20450	æĹ¶éĹ´	时间
20726	å¤±	失
20742	è¡¨	表
20755	éĻ¤	除
20929	åĬł	加
21125	è´¥	败
21287	çĶŁ	生
21317	ä¿¡	信
21515	ç±»	类
21596	ç½®	置
21887	çĲĨ	理
21894	æľ¬	本
22045	å¤±è´¥	失败
22226	æģ¯	息
22243	è¡Į	行
22382	å®ļ	定
22418	æĶ¹	改
22697	å¸Ĥ	市
22704	æľŁ	期
23031	ä»¥	以
23081	ä¿®	修
23305	åħĥ	元
23384	æĸ¹	方
23656	å½ķ	录
23836	åĮº	区
23990	åįķ	单
24156	ä½į	位
24300	åŀĭ	型
24339	æ³ķ	法
24342	åİ¿	县
24360	åŃĺ	存
24442	åĵģ	品
24562	åīį	前
24641	ç§°	称
25074	æ³¨	注
25177	ä¿®æĶ¹	修改
25511	åĢ¼	值
25710	è¾ĵ	输
25807	å»º	建
26232	èĥ½	能
26288	å¤§	大
26355	ä¾ĭ	例
26381	åº¦	度
26606	å§ĭ	始
26898	æĸĩä»¶	文件
26939	åĪ°	到
27091	éĿ¢	面
27366	è½½	载
27369	ä¿¡æģ¯	信息
27442	çĤ¹	点
27641	å¯Ĩ	密
27733	åĬ¨	动
27773	æŀľ	果
28029	åĽ¾	图
28072	æıĲ	提
28291	åıĳ	发
28330	å¼ı	式
28404	åĽ½	国
28606	åĪłéĻ¤	删除
28641	çĻ»	登
28726	éĶĻ	错
28946	èĢħ	者
28951	è®¤	认
29056	è¯¯	误
29077	æİ¥	接
29256	åħ³	关
29258	éĩį	重
29437	ç¬¬	第
29490	åľ°	地
29524	å¦Ĥ	如
29635	è®¾	设
29732	çĽ®	目
29767	å¼Ģ	开
29826	äºĭ	事
29991	åĲįç§°	名称
30440	åı¯	可
30534	è¦ģ	要
30540	ä»£	代
30709	å°ı	小
30767	éĢī	选
30844	æłĩ	标
30858	æĺİ	明
30868	ç¼ĸ	编
30918	æ±Ĥ	求
31118	åĪĹ	列
31139	ç½ĳ	网
31196	è¾ĵåħ¥	输入
31207	ä¸ĩ	万
31235	æľĢ	最
31526	è¿ĶåĽŀ	返回
31548	åĻ¨	器
31838	æīĢ	所
31843	åĨħ	内
31905	ç±»åŀĭ	类型
31914	ä½ĵ	体
31935	éĢļ	通
31952	åĬ¡	务
31991	æŃ¤	此
32022	åķĨ	商
32044	åºı	序
32100	éĶĻè¯¯	错误
32108	åĮĸ	化
32320	æ¶Ī	消
32376	åĲ¦	否
32463	ä¿Ŀ	保
32555	ä½¿	使
32571	æ¬¡	次
32648	æľº	机
32664	å¯¹	对
32665	åıĤæķ°	参数
32757	éĩı	量
32804	åĩ½æķ°	函数
32867	å¯Ĩçłģ	密码
32876	æŁ¥	查
32948	éĥ¨	部
33071	æĢ§	性
33108	åĴĮ	和
33126	æĽ´	更
33447	åĲİ	后
33477	è¯ģ	证
33872	é¢ĺ	题
33956	ç¡®	确
33983	æł¼	格
34187	äºĨ	了
34204	äºİ	于
34230	éĩĳ	金
34317	åħ¬	公
34324	åįĪ	午
34657	åĨĨ	円
34718	çīĩ	片
34794	ç©º	空
34859	è¯·æ±Ĥ	请求
35243	æĢģ	态
35415	çĻ»å½ķ	登录
35551	ç®¡	管
35568	ä¸»	主
35727	å¤©	天
35926	èĩª	自
35946	æĪĳ	我
35987	åħ¨	全
36171	ä»Ĭ	今
36295	é¡µéĿ¢	页面
36407	æĿ¥	来
36556	æŃ£	正
36587	è¯´	说
36589	æĦı	意
36605	éĢģ	送
36629	å®¹	容
36667	å·²	已
36885	ç»ĵ	结
36993	ä¼ļ	会
37029	ä½¿çĶ¨	使用
37474	æ®µ	段
37643	è®¡	计
37984	æºĲ	源
38035	èī²	色
38077	æĻĤ	時
38109	äº¤	交
38176	ç³»	系
38182	è¿ĩ	过
38212	çĶµ	电
38265	è¯¢	询
38304	ç¬¦	符
38342	æľª	未
38507	ç¨ĭ	程
38953	å¸¸	常
38989	æĿ¡	条
39165	å½ĵ	当
39352	ç®¡çĲĨ	管理
39374	æĥħ	情
39426	åı£	口
39762	åĲĪ	合
39907	æĸ¹æ³ķ	方法
39953	è½¦	车
39973	å®ŀ	实
40027	ç»Ħ	组
40090	æĵįä½ľ	操作
40301	çīĪ	版
40542	åĳ¨	周
40623	åĿĢ	址
40814	è®°	记
40820	äºĮ	二
40916	åĲĮ	同
40952	ä¸ļ	业
40981	æĿĥ	权
41146	åħ¶	其
41299	è¿Ľ	进
41321	è¯ķ	试
41362	éªĮ	验
41406	æĸĻ	料
41683	ä¼ł	传
41932	è¿°	述
42067	éĽĨ	集
42140	å¤ļ	多
42192	æĹł	无
42223	åĳĺ	员
42278	æĬ¥	报
42411	ä»ĸ	他
42468	çĦ¡	無
42855	æ·»åĬł	添加
43209	æľį	服
43268	çº¿	线
43288	è¿Ļ	这
43316	åĪ¶	制
43815	åĨħå®¹	内容
43918	è®¾ç½®	设置
43959	çĶŁæĪĲ	生成
44063	å°Ĩ	将
44091	çĬ¶æĢģ	状态
44177	åĪĹè¡¨	列表
44290	å¤Ħ	处
44636	é«ĺ	高
44729	åŃĲ	子
44793	éģĵ	道
44928	ç«ł	章
44931	åŃĹæ®µ	字段
44934	æīĭ	手
44956	åºĵ	库
44991	ä¸ī	三
45139	æıĲç¤º	提示
45181	ä»İ	从
45356	æĶ¯	支
45629	å®¶	家
45785	æĹ¥æľŁ	日期
45861	éķ¿	长
45900	ä»ĺ	付
45912	èİ·åıĸ	获取
45918	ç§Ĵ	秒
45930	åĽ¾çīĩ	图片
45943	åķĨåĵģ	商品
45995	è·¯	路
46100	ä»£çłģ	代码
46306	å®Į	完
46423	è±¡	象
46448	åĪĻ	则
46451	çİ°	现
46477	åľ°åĿĢ	地址
46485	ä¿ĿåŃĺ	保存
46553	äº¬	京
46670	è½¬	转
46939	è¾ĳ	辑
46944	ä¸Ģä¸ª	一个
47149	éĻĲ	限
47363	é»ĺè®¤	默认
47534	åĬĽ	力
47606	åŃĺåľ¨	存在
47764	åŃ¦	学
47815	å¤ĸ	外
47872	è°ĥ	调
47874	æľįåĬ¡	服务
47882	é¡¹	项
47955	è¯·è¾ĵåħ¥	请输入
48309	åĮĹ	北
48391	åŃĹç¬¦	字符
48692	å·¥	工
48738	ç¬ĳ	笑
48828	çĽĳ	监
48888	ä»»	任
48921	çĽ¸	相
48927	éªĮè¯ģ	验证
48934	å¾®	微
49026	åĨĮ	册
49082	èģĶ	联
49111	å¹³	平
49185	å¢ŀ	增
49187	åĲ¬	听
49238	è§£	解
49567	çŃī	等
49828	å¾Ĺ	得
50007	æĽ´æĸ°	更新
50009	æĶ¶	收
50285	å®ī	安
50292	ä»·	价
50350	åıĸæ¶Ī	取消
50366	èĹı	藏
50377	åĪĽå»º	创建
50404	éĢīæĭ©	选择
50410	è®¢åįķ	订单
50509	åĳ½	命
50511	åºĶ	应
50647	ä¸ºç©º	为空
50930	çľĭ	看
50984	ç´¢	索
51125	èµĦ	资
51154	æŁ¥è¯¢	查询
51232	äº§	产
51463	è¡¨ç¤º	表示
51575	ä¸²	串
51827	å¸ĥ	布
52129	åİŁ	原
52183	çŁ¥	知
52334	çº§	级
52510	æ°´	水
52526	ä¸Ĭä¼ł	上传
52702	çĽĳåĲ¬	监听
52726	åĩ»	击
52801	å¥½	好
52853	çī©	物
53153	ä¸įèĥ½	不能
53222	æĶ¾	放
53356	äº¿	亿
53393	ç»ı	经
53481	æııè¿°	描述
53772	æ¨¡	模
53930	ä¹ĭ	之
53938	åı°	台
54021	æĺ¾ç¤º	显示
54039	å·ŀ	州
54387	éħį	配
54542	å¤ĦçĲĨ	处理
54623	çĶ»	画
54658	ç»Ł	统
54899	åħ±	共
54926	è¿ŀ	连
55135	æµ·	海
55286	å¼Ģå§ĭ	开始
55338	æīĢæľī	所有
55502	èĬĤ	节
55806	éĢĢ	退
55865	éĸĵ	間
56006	æ¯Ķ	比
56007	éĹ®	问
56137	èĩ³	至
56278	å¤ĩ	备
56568	ä½ł	你
56652	é»ĳ	黑
57019	ç¼ĸè¾ĳ	编辑
57191	æĪĸ	或
57218	ä¸İ	与
57222	å½±	影
57421	ä½ľèĢħ	作者
57443	è¯Ŀ	话
57452	è§Ĩ	视
57553	è¯»	读
57555	åĳĬ	告
57566	ç¾İ	美
57621	äºĭä»¶	事件
57750	å¥³	女
57811	å±±	山
58362	éľĢ	需
58364	å¤į	复
58405	æīĭæľº	手机
58463	åįĹ	南
58514	å¿ħ	必
58695	ä¸ŃåĽ½	中国
58792	éĹŃ	闭
58814	åĬłè½½	加载
59074	åŁİ	城
59105	çĶ¨æĪ·åĲį	用户名
59151	ç»ĵæŀľ	结果
59258	è¿ĳ	近
59355	æķĪ	效
59532	åĪ©	利
59534	ç§»	移
59743	æĢ»	总
59879	æĮī	按
59956	æİĴ	排
59975	é¦ĸ	首
60204	è¨ĺ	記
60237	ç¤¾	社
60396	æłĩé¢ĺ	标题
60533	æ³¨æĦı	注意
60548	å®ĮæĪĲ	完成
60610	ç¡®å®ļ	确定
60686	è¥¿	西
60726	åħĪ	先
60894	çĦ¶	然
60949	éĶ®	键
61149	åĳ¨æľŁ	周期
61191	é¢Ŀ	额
61443	åĨĻ	写
61689	æ³¨åĨĮ	注册
61755	çŃ¾	签
62112	åĽł	因
62189	ä¸ĭè½½	下载
62244	å¦Ĥæŀľ	如果
62297	åĳ½åĳ¨æľŁ	命周期
62922	åĪ«	别
62926	å¹¶	并
62945	å¼Ĥ	异
62963	æĿŁ	束
63109	å¿ĥ	心
63314	éĵ¾	链
63367	æĮĩ	指
63379	è¯Ħ	评
63431	æķ´	整
63703	åĽĽ	四
63789	æĸŃ	断
63836	è§Ĵ	角
63953	çĽĳåĲ¬é¡µéĿ¢	监听页面
64064	è¿ŀæİ¥	连接
64205	æ¶Īæģ¯	消息
64272	è½¯	软
64355	å¤´	头
64429	å¯¹è±¡	对象
64471	æĺ¯åĲ¦	是否
64473	éĤ®	邮
64559	ä¹ī	义
64643	åı¸	司
64682	æŃ¥	步
64689	éĹ¨	门
64720	å¯¼	导
64754	å®¢	客
64784	ä¸įèĥ½ä¸ºç©º	不能为空
64817	åı³	右
64952	é¢ĳ	频
65101	åĥı	像
65278	çī¹	特
65577	è®°å½ķ	记录
65676	éĿŀ	非
65770	çľģ	省
66017	è¾ĵåĩº	输出
66078	éĢł	造
66187	å§ĵåĲį	姓名
66394	è¯´æĺİ	说明
66558	åŃĹç¬¦ä¸²	字符串
66569	å¾Ħ	径
66833	è¯¦	详
66886	éªĮè¯ģçłģ	验证码
67071	çĶ±	由
67279	åĮħ	包
67338	éĢļè¿ĩ	通过
67364	ä¸ľ	东
67831	è®º	论
67949	å½ĵåīį	当前
68065	ç»ľ	络
68153	æ¬¾	款
68262	æĶ¯ä»ĺ	支付
68396	åĲ¯	启
68536	èĢĮ	而
68756	å¡«	填
68805	æł¼å¼ı	格式
68862	éĩĬ	释
68878	æĮģ	持
68990	åĮĹäº¬	北京
69041	åĲĳ	向
69103	ç®Ĺ	算
69177	æ±Ł	江
69184	ä¸įåŃĺåľ¨	不存在
69249	éĩĮ	里
69442	ä»½	份
69516	è´£	责
69526	ç§ĳ	科
69721	æ°ĳ	民
69824	æķ°ç»Ħ	数组
69905	æ²»	治
70074	å£°	声
70108	çĶ·	男
70361	éĩįæĸ°	重新
70500	è®¾è®¡	设计
70538	åĪĨç±»	分类
70589	ä»¥ä¸Ĭ	以上
70633	å¼Ĥå¸¸	异常
70769	æĹı	族
70790	ç«Ļ	站
70927	æ²¡	没
70999	çľĮ	県
71025	éĽħ	雅
71109	çīĪæľ¬	版本
71134	æį¢	换
71137	æł¸	核
71138	ç´ł	素
71268	éĥ½	都
71304	è¶ħ	超
71356	ç½ĳç»ľ	网络
71416	åºĹ	店
71618	èµ·	起
71694	éļĲèĹı	隐藏
71743	äº«	享
71817	è¿Ľè¡Į	进行
71971	æıĲäº¤	提交
72017	åıĳéĢģ	发送
72064	èģĶç³»	联系
72225	æĭī	拉
72261	ç±³	米
72448	ç³»ç»Ł	系统
72586	å¼ķ	引
72640	ç¼ĸåı·	编号
72651	çĤ¹åĩ»	点击
72881	è¯Ń	语
72990	åľŁ	土
73038	å®ĭ	宋
73145	çĽ´	直
73157	æ¯ı	每
73218	åħ¬åı¸	公司
73296	ç®±	箱
73345	é¡¹çĽ®	项目
73382	å¾Į	後
73670	åı¯ä»¥	可以
73743	åıĤ	参
74040	åıĺ	变
74046	åŁº	基
74167	åł´	場
74193	å¾ħ	待
74220	ç¨ĭåºı	程序
74386	è§Ħ	规
74393	æķ°æį®åºĵ	数据库
74413	æĶ¿	政
74530	éĽħé»ĳ	雅黑
74531	è½¯éĽħé»ĳ	软雅黑
74661	æİĴåºı	排序
74763	ä¹Ł	也
74810	ä»ĭ	介
74876	é¦ĸé¡µ	首页
74999	åħ³éĹŃ	关闭
75061	éĴŁ	钟
75108	äºĶ	五
75117	æī§è¡Į	执行
75223	å®¡	审
75317	åįķä½į	单位
75355	æīĭæľºåı·	手机号
75405	æľ¨	木
75437	æīĵ	打
75606	æ´»	活
75618	å¾®è½¯éĽħé»ĳ	微软雅黑
75650	æĴŃ	播
75768	æĸ¹å¼ı	方式
75882	è¯¥	该
76095	æĿ¡ä»¶	条件
76119	è¨ĺäºĭ	記事
76313	å±ķ	展
76648	éĴ®	钮
76813	åħ·	具
76837	è·¯å¾Ħ	路径
76921	éĢĢåĩº	退出
77011	å®ĭä½ĵ	宋体
77128	å¿Ĺ	志
77144	è¨Ģ	言
77172	è´Ń	购
77288	ä½Ĩ	但
77419	æĺŁ	星
77540	ä¸¤	两
77557	ä¾ĭå¦Ĥ	例如
77559	å·¦	左
77598	èĢĥ	考
77835	æŀĦ	构
77843	åł±	報
77959	çĲĥ	球
78008	è®¾è®¡åĻ¨	设计器
78556	çĽ¸åħ³	相关
78685	éŁ³	音
78808	åĬ¨çĶŁæĪĲ	动生成
78882	ç«¯	端
78973	æĲľç´¢	搜索
79072	æĬķ	投
79095	ç«ĭ	立
79256	å±ŀæĢ§	属性
79478	ä»¬	们
79599	çģ«	火
79766	æ¸ħ	清
80094	éĩĳé¢Ŀ	金额
80101	è´¦	账
80158	å°±	就
80268	è´¹	费
80406	è¯·éĢīæĭ©	请选择
80443	æ²¡æľī	没有
80565	ç»ĵæĿŁ	结束
80642	æ¡Ī	案
80942	å¹¿	广
81167	ç¡®è®¤	确认
81202	åİĨ	历
81217	åıĬ	及
81320	è¨Ī	計
81433	æŃ¢	止
81596	ä¹Ī	么
81668	è´§	货
81705	æµĭè¯ķ	测试
81800	æķ°éĩı	数量
81812	ä½įç½®	位置
81873	æĻĤéĸĵ	時間
82025	æĸĩç«ł	文章
82075	éĺ³	阳
82166	éĺŁ	队
82201	æĬĢ	技
82224	åľº	场
82237	éĵ¾æİ¥	链接
82587	æķ°åŃĹ	数字
82641	å£°æĺİ	声明
82647	å°ĳ	少
82699	å½¢	形
82700	äº§åĵģ	产品
82832	ç¨¿	稿
82847	èĭ±	英
82894	æ¸¸	游
82995	äº¿åħĥ	亿元
83031	åĪĨéĴŁ	分钟
83744	ä¾Ľ	供
83751	æİ¨	推
84055	åĪĿå§ĭåĮĸ	初始化
84088	ç¨İ	税
84184	æĮīéĴ®	按钮
84607	åĪĿ	初
85027	ç§ģ	私
85106	éľĢè¦ģ	需要
85248	åħ¨éĥ¨	全部
85254	æĻ¯	景
85329	èµĦæºĲ	资源
85336	åİ»	去
85361	åįİ	华
85641	è¯Ħè®º	评论
85767	éħįç½®	配置
86077	è©±	話
86117	çķª	番
86119	éĹ®é¢ĺ	问题
86227	æĬ¥éģĵ	报道
86312	çİ¯	环
86341	å¼ł	张
86347	éĸĭ	開
86402	ç§į	种
86744	æĺĵ	易
87026	æĤ¨	您
87140	è§Ĩé¢ĳ	视频
87256	åĨį	再
87267	åı¯èĥ½	可能
87335	æĸĩåŃĹ	文字
87531	æĿ¿	板
87752	ä»¥ä¸ĭ	以下
87805	çĶµè¯Ŀ	电话
87946	éĢ£	連
88051	çľŁ	真
88086	æľīæķĪ	有效
88308	ä»Ĭå¹´	今年
88653	æµģ	流
88683	ä½Ļ	余
88802	ä»»åĬ¡	任务
88970	è§ģ	见
88991	æŃ£ç¡®	正确
89012	ç»Ļ	给
89047	æľįåĬ¡åĻ¨	服务器
89161	æĿ¥æºĲ	来源
89656	è¯¦æĥħ	详情
89977	å±Ģ	局
90172	ä¼ĺ	优
90286	ä¹¦	书
90366	ä¸Ģé¡µ	一页
90447	åıĳå¸ĥ	发布
90663	æĢĿ	思
90674	è¦ĭ	見
90775	åĭķ	動
90840	è¿Ĳ	运
90851	å®¡æł¸	审核
90885	æł·	样
90919	åħ¶ä¸Ń	其中
90956	æĿĥéĻĲ	权限
90999	åĪłéĻ¤æĪĲåĬŁ	删除成功
91282	å®ļä¹ī	定义
91453	éĶĢ	销
91455	ä¸ĩåħĥ	万元
91572	åĲĮæĹ¶	同时
91593	çĦ¡æĸĻ	無料
91676	åį³	即
91680	åıª	只
91777	èĢģ	老
92015	å²ģ	岁
92032	å¤§å°ı	大小
92133	æī¾	找
92374	èĬĤçĤ¹	节点
92536	å°ıæĹ¶	小时
92894	åħ¶ä»ĸ	其他
93034	èĩªæ²»	自治
93149	åĪĨäº«	分享
93266	ç¨į	稍
93488	è¾¾	达
93568	éĤ®ç®±	邮箱
93620	æĸ°å¢ŀ	新增
93823	éĻ¢	院
93901	ä¾¡	価
94121	æ°Ĺ	気
94237	çº¦	约
94299	éĢŁ	速
94375	åģľ	停
94443	åıį	反
94444	ç¥¨	票
94498	åįģ	十
95256	èº«	身
95312	åĲ«	含
95355	çİĩ	率
95400	æ±½	汽
95411	ä¸ĵ	专
95457	ç®¡çĲĨåĳĺ	管理员
95949	æŃ³	歳
96418	éĸ¢	関
96422	è®®	议
96465	éĽ·	雷
96555	æŃ£åľ¨	正在
97084	äºĽ	些
97120	çķĮ	界
97145	éĻĨ	陆
97290	å¤ĩæ³¨	备注
97306	åĢį	倍
97399	èªŃ	読
97480	ä»·æł¼	价格
97557	æ£Ģ	检
97611	æĪĳçļĦ	我的
97639	æĪĳä»¬	我们
97706	è¿ĺ	还
97771	æŀĲ	析
97797	ä¼ģ	企
97815	åıĭ	友
98237	ç®Ģ	简
98279	ç§»åĪ°	移到
98297	åķı	問
98380	åĬŁèĥ½	功能
98402	éķ¿åº¦	长度
98641	è£ħ	装
98650	æĦŁ	感
98671	åĵĪ	哈
98749	ä½ķ	何
98841	é¢Ħ	预
98966	éĢģæĸĻ	送料
99079	å°Ķ	尔
99107	åľ¨çº¿	在线
99164	çĿĢ	着
99165	å¾Ī	很
99172	æĥ³	想
99178	è´¨	质
99180	æ°Ķ	气
99182	æķĻ	教
99185	åıĳå±ķ	发展
99186	åĪĽ	创
99190	åģļ	做
99191	æĪĺ	战
99193	å¼º	强
99194	æ·±	深
99195	åĩł	几
99199	å§Ķ	委
99200	åĲĦ	各
99204	åıĹ	受
99205	èģĮ	职
99208	é£İ	风
99209	èĲ¥	营
99210	åħļ	党
99212	éĤ£	那
99213	é¢Ĩ	领
99216	æľ¯	术
99217	ä»Ģ	什
99218	æĪ¿	房
99219	ç²¾	精
99222	å¤ª	太
99223	èĤ¡	股
99225	åħī	光
99226	æŀģ	极
99227	åĬŀ	办
99232	èĬ±	花
99233	çłĶ	研
99234	å¿«	快
99235	å¸Ī	师
99236	è¶Ĭ	越
99237	è§Ĥ	观
99241	èĤ²	育
99242	çĪ±	爱
99243	çĻ½	白
99244	ä¸ĸ	世
99245	ä»Ģä¹Ī	什么
99246	çľ¼	眼
99250	è¢«	被
99251	å¹²	干
99252	çĹħ	病
99253	å£«	士
99257	å·¥ä½ľ	工作
99258	è®©	让
99259	çĥŃ	热
99260	è¾ĥ	较
99261	åĦ¿	儿
99262	åĬ©	助
99263	ç§¯	积
99270	å·±	己
99271	çĻ¾	百
99272	åĬ¿	势
99273	èµĽ	赛
99277	æĿĳ	村
99278	å¸¦	带
99279	å¢ĥ	境
99280	æĬ¤	护
99283	èĩªå·±	自己
99284	æµİ	济
99285	ä½İ	低
99286	åĮ»	医
99287	éĺ²	防
99288	åĨľ	农
99292	åĨĽ	军
99293	æĪı	戏
99294	åįĩ	升
99295	æĸ¯	斯
99296	ä½ı	住
99297	èĲ½	落
99298	åħ»	养
99299	èĩ´	致
99304	ä¼ģä¸ļ	企业
99305	åĽ¢	团
99306	æīį	才
99307	æł¡	校
99308	åĩĨ	准
99309	å¥ĩ	奇
99310	åī¯	副
99312	æ¼Ķ	演
99313	é©¬	马
99314	èµ°	走
99315	ç¥ŀ	神
99316	åħĭ	克
99317	æľĽ	望
99318	æ²¹	油
99319	è¾¹	边
99320	åįĥ	千
99321	å¾Ģ	往
99322	åĪĩ	切
99326	éĻħ	际
99327	çīĮ	牌
99328	ç¤¾ä¼ļ	社会
99329	æ¸¸æĪı	游戏
99330	æĸ½	施
99331	çħ§	照
99332	æİ§	控
99333	æ»¡	满
99334	è¯Ĩ	识
99335	éĩįè¦ģ	重要
99336	è¶³	足
99337	çķĻ	留
99338	ç»Ĩ	细
99339	åįı	协
99340	éĢĤ	适
99345	å¸Ĥåľº	市场
99346	ç»ıæµİ	经济
99347	ä¹ł	习
99348	æĸĩåĮĸ	文化
99349	éļ¾	难
99350	ä¹Ĳ	乐
99351	åĨ³	决
99352	æ¬¢	欢
99353	è§ī	觉
99354	åĽŃ	园
99355	åħ´	兴
99356	åħħ	充
99357	ä¸¾	举
99358	æī¹	批
99360	æĬĬ	把
99361	æĬĢæľ¯	技术
99362	ç©¶	究
99363	ç¬¬ä¸Ģ	第一
99364	ä¾¿	便
99365	åĵį	响
99366	çİ©	玩
99367	åĿļ	坚
99368	èŀį	融
99369	åįĬ	半
99370	åĸľ	喜
99371	å±Ĥ	层
99372	ç¦»	离
99373	ä»ħ	仅
99375	åĳ³	味
99376	å¿µ	念
99377	åŃ£	季
99378	ç´§	紧
99379	ä¹ħ	久
99383	åĢĻ	候
99384	åĨµ	况
99385	çŁ³	石
99386	åģ¥	健
99387	æĢİ	怎
99388	å®Ŀ	宝
99389	è¡Ģ	血
99390	åŁŁ	域
99391	æĹ©	早
99392	çŁ¥éģĵ	知道
99393	è´Ł	负
99394	åįļ	博
99395	å·´	巴
99396	äº²	亲
99397	å±ŀ	属
99398	ä¸¥	严
99399	äºī	争
99400	å¯Ł	察
99403	å»ºè®¾	建设
99404	äº§ä¸ļ	产业
99405	åĲĥ	吃
99406	åŃ©	孩
99407	æĹħ	旅
99408	æł¹	根
99409	æĿĲ	材
99410	ä¼Ĺ	众
99411	éļı	随
99412	å®ĺ	官
99413	åºķ	底
99414	å½©	彩
99415	å¯Į	富
99416	æ¸©	温
99417	åį«	卫
99418	åī§	剧
99419	çĽĬ	益
99420	æĬĹ	抗
99421	è´¢	财
99422	çºª	纪
99424	çĶŁæ´»	生活
99425	çº¢	红
99426	çĶŁäº§	生产
99427	è¿ľ	远
99428	éĴ±	钱
99429	åĶ®	售
99430	ç¾¤	群
99431	çıŃ	班
99432	æ¥¼	楼
99433	éĩĩ	采
99434	èīº	艺
99435	å±ħ	居
99436	åģĩ	假
99437	è°Ī	谈
99438	æĻļ	晚
99440	èĪª	航
99441	å®³	害
99445	çİĭ	王
99446	åº·	康
99447	èİ·	获
99448	ç»Ń	续
99449	äºļ	亚
99450	é£Ł	食
99451	åİĭ	压
99452	æĭĽ	招
99453	èĮĥ	范
99454	è®¸	许
99455	åĽ´	围
99457	éĻį	降
99458	çº³	纳
99459	åĵª	哪
99460	æķĻèĤ²	教育
99461	å·²ç»ı	已经
99462	å¾·	德
99463	æŀĹ	林
99464	å®īåħ¨	安全
99465	é¾Ļ	龙
99466	å¤§å®¶	大家
99467	éĿĴ	青
99468	åºľ	府
99469	æ²³	河
99470	åı¤	古
99471	èį¯	药
99472	åĿĩ	均
99473	æĻº	智
99474	ä¹¡	乡
99475	çķ¥	略
99476	åĨ·	冷
99477	ç¦ı	福
99478	å®¤	室
99479	ç»´	维
99480	æī¿	承
99481	å±Ĭ	届
99482	è¯ī	诉
99483	åĪ»	刻
99486	å°±æĺ¯	就是
99487	è¿Ļä¸ª	这个
99488	ä¸Ńå¿ĥ	中心
99489	ä¸ĸçķĮ	世界
99490	åŁİå¸Ĥ	城市
99491	éĿŀå¸¸	非常
99492	åĪĴ	划
99493	åıĮ	双
99494	æĢİä¹Ī	怎么
99495	åĪ°äºĨ	到了
99496	æľĥ	會
99497	åı²	史
99498	ä¾Ĩ	來
99499	å¾ĭ	律
99500	å¥ĸ	奖
99501	ç»Ī	终
99502	åªĴ	媒
99503	å®ģ	宁
99504	è¯¾	课
99505	èģĮä¸ļ	职业
99506	åħį	免
99507	æµĭ	测
99508	æĢ¥	急
99509	æķĳ	救
99510	çĭ¬	独
99511	èŃ¦	警
99512	é¤Ĳ	餐
99513	æĦ¿	愿
99514	è´«	贫
99515	çĸĳ	疑
99517	å¥¹	她
99518	åıĪ	又
99519	åĽłä¸º	因为
99520	ä¸įæĺ¯	不是
99521	å¤Ł	够
99522	æĸ¹éĿ¢	方面
99523	éķĩ	镇
99524	äºĴ	互
99525	éħĴ	酒
99526	è®²	讲
99527	çĸĹ	疗
99528	æĺ¥	春
99529	æ¹ĸ	湖
99530	å¤ľ	夜
99531	è´£ä»»	责任
99532	äººæ°ĳ	人民
99533	åħ°	兰
99534	çŁŃ	短
99535	æķħ	故
99536	åĩı	减
99537	æĻ®	普
99538	äº®	亮
99539	ä¾Ŀ	依
99540	åį°	印
99541	éĿĻ	静
99542	åĢĭ	個
99543	å¾ģ	征
99544	åĲ¸	吸
99545	ç¼º	缺
99546	æĶ»	攻
99547	åĩĢ	净
99548	åħ¸	典
99549	åĽº	固
99550	è®¿	访
99553	æıĲä¾Ľ	提供
99554	ç»ĩ	织
99555	å¾Īå¤ļ	很多
99556	çłĶç©¶	研究
99557	è·Ł	跟
99558	ä¸»è¦ģ	主要
99559	æĥħåĨµ	情况
99560	çŃĸ	策
99561	æŃ»	死
99562	å¤§åŃ¦	大学
99563	æĶ¿åºľ	政府
99564	å½±åĵį	影响
99565	ä¹°	买
99566	åħŃ	六
99567	éĻ©	险
99568	åħ«	八
99569	æŁĲ	某
99570	è´¨éĩı	质量
99571	åįł	占
99572	å·®	差
99573	æĽ´å¤ļ	更多
99574	æľĭ	朋
99575	éĿ©	革
99576	å®£	宣
99577	çł´	破
99578	è½»	轻
99579	åº§	座
99580	æĺ¾	显
99581	ç¨³	稳
99582	è´µ	贵
99583	èĥĮ	背
99584	èī¯	良
99585	çĸ«	疫
99586	æ¯Ĵ	毒
99587	ä¹İ	乎
99588	åĢŁ	借
99589	è¿·	迷
99590	çŃĶ	答
99591	æ¿Ģ	激
99592	åĳ¼	呼
99593	äºĨä¸Ģ	了一
99594	è¶£	趣
99595	ä¼´	伴
99596	ä¼Ļ	伙
99599	åĽ½å®¶	国家
99600	æ´»åĬ¨	活动
99601	çİ°åľ¨	现在
99602	ç§ĳæĬĢ	科技
99603	åį¡	卡
99604	ä¸įåĲĮ	不同
99605	ä¸ªäºº	个人
99606	è®°èĢħ	记者
99607	ä¸įæĸŃ	不断
99608	éĹ»	闻
99609	ä¹Ŀ	九
99610	èĳĹ	著
99611	ç»¼	综
99612	ä¸ĥ	七
99613	æłĳ	树
99614	æľĭåıĭ	朋友
99615	åįĸ	卖
99616	ä¼¤	伤
99617	æ²Ļ	沙
99618	åĸĦ	善
99619	å¥Ĺ	套
99620	è½®	轮
99621	ç©¿	穿
99622	è¡¥	补
99623	ä¸Ģå®ļ	一定
99624	çªģ	突
99625	çĿ£	督
99626	è¿½	追
99627	å¨ģ	威
99628	åı¦	另
99629	åĽ°	困
99630	æŀ¶	架
99631	ç»Ŀ	绝
99632	æķ£	散
99633	æİ¢	探
99634	æ´Ĺ	洗
99635	ä¸´	临
99636	ä¼¼	似
99637	è´¸	贸
99638	ä¸°	丰
99639	æĺ¯ä¸Ģ	是一
99640	ç«ŀ	竞
99641	è¿İ	迎
99642	èģļ	聚
99644	æįŁ	损
99645	æī§	执
99646	é©¾	驾
99647	è¿Ŀ	违
99650	ä»ĸä»¬	他们
99651	æĹ¶åĢĻ	时候
99652	å®ĥ	它
99653	äººåĳĺ	人员
99654	è¿Ļæł·	这样
99655	å·¥ç¨ĭ	工程
99656	åĪĽæĸ°	创新
99657	åŃ©åŃĲ	孩子
99658	å¸Į	希
99659	éĥ¨åĪĨ	部分
99660	éĵ¶	银
99661	ä»£è¡¨	代表
99662	é¦Ļ	香
99663	å¸®	帮
99664	æİ¨è¿Ľ	推进
99665	çĽĺ	盘
99666	ç§¯æŀģ	积极
99667	éĥ¨éĹ¨	部门
99668	åŁ¹	培
99669	æŃ¦	武
99670	ä¸įä¼ļ	不会
99671	çŃĳ	筑
99672	éĢĻ	這
99673	çİ©å®¶	玩家
99674	æĭ¿	拿
99675	åİĤ	厂
99676	æ¯Ľ	毛
99677	çģµ	灵
99678	æŃĮ	歌
99679	ç»¿	绿
99680	å¦Ī	妈
99681	çĽĽ	盛
99682	é¦Ĩ	馆
99683	é¡º	顺
99684	èĦ¸	脸
99685	å°¼	尼
99686	ä¸½	丽
99687	å¥¥	奥
99688	éģĩ	遇
99689	è¯į	词
99690	å°ģ	封
99691	ä¸Ŀ	丝
99692	å¥½çļĦ	好的
99693	æĭħ	担
99694	èĦ±	脱
99695	æģ¶	恶
99696	åİļ	厚
99697	åĬ³	劳
99698	çĽŁ	盟
99699	æĬĺ	折
99700	åı¥	句
99701	æĢĢ	怀
99702	æŁĵ	染
99703	ä¹¦è®°	书记
99704	åĨł	冠
99705	é²ľ	鲜
99706	æ¦Ĥ	概
99707	éļĲ	隐
99708	å¹ħ	幅
99709	èµŀ	赞
99710	å¹ķ	幕
99711	æ¥Ń	業
99712	éģĹ	遗
99713	åĪ¤	判
99716	æĬķèµĦ	投资
99717	è¡Įä¸ļ	行业
99718	äºĳ	云
99719	çİ¯å¢ĥ	环境
99720	åŃ¦çĶŁ	学生
99721	åĲĪä½ľ	合作
99722	åģ¥åº·	健康
99723	é£ŀ	飞
99724	ä¸ĢæŃ¥	一步
99725	ä¸ĢçĽ´	一直
99726	åıĳçĶŁ	发生
99727	éĺ¿	阿
99728	é¢Ĩå¯¼	领导
99729	åĸľæ¬¢	喜欢
99730	åºĶè¯¥	应该
99731	çĤº	為
99732	è®Ń	训
99733	æĿĢ	杀
99734	æ¸¯	港
99735	äº¤éĢļ	交通
99736	éĺ¶	阶
99737	éĴ¢	钢
99738	ä»¤	令
99739	å°½	尽
99740	æ¯į	母
99741	è¡£	衣
99742	ç²ī	粉
99743	é¡¶	顶
99744	ä¹Łä¸į	也不
99745	æĬĵ	抓
99746	èĭ¦	苦
99747	å¹¸	幸
99748	ç¤¼	礼
99749	ç¬¬ä¸ī	第三
99750	å¤§çļĦ	大的
99751	éģİ	過
99752	çĥŁ	烟
99753	éģ¿	避
99754	ä»į	仍
99755	åºĨ	庆
99756	æĢķ	怕
99757	è°¢	谢
99758	çĽĸ	盖
99759	å°Ħ	射
99760	éľ²	露
99761	æĸĹ	斗
99762	çĬ¶	状
99763	åŃ¸	學
99764	æ¯ķ	毕
99765	å·¨	巨
99766	çŁ¿	矿
99767	çļĩ	皇
99768	å¸Ń	席
99769	çĹĩ	症
99770	æī¬	扬
99771	å»¶	延
99772	ä¾§	侧
99773	æ·¡	淡
99774	çļĦä¸Ģ	的一
99775	ç¶²	網
99776	æ´ģ	洁
99778	è§Ī	览
99779	çŃ¹	筹
99780	ç§ĺ	秘
99781	è¯Ĭ	诊
99782	çı¾	現
99783	èªī	誉
99784	æ¯«	毫
99786	åį´	却
99787	æĪĲä¸º	成为
99788	èĥ½åĬĽ	能力
99789	é»Ħ	黄
99790	æĹħæ¸¸	旅游
99791	èĪ¬	般
99792	æ¯Ķè¾ĥ	比较
99793	èµ·æĿ¥	起来
99794	äºĨè§£	了解
99795	èĩªçĦ¶	自然
99796	ä¸Ģæ¬¡	一次
99797	åŁºæľ¬	基本
99798	æĽ¾	曾
99799	ç»¼åĲĪ	综合
99800	èıľ	菜
99801	è§īå¾Ĺ	觉得
99802	ç¬¬äºĮ	第二
99803	è·ĳ	跑
99804	æ³¢	波
99805	åĢĴ	倒
99806	ç¡Ģ	础
99807	åħµ	兵
99808	èįī	草
99809	çĶ³	申
99810	çĶ°	田
99811	æĤ£	患
99812	è§Ħå®ļ	规定
99813	èĥľ	胜
99814	èµĦäº§	资产
99815	æ¢¦	梦
99816	æľĿ	朝
99817	è¿ĻéĩĮ	这里
99818	å¤«	夫
99819	æĮ¥	挥
99820	ä½Ľ	佛
99821	å®Ī	守
99822	éĽ¶	零
99823	æĸ¼	於
99824	ç¯ĩ	篇
99825	å²Ľ	岛
99826	åĵ¥	哥
99827	éŃĶ	魔
99828	ä¸įåĪ°	不到
99829	æīĺ	托
99830	åºĬ	床
99831	æ¬§	欧
99832	èį£	荣
99833	æ±ĩ	汇
99834	æī©	扩
99835	åģı	偏
99836	å¢Ļ	墙
99837	è®¯	讯
99838	å©ļ	婚
99839	æĥł	惠
99840	æ´ĭ	洋
99841	å®ľ	宜
99842	æ¶¦	润
99843	æħ¢	慢
99844	éĢı	透
99845	å®½	宽
99846	é¡¾	顾
99847	ç´¯	累
99848	æ±¡	污
99849	çĪĨ	爆
99850	ç§Ł	租
99851	æĥĬ	惊
99852	æ¶¨	涨
99853	é¥°	饰
99854	éĺµ	阵
99855	é¥®	饮
99856	æļĸ	暖
99857	åºŁ	废
99858	æĹĹ	旗
99859	éļĶ	隔
99860	ç¶ĵ	經
99861	åĭĻ	務
99862	å¯¦	實
99863	éĢĶ	途
99864	æī«	扫
99865	çĥĪ	烈
99866	éĽ»	電
99867	åĪĳ	刑
99868	éĹľ	關
99869	éĹª	闪
99870	å¥ĭ	奋
99871	åĤ¨	储
99872	ç¼©	缩
99873	ä¾µ	侵
99876	åĽ½éĻħ	国际
99877	ç»Ħç»ĩ	组织
99878	ä¸ĵä¸ļ	专业
99879	åıĳçİ°	发现
99880	å¸ĮæľĽ	希望
99881	ç»ıèĲ¥	经营
99882	åı«	叫
99883	æĿ¥è¯´	来说
99884	éļľ	障
99885	ä»»ä½ķ	任何
99886	äº¤æĺĵ	交易
99887	éĩįçĤ¹	重点
99888	çļ®	皮
99889	ç»į	绍
99890	æ´¾	派
99891	ç§ĳåŃ¦	科学
99892	åºĶçĶ¨	应用
99893	å»ºçŃĳ	建筑
99894	èĤī	肉
99895	æĶ¹éĿ©	改革
99896	åŁºç¡Ģ	基础
99897	æ±ī	汉
99898	åĩºæĿ¥	出来
99899	è¿Ļä¹Ī	这么
99900	åĪļ	刚
99901	åĿĲ	坐
99902	ä¸įä»ħ	不仅
99903	ä¼ļè®®	会议
99904	éĿł	靠
99905	åªĴä½ĵ	媒体
99906	æ°¸	永
99907	åĨ²	冲
99908	èĭı	苏
99909	å¤®	央
99910	çĪ¶	父
99911	åłĤ	堂
99912	å®ŀéĻħ	实际
99913	è¡Ĺ	街
99914	ç«¥	童
99915	éĺħ	阅
99916	äºĭæĥħ	事情
99917	åİŁåĽł	原因
99918	éħ¸	酸
99919	ä»¥æĿ¥	以来
99920	å¨±	娱
99921	å®«	宫
99922	åĿĹ	块
99923	ç»©	绩
99924	éĩİ	野
99925	ä¸įå¾Ĺ	不得
99926	ä¼łå¥ĩ	传奇
99927	ç¡¬	硬
99928	åİħ	厅
99929	æĹ¢	既
99930	ç»ĥ	练
99931	èĦĳ	脑
99932	å¼±	弱
99933	æİĮ	掌
99934	è´´	贴
99935	æĮĤ	挂
99936	åħ³éĶ®	关键
99937	å°ļ	尚
99938	é¥Ń	饭
99939	åºĦ	庄
99940	çĻ¼	發
99941	åľĭ	國
99942	æİĪ	授
99943	ä¸ªæľĪ	个月
99944	äºĪ	予
99945	å¸ģ	币
99946	è·Ŀ	距
99947	æ²ī	沉
99948	ç«Ł	竟
99949	åĨ¬	冬
99950	æĬ½	抽
99951	éĨĴ	醒
99952	å¼Ł	弟
99953	è§¦	触
99954	èģĺ	聘
99955	è±Ĩ	豆
99956	æļ´	暴
99957	åĳĬè¯ī	告诉
99958	è±ª	豪
99959	èµ¢	赢
99960	è·¨	跨
99961	è³ĩ	資
99962	çĪ¸	爸
99963	æĬ±	抱
99964	æµª	浪
99965	éº»	麻
99966	ä»ª	仪
99967	è¡¡	衡
99968	å¥¶	奶
99969	çģ¾	灾
99970	èµ¶	赶
99971	èĤ¥	肥
99972	å§Ĳ	姐
99973	åĢº	债
99974	éľĩ	震
99975	è®¢	订
99976	æ¬Ĭ	權
99978	å»ī	廉
99979	ä¿Ĺ	俗
99980	å¿ĺ	忘
99981	å¦ĩ	妇
99982	ç¼ĵ	缓
99983	åŃķ	孕
99984	æ¼«	漫
99985	è£ģ	裁
99986	çĩĥ	燃
99987	é»ĺ	默
99988	çī¢	牢
99989	çĪ·	爷
99990	æĬµ	抵
99991	å®¾	宾
99992	æľīä¸Ģ	有一
99993	è¿¹	迹
99994	è¿«	迫
99995	è²Į	貌
99996	æľīçļĦ	有的
99998	è¿ĺæĺ¯	还是
99999	æīĢä»¥	所以
100000	ä¹Łæĺ¯	也是
100001	è¿ĻäºĽ	这些
100002	å¯¹äºİ	对于
100003	åĲ§	吧
100004	çĽ®åīį	目前
100005	èĩªå·±çļĦ	自己的
100006	èĥ½å¤Ł	能够
100007	å¦Ĥä½ķ	如何
100008	æľºæŀĦ	机构
100009	åıªæĺ¯	只是
100010	ç½ĳç«Ļ	网站
100011	åħ¨éĿ¢	全面
100012	ä¸ºäºĨ	为了
100013	å¼Ģåıĳ	开发
100014	æĸ°éĹ»	新闻
100015	éĩĳèŀį	金融
100016	ç»§	继
100017	å®¢æĪ·	客户
100018	ä¸Ģèµ·	一起
100019	èĮ¶	茶
100020	åħ³æ³¨	关注
100021	æ°´å¹³	水平
100022	åİĨåı²	历史
100023	å¢ŀéķ¿	增长
100025	åŁºéĩĳ	基金
100026	åºŃ	庭
100027	åı¶	叶
100028	ä¿ĥ	促
100029	éĽ¨	雨
100030	æ¶Īè´¹	消费
100031	èĪ¹	船
100032	çŁ¥è¯Ĩ	知识
100033	æĪĺçķ¥	战略
100034	ç»ıéªĮ	经验
100035	å³°	峰
100036	æĽ²	曲
100037	èĦļ	脚
100038	åĨ°	冰
100039	å¤ı	夏
100040	å½Ĵ	归
100041	ç¬Ķ	笔
100042	èĻĳ	虑
100043	çĶ²	甲
100044	åľĪ	圈
100045	è¯Ĺ	诗
100046	é½Ĳ	齐
100047	å®¹æĺĵ	容易
100048	çłĶåıĳ	研发
100049	éª¨	骨
100050	çº¸	纸
100051	è·µ	践
100052	æĹ§	旧
100053	çķ¶	當
100054	åĪ¸	券
100055	è´·	贷
100056	åı¬	召
100057	ç§ĭ	秋
100058	æ¶²	液
100059	è¡ĮæĶ¿	行政
100060	çĮ®	献
100061	èĤ¤	肤
100062	éĢĲ	逐
100063	è¶ĬæĿ¥	越来
100064	è¶ĬæĿ¥è¶Ĭ	越来越
100065	æĦıè§ģ	意见
100066	èĪŀ	舞
100067	åīĤ	剂
100068	æ¶ī	涉
100069	ç¨ĭåº¦	程度
100070	åħ¬åħ±	公共
100071	æ¢°	械
100072	æľ«	末
100073	çº¯	纯
100074	åĶ±	唱
100075	æ´²	洲
100076	æĬ¢	抢
100077	æ¤į	植
100078	å¿Ļ	忙
100079	ä¼°	估
100080	å¼¹	弹
100081	æ³ī	泉
100082	æľĢå¤§	最大
100083	è¶ĭ	趋
100084	å·§	巧
100085	ç¦ģ	禁
100086	æī¶	扶
100087	åį±	危
100088	çıł	珠
100089	çĨŁ	熟
100090	æĭľ	拜
100091	ä¸»ä¹ī	主义
100092	æĿĤ	杂
100093	éĻĦ	附
100094	éģį	遍
100095	æĲŃ	搭
100096	æĮ¯	振
100097	å¤ļå¹´	多年
100098	æķ¬	敬
100099	æĳĦ	摄
100100	çº·	纷
100101	å¼ĥ	弃
100102	æ¹¿	湿
100103	å¨ĺ	娘
100104	æ¡£	档
100105	é©¶	驶
100106	æľĹ	朗
100107	æ®ĸ	殖
100108	æ¦ľ	榜
100109	åĵ¡	員
100110	ä¸Ģä½ĵ	一体
100111	æŁ¥çľĭ	查看
100112	ç¹ģ	繁
100113	æµĵ	浓
100114	åħ¬å®ī	公安
100115	æ½ľ	潜
100116	è´¯	贯
100117	éªĹ	骗
100118	æĲľ	搜
100119	å·¡	巡
100122	å§Ķä¼ļ	委会
100123	æĤł	悠
100124	åī©	剩
100125	æıŃ	揭
100126	åŃ£åº¦	季度
100131	ä½Ĩæĺ¯	但是
100132	éĥ½æĺ¯	都是
100133	å¹³åı°	平台
100134	åŃ¦ä¹ł	学习
100135	åĵģçīĮ	品牌
100136	ä¸Ķ	且
100137	è¿Ļç§į	这种
100138	æĶ¿çŃĸ	政策
100139	æĭ¬	括
100140	è®¤ä¸º	认为
100141	ä¸ĢèĪ¬	一般
100142	æłĩåĩĨ	标准
100143	æĶ¯æĮģ	支持
100144	æ¨¡å¼ı	模式
100145	åħ³ç³»	关系
100146	çļĦæĺ¯	的是
100147	è¿Ļä¸Ģ	这一
100148	ä¸įè¦ģ	不要
100149	çĶļ	甚
100150	ç²¾ç¥ŀ	精神
100151	æĭ¥	拥
100152	åĪ©çĶ¨	利用
100153	ä¿ĿæĬ¤	保护
100154	ä½ľçĶ¨	作用
100155	èĭ¥	若
100156	åĽ½åĨħ	国内
100157	ä»ĭç»į	介绍
100158	ä¸Ģä¸ĭ	一下
100159	å·¥ä¸ļ	工业
100160	çĽ®æłĩ	目标
100161	æľĢåĲİ	最后
100162	ä»·åĢ¼	价值
100163	å°į	對
100164	éĵģ	铁
100165	è°ģ	谁
100166	ç»ĵæŀĦ	结构
100167	éĽª	雪
100168	æĻºèĥ½	智能
100169	ä¼łç»Ł	传统
100170	ä½ĵèĤ²	体育
100171	çĶŁæĢģ	生态
100172	æĭį	拍
100173	æİª	措
100174	åĨľä¸ļ	农业
100175	çī¹èī²	特色
100176	è§Ħæ¨¡	规模
100177	æĹ¶ä»£	时代
100178	è¿ĩç¨ĭ	过程
100179	éĴĪ	针
100180	æĿ¾	松
100181	åĶĲ	唐
100182	åĮ»çĸĹ	医疗
100183	çģ¯	灯
100184	åĪ¶éĢł	制造
100185	æł¸å¿ĥ	核心
100186	ä¸įåı¯	不可
100187	ç³»åĪĹ	系列
100188	åĲī	吉
100189	åľ£	圣
100190	åĢĳ	們
100191	ä½³	佳
100192	æĿ¥çľĭ	来看
100193	æ¯ĶèµĽ	比赛
100194	ä¸ĭæĿ¥	下来
100195	åĩºäºĨ	出了
100196	å¹²éĥ¨	干部
100197	å¾®ä¿¡	微信
100198	å½ĵåľ°	当地
100199	åį·	卷
100200	åį«çĶŁ	卫生
100201	ä¼Ł	伟
100202	çĸ«æĥħ	疫情
100203	è°·	谷
100204	åĩłä¸ª	几个
100205	éĺ´	阴
100206	çĶŁçī©	生物
100207	å°¤	尤
100208	ä¼Ĭ	伊
100209	èĤ¯	肯
100210	éĿ¢ç§¯	面积
100211	åĪĽéĢł	创造
100212	æı¡	握
100213	åľĨ	圆
100214	æĻĵ	晓
100215	æĪĲäºĨ	成了
100216	åĩ¡	凡
100217	çĸ¾	疾
100218	ç«ŀäºī	竞争
100219	è®¨	讨
100220	ä¸»é¢ĺ	主题
100221	é²ģ	鲁
100222	è¿ª	迪
100223	ä¿Ħ	俄
100224	æĢª	怪
100225	ä¸¦	並
100226	èĻļ	虚
100227	æ½®	潮
100228	çĥ§	烧
100229	èĢ³	耳
100230	æ±ł	池
100231	éĢĤåĲĪ	适合
100232	æł¹æľ¬	根本
100233	åĬłçĽŁ	加盟
100234	çĶµè§Ĩ	电视
100235	æ··	混
100236	ç¼ĺ	缘
100237	çªĹ	窗
100238	çĬ¯	犯
100239	æĥ¯	惯
100240	æĦıä¹ī	意义
100241	åĬŀæ³ķ	办法
100242	ä¼ĳ	休
100243	æ»ĳ	滑
100244	åĭĩ	勇
100245	æķ¢	敢
100246	å¯»	寻
100247	è¦Ĩ	覆
100248	éĢĥ	逃
100249	ç»ıçĲĨ	经理
100250	åĿı	坏
100251	æ³½	泽
100252	ä¹ĺ	乘
100253	åĪº	刺
100254	å±ı	屏
100255	é¡¿	顿
100256	äº¡	亡
100257	éĤĢ	邀
100258	åħ¼	兼
100259	åĭ¤	勤
100260	æ®ĭ	残
100261	æĺł	映
100262	æ¯ķä¸ļ	毕业
100263	æĪª	截
100264	è·Į	跌
100265	å£ģ	壁
100266	åı¦ä¸Ģ	另一
100267	çľŁå®ŀ	真实
100268	ç£¨	磨
100269	è¯ļ	诚
100270	å¿ħè¦ģ	必要
100271	æģĭ	恋
100272	æĩĤ	懂
100273	å¾Ĵ	徒
100274	è°ĵ	谓
100275	æķı	敏
100276	æĻ¨	晨
100277	èĥ¸	胸
100278	æĭ¼	拼
100279	å¦Ļ	妙
100280	è¯¸	诸
100281	èģĬ	聊
100282	æĤī	悉
100283	éº¼	麼
100284	åĩŃ	凭
100285	èĪĴ	舒
100286	æ¶Ĥ	涂
100287	è¿ģ	迁
100288	æ²¿	沿
100289	å¡ĳ	塑
100290	æĽ¿	替
100291	æ¾³	澳
100292	å¿į	忍
100293	èĢĹ	耗
100294	éľ¸	霸
100295	åĩłå¹´	几年
100296	åĪĬ	刊
100297	èĦī	脉
100298	èħĲ	腐
100299	æ¡Į	桌
100300	çºł	纠
100301	æ»ļ	滚
100302	æĤ²	悲
100303	åĨĴ	冒
100304	å¦¹	妹
100305	çķħ	畅
100306	çºµ	纵
100307	æĳĩ	摇
100308	å¤º	夺
100309	è·¯ä¸Ĭ	路上
100310	å¿½	忽
100311	èĸª	薪
100312	æģĲ	恐
100313	æĦıæĢĿ	意思
100314	å«Į	嫌
100315	æı´	援
100316	æ°§	氧
100317	èĢĢ	耀
100318	éĺ»	阻
100319	è½¨	轨
100320	å¹»	幻
100321	æįķ	捕
100322	åĿ¦	坦
100323	åĵĪåĵĪ	哈哈
100324	çĭĲ	狐
100325	æ»¨	滨
100326	è²»	費
100327	è¿Ł	迟
100328	äººéĥ½	人都
100329	ç»ĺ	绘
100330	åı¹	叹
100331	çµĲ	結
100332	æī°	扰
100333	æ»ĭ	滋
100334	å¥ĳ	契
100335	åĭŁ	募
100336	ç¢º	確
100338	éĽĨåĽ¢	集团
100339	æĿİ	李
100340	å¼Ģå±ķ	开展
100341	æıĲåįĩ	提升
100342	åħ¨åĽ½	全国
100343	æ±½è½¦	汽车
100344	åŃ¦æł¡	学校
100345	æł¹æį®	根据
100346	è¿Ļæĺ¯	这是
100347	åĩºçİ°	出现
100348	éĻĪ	陈
100349	ç½Ĺ	罗
100350	èİ·å¾Ĺ	获得
100351	åĪĺ	刘
100352	éĶĢåĶ®	销售
100353	æľªæĿ¥	未来
100354	éľĢæ±Ĥ	需求
100355	å®ŀæĸ½	实施
100356	åĿļæĮģ	坚持
100357	åħ¨çĲĥ	全球
100358	éĵ¶è¡Į	银行
100359	æİ§åĪ¶	控制
100360	é¡»	须
100361	åľ°åĮº	地区
100362	æīĵéĢł	打造
100363	çļĦè¯Ŀ	的话
100364	å¸®åĬ©	帮助
100365	ä½ĵç³»	体系
100366	è¾¾åĪ°	达到
100367	è§ĦåĪĴ	规划
100368	åŁ¹è®Ń	培训
100369	ä¸¤ä¸ª	两个
100370	æĬ¥åĳĬ	报告
100371	åľ°æĸ¹	地方
100372	å®Įåħ¨	完全
100373	æİī	掉
100374	ç»ĵåĲĪ	结合
100375	å®£ä¼ł	宣传
100376	æ³ķå¾ĭ	法律
100377	èīºæľ¯	艺术
100378	çĶµå½±	电影
100379	èªª	說
100380	ä¸ĢçĤ¹	一点
100381	è¶ħè¿ĩ	超过
100382	çĶµåŃĲ	电子
100383	æĢĿæĥ³	思想
100384	æķĻåŃ¦	教学
100385	éĺ¶æ®µ	阶段
100386	åķĨä¸ļ	商业
100387	çī©æµģ	物流
100388	åĪĽä¸ļ	创业
100389	æĸ¹æ¡Ī	方案
100390	çİ°ä»£	现代
100391	æ¡¥	桥
100392	èĲ½å®ŀ	落实
100393	å¸¦æĿ¥	带来
100394	äº§çĶŁ	产生
100395	ç§Ģ	秀
100396	æ³°	泰
100397	ä¹±	乱
100398	åħ·ä½ĵ	具体
100399	åĸĿ	喝
100400	èĵĿ	蓝
100401	å®Ĺ	宗
100402	åįĩçº§	升级
100403	æ·±åħ¥	深入
100404	ä¿ĿéĻ©	保险
100405	ç®Ģåįķ	简单
100406	çĹĽ	痛
100407	ç¨³å®ļ	稳定
100408	è¾Ĩ	辆
100409	å±ŀäºİ	属于
100410	å·Ŀ	川
100411	ä¸įå°ĳ	不少
100412	åĴ¨	咨
100413	ä¸ľè¥¿	东西
100414	å½¢å¼ı	形式
100415	å¨±ä¹Ĳ	娱乐
100416	æŃ£å¸¸	正常
100417	é¸¡	鸡
100418	åħħåĪĨ	充分
100419	å®ŀè·µ	实践
100420	éĩĮéĿ¢	里面
100421	è·³	跳
100422	èĻİ	虎
100423	æĪĲéķ¿	成长
100424	æļĹ	暗
100425	çĿ¡	睡
100426	ç½ª	罪
100427	çĲĨå¿µ	理念
100428	æĮĳ	挑
100429	èµĦæľ¬	资本
100430	å¤ļå°ĳ	多少
100431	ä¸ĭéĿ¢	下面
100432	å¸Ŀ	帝
100433	åħ¬å¼Ģ	公开
100434	æ¸Ĳ	渐
100435	éķ·	長
100436	å±ĭ	屋
100437	æ¬¢è¿İ	欢迎
100438	å¿ĥçĲĨ	心理
100439	çĤİ	炎
100440	æ¹¾	湾
100441	è®ĵ	讓
100442	éĤĦ	還
100443	ç³ĸ	糖
100444	ä¹Į	乌
100445	åĬ±	励
100446	çīĻ	牙
100447	èħ¿	腿
100448	å²Ĺ	岗
100449	ä¼į	伍
100450	æĪĲåĳĺ	成员
100451	åŃĶ	孔
100452	å°ıç¼ĸ	小编
100453	èĳ£	董
100454	æ³¡	泡
100455	åħĪè¿Ľ	先进
100456	åħ§	內
100457	åĺ´	嘴
100458	è´Ŀ	贝
100460	æĲŀ	搞
100461	æ³Ľ	泛
100462	é¸Ł	鸟
100463	ç½²	署
100464	èĽĭ	蛋
100465	ä¸»ä»»	主任
100466	çĽ®çļĦ	目的
100467	ä¹ı	乏
100468	æ´¥	津
100469	æĪ´	戴
100470	ä¸¥æł¼	严格
100471	çħ¤	煤
100472	çĮ«	猫
100473	åĶ¯	唯
100474	å°Ĭ	尊
100475	çĶľ	甜
100476	åŀĥ	垃
100477	åľ¾	圾
100478	æĭŁ	拟
100479	çĦ¦	焦
100480	é«Ķ	體
100481	å®ı	宏
100482	æ©Ł	機
100483	é©»	驻
100484	æĹģ	旁
100485	å½»	彻
100486	éĥ½ä¸į	都不
100487	æĳ©	摩
100488	ä»ĵ	仓
100489	ä¹³	乳
100490	å²¸	岸
100491	è°ĭ	谋
100492	å¤§å¤ļ	大多
100493	çģŃ	灭
100494	èħ¾	腾
100495	æŁľ	柜
100496	èĪį	舍
100497	åħļçļĦ	党的
100498	å°ĺ	尘
100499	åįģå¹´	十年
100500	æĭĴ	拒
100501	è£¡	裡
100502	æŁĶ	柔
100503	å¹¼	幼
100504	éĶģ	锁
100505	ä¸ĵé¡¹	专项
100506	æīİ	扎
100507	é©¾é©¶	驾驶
100508	ç¢İ	碎
100509	è¢ĭ	袋
100510	éĶĭ	锋
100511	å£®	壮
100512	å°ĸ	尖
100513	çĶµæ±ł	电池
100514	è¿Ķ	返
100515	æ¼ı	漏
100516	å¾ª	循
100517	èıĮ	菌
100518	èĥĥ	胃
100519	è¾ħ	辅
100520	éĢĴ	递
100521	èĥİ	胎
100522	éĻª	陪
100523	å¯¿	寿
100524	å¥Ķ	奔
100525	çĮĽ	猛
100526	çº¹	纹
100527	çŁ¥åĲį	知名
100528	å¿Ĩ	忆
100529	æ¡ĥ	桃
100530	æ£ĭ	棋
100531	éĢĨ	逆
100532	çĤ¼	炼
100533	ç±į	籍
100534	çī§	牧
100535	æł·çļĦ	样的
100536	è¾Ľ	辛
100537	åłĨ	堆
100538	å®ŀåľ¨	实在
100539	ä¼ı	伏
100540	å®¿	宿
100541	èµı	赏
100542	è£Ĥ	裂
100543	åįĬå¹´	半年
100544	åĢ¾	倾
100545	æ»¡æĦı	满意
100546	æ¢¯	梯
100547	æĦıåĳ³	意味
100548	åŃ¤	孤
100549	ç¥Ŀ	祝
100550	æĻ¶	晶
100551	èµĶ	赔
100552	åģ¿	偿
100553	èĦĤ	脂
100554	ç½ļ	罚
100555	ç¢į	碍
100556	æ²ĥ	沃
100557	æĵį	操
100558	å´ĩ	崇
100559	æļĤ	暂
100560	è·ĥ	跃
100561	æĲ¬	搬
100562	å©Ĩ	婆
100564	éī´	鉴
100565	åħ´è¶£	兴趣
100566	èĲ¥ä¸ļ	营业
100567	è®Ĭ	變
100568	èĦı	脏
100569	è¾Ī	辈
100570	å·ŀå¸Ĥ	州市
100571	è´«åĽ°	贫困
100572	ç©·	穷
100573	ä¸Ńå°ı	中小
100574	æ¼Ĥ	漂
100575	çĻĮ	癌
100576	èľľ	蜜
100577	ä¼Ļä¼´	伙伴
100578	çīµ	牵
100579	æĤŁ	悟
100580	éĻ·	陷
100581	èµĽåŃ£	赛季
100582	æ¨£	樣
100583	åģ¶	偶
100584	æĺĨ	昆
100585	è¢Ń	袭
100586	æįĲ	捐
100587	èī°	艰
100588	æĤ¬	悬
100589	çĶ¢	產
100590	èĳ¡	葡
100591	çĽĹ	盗
100592	å©´	婴
100593	å°İ	導
100594	çº½	纽
100595	åĢ¡	倡
100596	æī®	扮
100597	è¨Ń	設
100598	æĬĳ	抑
100599	ç¡ķ	硕
100600	è¾ĸ	辖
100601	éĥģ	郁
100602	è¾©	辩
100603	éĤ»	邻
100604	çİ°åĩº	现出
100605	è¦ı	規
100606	å½¹	役
100607	éĺĶ	阔
100608	åīµ	創
100609	è¯±	诱
100610	æĥĳ	惑
100611	æ·Ģ	淀
100612	é¢Ī	颈
100613	ä¾¦	侦
100614	æģ°	恰
100615	æ£Ģå¯Ł	检察
100616	éĨ«	醫
100617	çĦ¶æĺ¯	然是
100618	åĭĥ	勃
100619	èĮ«	茫
100622	ä½ľä¸º	作为
100623	çļĦäºº	的人
100624	éĤ£ä¹Ī	那么
100625	ç¾İåĽ½	美国
100626	è¿ĺæľī	还有
100627	æıĲé«ĺ	提高
100628	èĻ½	虽
100629	åħ·æľī	具有
100630	åĮħæĭ¬	包括
100631	æĪĸèĢħ	或者
100632	ä¸įè¿ĩ	不过
100633	ä¸Ĭæµ·	上海
100634	åĮ»éĻ¢	医院
100635	èµĦéĩĳ	资金
100636	çĶļèĩ³	甚至
100637	åĪ¶åº¦	制度
100638	è§£åĨ³	解决
100639	èģĶç½ĳ	联网
100640	ç»§ç»Ń	继续
100641	å»ºç«ĭ	建立
100642	è¿Ľä¸ĢæŃ¥	进一步
100643	æĿĲæĸĻ	材料
100644	ä»Ĭå¤©	今天
100645	å¿ħé¡»	必须
100646	åĲĦç§į	各种
100647	çİ°åľº	现场
100648	ä»ĸçļĦ	他的
100649	å¢ŀåĬł	增加
100650	é¢ĨåŁŁ	领域
100651	åıĤä¸İ	参与
100652	æĮģç»Ń	持续
100653	ä¹ĭä¸Ģ	之一
100654	çī¹åĪ«	特别
100655	é±¼	鱼
100656	åħ±åĲĮ	共同
100657	åĬª	努
100658	çİī	玉
100659	äººä»¬	人们
100660	åħĪçĶŁ	先生
100661	ä¼ĺåĬ¿	优势
100662	ä¿ĿæĮģ	保持
100663	ä½ľåĵģ	作品
100664	çīĽ	牛
100665	æĪĲæľ¬	成本
100666	æĶ¶åħ¥	收入
100667	åıĬæĹ¶	及时
100668	è´Łè´£	负责
100669	æİ¥åıĹ	接受
100670	èįĲ	荐
100671	åıªè¦ģ	只要
100672	çľŁçļĦ	真的
100673	å¯¼èĩ´	导致
100674	æľºåĪ¶	机制
100675	è¡ĮåĬ¨	行动
100676	æĸ°çļĦ	新的
100677	å®ĮåĸĦ	完善
100678	ä¸ºä»Ģä¹Ī	为什么
100679	ä¸Ńå¤®	中央
100680	æĪĲç«ĭ	成立
100681	æĦŁè§ī	感觉
100682	åıĺåĮĸ	变化
100683	åıĹåĪ°	受到
100684	å¹¶ä¸į	并不
100685	åŃĻ	孙
100686	æĸ½å·¥	施工
100687	æĺİæĺ¾	明显
100688	è¿ĩåİ»	过去
100689	åıĳæĮ¥	发挥
100690	çľŁæŃ£	真正
100691	åŁºåľ°	基地
100692	æĺİç¡®	明确
100693	èĥ¡	胡
100694	è®¸å¤ļ	许多
100695	ä¸Ģå¹´	一年
100696	æĸ¹åĲĳ	方向
100697	æģ©	恩
100698	çĽ¸ä¿¡	相信
100699	åľ³	圳
100700	è¯¦ç»Ĩ	详细
100701	äºĭä¸ļ	事业
100702	çĶŁåĳ½	生命
100703	åĴ¨è¯¢	咨询
100704	æĸĩæĺİ	文明
100705	çĳŀ	瑞
100706	ç»¿èī²	绿色
100707	èİ«	莫
100708	æĦıè¯Ĩ	意识
100709	æĬķåħ¥	投入
100710	åĬłå¿«	加快
100711	æ¢ħ	梅
100712	ç¿»	翻
100713	å¼ĢæĶ¾	开放
100714	æĻ®éĢļ	普通
100715	åįıä¼ļ	协会
100716	æĪĲç»©	成绩
100717	ä»Ļ	仙
100718	å¯Ĵ	寒
100719	è¯ģåĪ¸	证券
100720	è®¤è¯Ĩ	认识
100721	ä¸¹	丹
100722	å¤§éĩı	大量
100723	è¿ħ	迅
100724	åģļåĪ°	做到
100725	è®¾æĸ½	设施
100726	è´¸æĺĵ	贸易
100727	èĥ½æºĲ	能源
100728	æĹ¶æľŁ	时期
100729	ä¸Ģå¤©	一天
100730	æ²»çĲĨ	治理
100731	åĺī	嘉
100732	å®ĩ	宇
100733	ä¸°å¯Į	丰富
100734	ä¸¾è¡Į	举行
100735	æĪĲæŀľ	成果
100736	èĤ¯å®ļ	肯定
100737	çĭĹ	狗
100738	åĬ¨åĬĽ	动力
100739	æ£®	森
100740	åĩłä¹İ	几乎
100741	åĽłç´ł	因素
100742	æ°ĳæĹı	民族
100743	æ´ŀ	洞
100744	ç½ĳåıĭ	网友
100745	åĲĪçĲĨ	合理
100746	å¹¿å¤§	广大
100747	æ®Ĭ	殊
100748	æ´Ľ	洛
100749	æĿ¯	杯
100750	èĴĻ	蒙
100751	çĶ¨äºİ	用于
100752	èŀįèµĦ	融资
100753	ç¥ĸ	祖
100754	æľºæ¢°	机械
100755	ä¸¾åĬŀ	举办
100756	èĩªåĬ¨	自动
100757	åĬŀåħ¬	办公
100758	é»ŀ	點
100759	éĽĦ	雄
100760	åĢ¼å¾Ĺ	值得
100761	çĮª	猪
100762	ä»¥ä¸º	以为
100763	æĺĮ	昌
100764	è·Ŀç¦»	距离
100765	åĲ¸å¼ķ	吸引
100766	ç»ķ	绕
100767	éļĨ	隆
100768	è®¡ç®Ĺ	计算
100769	éĺŁä¼į	队伍
100770	å¤§ä¼ļ	大会
100771	å¼ķèµ·	引起
100772	çī¹çĤ¹	特点
100773	èĥ¶	胶
100774	å¹´è½»	年轻
100775	æľ¬èº«	本身
100776	æľºåħ³	机关
100777	å®ĺæĸ¹	官方
100778	éĥĳ	郑
100779	æµĻ	浙
100780	è§Ĵèī²	角色
100781	èĳ£äºĭ	董事
100782	ä¸ºä¸»	为主
100783	æĹłè®º	无论
100784	ä¹łæĥ¯	习惯
100785	æ¥ļ	楚
100786	æĭĵ	拓
100787	ç»Łè®¡	统计
100788	åħĦ	兄
100789	å¹¿æ³Ľ	广泛
100790	åįĢ	區
100791	æ±¡æŁĵ	污染
100792	è«ĭ	請
100793	èĬĤçĽ®	节目
100794	ä¼¦	伦
100795	è¦ĨçĽĸ	覆盖
100796	èĢĲ	耐
100797	æī¶è´«	扶贫
100798	ç»ıåİĨ	经历
100799	éĩįè¦ģçļĦ	重要的
100800	èĤ¡ä¸ľ	股东
100801	æĭĽèģĺ	招聘
100802	åĽĽä¸ª	四个
100803	æĩī	應
100804	èĥŀ	胞
100805	æĳĨ	摆
100806	é«ĺéĢŁ	高速
100807	éº¦	麦
100808	åİŁåĪĻ	原则
100809	èİ±	莱
100810	æĽ´å¥½	更好
100811	éķľ	镜
100812	åĩĮ	凌
100813	åŀĥåľ¾	垃圾
100814	éĢ²	進
100815	çģ°	灰
100816	éĵº	铺
100817	äºĭæķħ	事故
100818	çĶĺ	甘
100819	ç©ºæ°Ķ	空气
100820	é¾Ħ	龄
100821	èı²	菲
100822	çĵ¶	瓶
100823	æĺ¨	昨
100824	æĹ¥æĬ¥	日报
100825	æµ®	浮
100826	åľ°åĽ¾	地图
100827	åĳĪ	呈
100828	å¤§åĬĽ	大力
100829	ç»ª	绪
100830	å¸ħ	帅
100831	æľįåĭĻ	服務
100832	ä¸įéĶĻ	不错
100833	ä¹¡æĿĳ	乡村
100834	å±¥	履
100835	å¹³æĸ¹	平方
100836	éĹ²	闲
100837	æī£	扣
100838	ç´łè´¨	素质
100839	èµ´	赴
100840	éģŃ	遭
100841	èĲ¨	萨
100842	èĩªä¸»	自主
100843	éĩĳå±ŀ	金属
100844	èī¯å¥½	良好
100845	ä¸¤å¹´	两年
100846	æ³¥	泥
100847	é¢ľ	颜
100848	ç²¾å½©	精彩
100849	ä¸Ńåįİ	中华
100850	æĻĭ	晋
100851	ä¹łè¿ĳ	习近
100852	ä¹łè¿ĳå¹³	习近平
100853	æĪĺå£«	战士
100854	åģļçļĦ	做的
100855	éªĳ	骑
100856	æ»´	滴
100857	çĵľ	瓜
100858	çīĪæĿĥ	版权
100859	èĤł	肠
100860	æľĥåĵ¡	會員
100861	çıį	珍
100862	ç¨®	種
100863	ä»¿	仿
100864	çī©ä¸ļ	物业
100865	åĢĭäºº	個人
100866	å¦»	妻
100867	ä¼¸	伸
100868	æ±Ĺ	汗
100869	æĹº	旺
100870	çĲĨæĥ³	理想
100871	æĳ¸	摸
100872	è¿Ŀæ³ķ	违法
100873	å®Įæķ´	完整
100874	åİ¦	厦
100875	è¸ı	踏
100876	æĸĳ	斑
100877	æ¡Ĥ	桂
100878	ä½ĵåĪ¶	体制
100879	å¸«	師
100880	æĿĨ	杆
100881	æ®¿	殿
100882	æ¯ģ	毁
100883	é¦Ī	馈
100884	è§Ĵåº¦	角度
100885	æ¬£	欣
100886	çĥ¦	烦
100887	èĤº	肺
100888	éĩĩè®¿	采访
100889	æĳĺ	摘
100890	æĮ¡	挡
100891	æ·ĺ	淘
100892	åħ»èĢģ	养老
100893	çĤ¸	炸
100894	è¿Ī	迈
100895	åİī	厉
100896	åĿĬ	坊
100897	è¾£	辣
100898	åĩĿ	凝
100899	æ³ª	泪
100900	çĸı	疏
100901	æİĺ	掘
100902	åĥıæĺ¯	像是
100903	éĽķ	雕
100904	ç¼Ŀ	缝
100905	èį·	荷
100906	æį·	捷
100907	åł¡	堡
100908	åı¥è¯Ŀ	句话
100909	çĸ¼	疼
100910	æłı	栏
100911	éģµ	遵
100912	ç¢³	碳
100913	å·¥åķĨ	工商
100914	æĲº	携
100915	åĪ¥	別
100916	ä¹Ļ	乙
100917	æĹĭ	旋
100918	æĥľ	惜
100919	ä¸Ģå¤§	一大
100920	å±Ĥæ¬¡	层次
100921	èµĸ	赖
100922	æĬ¬	抬
100923	æ¨Ĥ	樂
100924	è¯ŀ	诞
100925	åħĴ	兒
100926	ç¯®	篮
100927	èĤĥ	肃
100928	å§¿	姿
100929	æĬļ	抚
100930	çĵ·	瓷
100931	çĶµåĬ¨	电动
100932	æĸ°åĨł	新冠
100933	æ¶µ	涵
100934	ç¢ĳ	碑
100935	æ·®	淮
100936	æĹ¨	旨
100937	è¸ª	踪
100938	æ¸Ķ	渔
100939	æĦĪ	愈
100940	åıĶ	叔
100941	åįĹçľģ	南省
100942	ç¾©	義
100943	å§Ķä¹¦è®°	委书记
100944	è²¸	貸
100945	æ¶Į	涌
100946	è«ĸ	論
100947	èĲĦ	萄
100948	æıı	描
100949	å¿§	忧
100950	è¾¦	辦
100951	å¦Ĩ	妆
100952	æīŃ	扭
100953	åĳµ	呵
100954	éģ¥	遥
100955	è¨±	許
100956	ä»ĩ	仇
100957	åįģä¸ī	十三
100958	åī²	割
100959	èªį	認
100960	èĪ°	舰
100961	é¢ĩ	颇
100962	é¥±	饱
100963	çĭł	狠
100964	é«ĺçļĦ	高的
100965	çµ±	統
100966	æħİ	慎
100967	é¢ģ	颁
100968	åĲĪéĢĤ	合适
100969	æµ´	浴
100970	èµĭ	赋
100971	æĬ¼	押
100972	å¦¥	妥
100973	éĻ¢éķ¿	院长
100974	èĢķ	耕
100975	è¾¨	辨
100976	æħ°	慰
100977	åįģåĽĽ	十四
100978	æľµ	朵
100979	èĵĦ	蓄
100980	æŀ¢	枢
100981	å»·	廷
100982	æĤĦ	悄
100983	æ¶¯	涯
100984	çŁ©	矩
100985	åŃĲéĩĮ	子里
100986	çĬ¹	犹
100987	å±Ģéķ¿	局长
100989	å¥ł	奠
100990	ä¼ļéķ¿	会长
100991	æĵļ	據
100992	ä¸įåıĬ	不及
100993	åįģä¹Ŀ	十九
100994	æ¬º	欺
100995	èºº	躺
100996	éĺĲ	阐
100997	çºĮ	續
100998	è¨»	註
100999	åĨĬ	冊
101000	èŃĺ	識
101001	é«ĺçŃī	高等
101002	èħº	腺
101003	å¤ķ	夕
101004	ç»ĳ	绑
101005	åĶ¤	唤
101006	èķ´	蕴
101007	çķľ	畜
101008	æħĭ	態
101009	åıĻ	叙
101010	åıĥ	參
101011	å³¡	峡
101012	äººå¤§	人大
101013	éħ¿	酿
101014	éģ©	適
101015	å¥¢	奢
101016	åı£æ°Ķ	口气
101017	éĮĦ	錄
101019	åĭĺ	勘
101020	è´¿	贿
101021	éļª	險
101023	éļ¶	隶
101034	ä»¥åıĬ	以及
101035	æľīéĻĲ	有限
101036	åĳ¢	呢
101037	åĲĹ	吗
101038	çľĭåĪ°	看到
101039	è®¡åĪĴ	计划
101040	è¿Ľåħ¥	进入
101041	çĽ´æİ¥	直接
101042	åĪĨæŀĲ	分析
101043	åıªæľī	只有
101044	è®¾å¤ĩ	设备
101045	åħ¶å®ŀ	其实
101046	åĬłå¼º	加强
101047	ä¸ŃçļĦ	中的
101048	ä¿Ŀéļľ	保障
101049	èĢģå¸Ī	老师
101050	äººæīį	人才
101051	å¾ĹåĪ°	得到
101052	é£İéĻ©	风险
101053	ä¸Ģç§į	一种
101054	ç©ºéĹ´	空间
101055	æĪĳåĽ½	我国
101056	ä¹ĭåīį	之前
101057	ä¸ĵå®¶	专家
101058	æĿ¨	杨
101059	æĹ¥æľ¬	日本
101060	ç¾¤ä¼Ĺ	群众
101061	åıĤåĬł	参加
101062	æķĪæŀľ	效果
101063	æľīåħ³	有关
101064	å®¶åºŃ	家庭
101065	åĮºåŁŁ	区域
101066	åĬªåĬĽ	努力
101067	éļıçĿĢ	随着
101068	æĹłæ³ķ	无法
101069	äº¤æµģ	交流
101070	è¡Įä¸º	行为
101071	æ£ĢæŁ¥	检查
101072	æľŁéĹ´	期间
101073	å¦ĤæŃ¤	如此
101074	èĤ¡ä»½	股份
101075	å½ĵæĹ¶	当时
101076	è£ħå¤ĩ	装备
101077	åĩĨå¤ĩ	准备
101078	éħĴåºĹ	酒店
101079	è¿ĲåĬ¨	运动
101080	æıĲåĩº	提出
101081	å·¦åı³	左右
101082	æİªæĸ½	措施
101083	é£Łåĵģ	食品
101084	æ¶Īè´¹èĢħ	消费者
101085	åŃ¦éĻ¢	学院
101086	æĮĩå¯¼	指导
101087	è¿ĲèĲ¥	运营
101088	éĩįå¤§	重大
101089	åĨľæĿĳ	农村
101090	éĢłæĪĲ	造成
101091	æĶ¿æ²»	政治
101092	éĴĪå¯¹	针对
101093	æŃ£å¼ı	正式
101094	åıĸå¾Ĺ	取得
101095	éĤ£ä¸ª	那个
101096	éĽĨä¸Ń	集中
101097	åıªèĥ½	只能
101098	å¿«éĢŁ	快速
101099	èº«ä½ĵ	身体
101100	åħļåĳĺ	党员
101101	èģĶåĲĪ	联合
101102	åĬĽéĩı	力量
101103	éĥ½æľī	都有
101104	æħ§	慧
101105	å¡Ķ	塔
101106	åĪ«äºº	别人
101107	è¡¨çİ°	表现
101108	æķħäºĭ	故事
101109	ä¸ĢåĪĩ	一切
101110	å°ĩ	將
101111	èµĦæĸĻ	资料
101112	åŁ¹åħ»	培养
101113	éĺħè¯»	阅读
101114	æľīäºº	有人
101115	èĲ¥éĶĢ	营销
101116	çĽĳçĿ£	监督
101117	çİ¯ä¿Ŀ	环保
101118	èĢĥèĻĳ	考虑
101119	æ·±åľ³	深圳
101120	ä¸¥éĩį	严重
101121	èĮĥåĽ´	范围
101122	å§Ķåĳĺ	委员
101123	çĽĳç®¡	监管
101124	ä¸īä¸ª	三个
101125	è£ħä¿®	装修
101126	åħ¬éĩĮ	公里
101127	åĪĨåĪ«	分别
101128	çĲĨè§£	理解
101129	éŁ©	韩
101130	åĬłå·¥	加工
101131	è®¤çľŁ	认真
101132	ä¸įå¥½	不好
101133	åİ»å¹´	去年
101134	éĻįä½İ	降低
101135	æľºä¼ļ	机会
101136	åįıè®®	协议
101137	ç¬¦åĲĪ	符合
101138	å¢ŀå¼º	增强
101139	æĬĢèĥ½	技能
101140	é¦ĸåħĪ	首先
101141	ç§¦	秦
101142	ä¸ģ	丁
101143	å°¾	尾
101144	æľīäºĨ	有了
101145	åľ°äº§	地产
101146	æ¸ł	渠
101147	æĸ¹ä¾¿	方便
101148	ç§»åĬ¨	移动
101149	éĢŁåº¦	速度
101150	å°¤åħ¶	尤其
101151	éĢļçŁ¥	通知
101152	åĿĽ	坛
101153	éģ¿åħį	避免
101154	æģ¢	恢
101155	è´¡	贡
101156	èģĮå·¥	职工
101157	å®ŀåĬĽ	实力
101158	æĺ¯ä¸Ģç§į	是一种
101159	åĲ¯åĬ¨	启动
101160	çĸ¾çĹħ	疾病
101161	æĿ¥äºĨ	来了
101162	çĽ¸å¯¹	相对
101163	çİ°å®ŀ	现实
101164	èŀįåĲĪ	融合
101165	åĲĮæł·	同样
101166	åħ¬åĳĬ	公告
101167	çī¹æ®Ĭ	特殊
101168	ç´«	紫
101169	ä¸ĭåİ»	下去
101170	ä¼łæĴŃ	传播
101171	æľĢå¥½	最好
101172	ä¼ĺè´¨	优质
101173	æ²Ĵ	沒
101174	æĮº	挺
101175	æĹ¦	旦
101176	è¯º	诺
101177	ä¸ĢåĲį	一名
101178	éģĵè·¯	道路
101179	ç¤ºèĮĥ	示范
101180	è¿ĩæĿ¥	过来
101181	åĲĮåŃ¦	同学
101182	é¼ĵ	鼓
101183	æĿŃ	杭
101184	æľ¬æ¬¡	本次
101185	åĲĮæĦı	同意
101186	ä¸ĸçºª	世纪
101187	ç¾Ĭ	羊
101188	æ¬²	欲
101189	å·¥èīº	工艺
101190	çĵ¦	瓦
101191	äººå£«	人士
101192	æľīæīĢ	有所
101193	ä»İäºĭ	从事
101194	æľīå¾Īå¤ļ	有很多
101195	ä¸įäºĨ	不了
101196	å²Ĺä½į	岗位
101197	åıĺå¾Ĺ	变得
101198	åĬ³åĬ¨	劳动
101199	å¤Ħäºİ	处于
101200	å¹³åĿĩ	平均
101201	å½¢è±¡	形象
101202	å¡ŀ	塞
101203	åħ±äº«	共享
101204	çĿĽ	睛
101205	åĪ©æ¶¦	利润
101206	æŃ£æĺ¯	正是
101207	å¾Ģå¾Ģ	往往
101208	çĽ¸æ¯Ķ	相比
101209	æ¨ª	横
101210	åĪ·	刷
101211	æµĻæ±Ł	浙江
101212	å¤§éĥ¨åĪĨ	大部分
101213	å¤ļä¸ª	多个
101214	æĤ¨çļĦ	您的
101215	çĶµåķĨ	电商
101216	å¾®åįļ	微博
101217	å§ĭç»Ī	始终
101218	çĬ¯ç½ª	犯罪
101219	æĺ¯åľ¨	是在
101220	ç»ĦåĲĪ	组合
101221	åİŁæĿ¥	原来
101222	æ¸ħæ¥ļ	清楚
101223	åĲĦåľ°	各地
101224	æĦŁåıĹ	感受
101225	å½ĵä¸Ń	当中
101226	è¶ĭåĬ¿	趋势
101227	æĻ¯åĮº	景区
101228	çľŁæĺ¯	真是
101229	ä¾ĽåºĶ	供应
101230	è½¬åŀĭ	转型
101231	çĭĤ	狂
101232	èĨľ	膜
101233	èĭĹ	苗
101234	å¿ł	忠
101235	å¾Īå¤§	很大
101236	èĤ¡æĿĥ	股权
101237	ç¾İåħĥ	美元
101238	æİĴåĲį	排名
101239	åĬ¨çī©	动物
101240	éĶħ	锅
101241	å¢¨	墨
101242	ä¸»å¸Ń	主席
101243	å¾Īå¥½	很好
101244	ç»Ŀå¯¹	绝对
101245	æĿľ	杜
101246	è½¬è½½	转载
101247	çĴĥ	璃
101248	æĿĳæ°ĳ	村民
101249	åĲ¨	吨
101250	åĽŃåĮº	园区
101251	é«ĺåº¦	高度
101252	çī©è´¨	物质
101253	è¾ī	辉
101254	æĹ¥å¸¸	日常
101255	æıĴ	插
101256	ä¸īå¹´	三年
101257	ä½ĵçİ°	体现
101258	æīįæĺ¯	才是
101259	ä»£çĲĨ	代理
101260	ä¸įç®¡	不管
101261	æģĴ	恒
101262	åľ°ä½į	地位
101263	ç²®	粮
101264	èĸĦ	薄
101265	æĺİçĻ½	明白
101266	ä¸Ģèĩ´	一致
101267	æĽ¼	曼
101268	åĵŃ	哭
101269	åĩ¤	凤
101270	åĬ²	劲
101271	æķĮ	敌
101272	æĪĺæĸĹ	战斗
101273	ä¸»ä½ĵ	主体
101274	åħ¬å¸ĥ	公布
101275	åıĤèĢĥ	参考
101276	èĪªç©º	航空
101277	å¯º	寺
101278	åŃ¦ä¼ļ	学会
101279	åıįæĺł	反映
101280	ç¾İä¸½	美丽
101281	å¤ªéĺ³	太阳
101282	å»ºæĪĲ	建成
101283	æħ¢æħ¢	慢慢
101284	åĲĦä¸ª	各个
101285	éĤ¦	邦
101286	ç»ĦæĪĲ	组成
101287	ä¸īå¤§	三大
101288	éĶ¦	锦
101289	å¤§å¤ļæķ°	大多数
101290	æ¦Ĥå¿µ	概念
101291	éŃĤ	魂
101292	åħ¬çĽĬ	公益
101293	èįĴ	荒
101294	èº«ä»½	身份
101295	æ·±åĪ»	深刻
101296	åħ©	兩
101297	ç»ıåħ¸	经典
101298	åĲĦé¡¹	各项
101299	èĻķ	處
101300	è¿ĽæŃ¥	进步
101301	åįģäºĮ	十二
101302	æī§æ³ķ	执法
101303	æĥ³åĪ°	想到
101304	æĦŁæŁĵ	感染
101305	åķĨåĬ¡	商务
101306	å°ıç»Ħ	小组
101307	èĶ¬	蔬
101308	çıŃåŃĲ	班子
101309	åĲĮå¿Ĺ	同志
101310	éĿ¢ä¸´	面临
101311	çĤĴ	炒
101312	å¤ļç§į	多种
101313	è§ĤçĤ¹	观点
101314	åĵªéĩĮ	哪里
101315	å°Ŀ	尝
101316	å§Ĩ	姆
101317	èħ¹	腹
101318	åŁİåĮº	城区
101319	å¤ªå¤ļ	太多
101320	çĹħæ¯Ĵ	病毒
101321	åľ¨äºİ	在于
101322	æīĢè°ĵ	所谓
101323	æĻ°	晰
101324	æŀĿ	枝
101325	æĭĸ	拖
101326	å®ħ	宅
101327	æķ´æ²»	整治
101328	ä½ıæĪ¿	住房
101329	åģ·	偷
101330	çĨĬ	熊
101331	èµģ	赁
101332	æ°Ľ	氛
101333	æł¼å±Ģ	格局
101334	åŁºç¡Ģä¸Ĭ	基础上
101335	èĥĨ	胆
101336	åħ½	兽
101337	éĽ¶åĶ®	零售
101338	åĿ¡	坡
101339	å¥³åŃ©	女孩
101340	æĴŀ	撞
101341	åħ¨åĬĽ	全力
101342	åĴĸ	咖
101343	èĤ©	肩
101344	çľī	眉
101345	èĩ³äºİ	至于
101346	åħļç»Ħ	党组
101347	ä¸Ģä»¶	一件
101348	æĭĨ	拆
101349	äºĭå®ŀ	事实
101350	åĤ³	傳
101351	æ¹ĺ	湘
101352	ç¶²ç«Ļ	網站
101353	å¾ªçİ¯	循环
101354	åĲĮæ¯Ķ	同比
101355	æĭĶ	拔
101356	åĮ»èį¯	医药
101357	åħ»æ®ĸ	养殖
101358	åĽºå®ļ	固定
101359	å®ŀéĻħä¸Ĭ	实际上
101360	è®°å¾Ĺ	记得
101361	åĪ©äºİ	利于
101362	æĤ¦	悦
101363	æĭ³	拳
101364	èĤĿ	肝
101365	æķĪçĽĬ	效益
101366	è©²	該
101367	æ°ĳä¸»	民主
101368	çĹĩçĬ¶	症状
101369	é¢¨	風
101370	å¹¼åĦ¿	幼儿
101371	å§ĳ	姑
101372	æĪĴ	戒
101373	ä¸ĭçļĦ	下的
101374	æ¸¡	渡
101375	å¹´åºķ	年底
101376	è®°å¿Ĩ	记忆
101377	åĲĲ	吐
101378	å¤§å¹ħ	大幅
101379	å¾½	徽
101380	åħ¬ä¼Ĺ	公众
101381	ä¿¡å¿ĥ	信心
101382	çİĽ	玛
101383	ä¼ļä¸Ĭ	会上
101384	ä¹Ķ	乔
101385	æĳĦå½±	摄影
101386	æ£ĭçīĮ	棋牌
101387	éĻķ	陕
101388	åºĶæĢ¥	应急
101389	æĶ¶è´¹	收费
101390	æİ§èĤ¡	控股
101391	ä»ªå¼ı	仪式
101392	çŀ¬	瞬
101393	æīĢåľ¨	所在
101394	ç¢°	碰
101395	å§ĵ	姓
101396	é¡Į	題
101397	æĶ¯éĥ¨	支部
101398	ä½¿åĳ½	使命
101399	çĤī	炉
101400	å¯Ħ	寄
101401	ç¿¼	翼
101402	åľ°ä¸ĭ	地下
101403	è¾ŀ	辞
101404	ä¿±	俱
101405	ä¸»æĮģ	主持
101406	è´§å¸ģ	货币
101407	æģ¨	恨
101408	èĤĮ	肌
101409	çĽĪ	盈
101410	éĶ»	锻
101411	å¿ĹæĦ¿	志愿
101412	ç±»ä¼¼	类似
101413	æĮĸ	挖
101414	éĢ»	逻
101415	ç¸½	總
101416	çºªå¿µ	纪念
101417	åķ¥	啥
101418	å¼¯	弯
101419	åĲįåŃĹ	名字
101420	åģ¥èº«	健身
101421	çļĦå¿ĥ	的心
101422	é©±	驱
101423	èĥĮåĲİ	背后
101424	æ³ķå¸Ī	法师
101425	ç²Ĵ	粒
101426	èĥ½éĩı	能量
101427	è¾°	辰
101428	èī³	艳
101429	å½¼	彼
101430	æ®µæĹ¶éĹ´	段时间
101431	åĲĪæ³ķ	合法
101432	æĵ¦	擦
101433	ç¾½	羽
101434	åİ¨	厨
101435	æĪĳè¯´	我说
101436	äºĭåĬ¡	事务
101437	åĩłå¤©	几天
101438	åħģ	允
101439	ç¼´	缴
101440	åįĵ	卓
101441	ä¸¤ç§į	两种
101442	çĭ¬çī¹	独特
101443	å¸¶	帶
101444	éĴ»	钻
101445	æĥ©	惩
101446	é¢ĨåħĪ	领先
101447	è¶³å¤Ł	足够
101448	å£³	壳
101449	æĦıåĳ³çĿĢ	意味着
101450	åĪĨå¸ĥ	分布
101451	ä¹ĥ	乃
101452	éģĭ	運
101453	ä½©	佩
101454	è°±	谱
101455	çģ£	灣
101456	èį¡	荡
101457	è´¯å½»	贯彻
101458	å¹¾	幾
101459	ç£ģ	磁
101460	åħ¸åŀĭ	典型
101461	åīĩ	則
101462	åĨ»	冻
101463	æ¬ł	欠
101464	ä¸įä¹ħ	不久
101465	æµ¦	浦
101466	éŃħ	魅
101467	å¼ĢäºĨ	开了
101468	ä½¿çĶ¨èĢħ	使用者
101469	è¿Ļæ¬¾	这款
101470	å°Ī	專
101471	èĦ±è´«	脱贫
101472	æĶ»åĿļ	攻坚
101473	ç®Ĺæĺ¯	算是
101474	ç¨Ģ	稀
101475	æĹłäºº	无人
101476	åłµ	堵
101477	å¥ı	奏
101478	éĥ½å¸Ĥ	都市
101479	åı¯è§ģ	可见
101480	ä¸įåĩº	不出
101481	æ·»	添
101482	äºı	亏
101483	ç¾İå¥½	美好
101484	èĥĸ	胖
101485	éŁµ	韵
101486	æłĩå¿Ĺ	标志
101487	èĬĤèĥ½	节能
101488	æĬ«	披
101489	å°º	尺
101490	å¯¸	寸
101491	ä¸Ģä»£	一代
101492	é¢Ĺ	颗
101493	èĢ¶	耶
101494	èĴ¸	蒸
101495	åĸ®	單
101496	æ»¿	滿
101497	çĮľ	猜
101498	æµĨ	浆
101499	åŁĥ	埃
101500	åįĥä¸ĩ	千万
101501	èµĮ	赌
101502	èģ²	聲
101503	ä½ľé£İ	作风
101504	è³ª	質
101505	å¯¨	寨
101506	å¹´äºº	年人
101507	åį°è±¡	印象
101508	æ¡¶	桶
101509	æĴ¤	撤
101510	åįģäºĶ	十五
101511	æ¯ħ	毅
101512	æ²ª	沪
101513	åĽ½æľī	国有
101514	å¤§éĩıçļĦ	大量的
101515	å¾¡	御
101516	å¯ĵ	寓
101517	è¦ĸ	視
101518	æ¼Ĥäº®	漂亮
101519	çľł	眠
101520	çĤŃ	炭
101521	é»İ	黎
101522	èĻ¹	虹
101523	åĪ©äºļ	利亚
101524	èŃī	證
101525	æµı	浏
101526	åįģåħ«	十八
101527	ä¸¢	丢
101528	è¾½	辽
101529	æľīä¸ĢäºĽ	有一些
101530	æħĪ	慈
101531	åģľè½¦	停车
101532	å®ł	宠
101533	è§£æĶ¾	解放
101534	æľīå¤ļ	有多
101535	éĤĬ	邊
101536	å¸¸è§ģ	常见
101537	æĬ¹	抹
101538	çº¤	纤
101539	è¦ª	親
101540	æ¡Ĩ	框
101541	èİŀ	莞
101542	æ°§åĮĸ	氧化
101543	è¿Ļä»¶	这件
101544	åĩ°	凰
101545	æŁ´	柴
101546	åıĳçĶµ	发电
101547	é¼ł	鼠
101548	è½¬åĮĸ	转化
101549	å¨ĥ	娃
101550	æĮ¤	挤
101551	ç½©	罩
101552	å¯ĨåĪĩ	密切
101553	æĪĳä¸į	我不
101554	é«ĺæĸ°	高新
101555	ä¸Ģç¯ĩ	一篇
101556	è¿Ľç¨ĭ	进程
101557	è¡°	衰
101558	è¿ĺä¸į	还不
101559	çħĮ	煌
101560	æĸ°åįİ	新华
101561	èĤ¿	肿
101562	æ»©	滩
101563	ä¸Ģæµģ	一流
101564	è¯Ī	诈
101565	å®ŀä½ĵ	实体
101566	å¤ĸåĽ½	外国
101567	èº²	躲
101568	èµł	赠
101569	è¦º	覺
101570	æ¢Ŀ	條
101571	ä¸įè§ģ	不见
101572	è¨Ĭ	訊
101573	åĮ¹	匹
101574	åįµ	卵
101575	çĩ¥	燥
101576	æħķ	慕
101577	é½¿	齿
101578	å®´	宴
101579	é¥¼	饼
101580	èĳ¡èĲĦ	葡萄
101581	å°ıå¿ĥ	小心
101582	æģ¼	恼
101583	éĻĮ	陌
101584	æĺĤ	昂
101585	åĥ¹	價
101586	èĬĿ	芝
101587	æ¯ıä¸ªäºº	每个人
101588	åīįæıĲ	前提
101589	ä½ĵä¼ļ	体会
101590	æ¨Ļ	標
101591	æĲľçĭĲ	搜狐
101592	å¯¹åħ¶	对其
101593	ä¸§	丧
101594	èľĤ	蜂
101595	æµ¸	浸
101596	èª¿	調
101597	åĿª	坪
101598	é¢ĸ	颖
101599	åĲįä¸º	名为
101600	ç¬¼	笼
101601	èĪĮ	舌
101602	æľ¬ä¹¦	本书
101603	èģ¯	聯
101604	çºº	纺
101605	ç®ĢçĽ´	简直
101606	éĽ¢	離
101607	ç¾İçļĦ	美的
101608	éļ¨	隨
101609	é«ĺå³°	高峰
101610	è¿Ļå®¶	这家
101611	åĤ¬	催
101612	å°¸	尸
101613	ç¡ķå£«	硕士
101614	èŃ·	護
101615	è°¨	谨
101616	æĺı	昏
101617	æĶ¿åįı	政协
101618	è¡Ķ	衔
101619	ç¿Ĵ	習
101620	åľĴ	園
101621	åĽ½æ°ĳ	国民
101622	ä¸»è§Ĵ	主角
101623	è£ķ	裕
101624	ä¼ª	伪
101625	åºŀ	庞
101626	æ°ĳèĲ¥	民营
101627	æĥ§	惧
101628	ç§ĺä¹¦	秘书
101629	çĹķ	痕
101630	çĻ¾åĪĨ	百分
101631	æº¶	溶
101632	æĹłçĸĳ	无疑
101633	çļĦçľ¼	的眼
101634	æĵİ	擎
101635	ä¼Łå¤§	伟大
101636	å½°	彰
101637	åħ¬å®īå±Ģ	公安局
101638	ç³ķ	糕
101639	å¼¥	弥
101640	åĤĻ	備
101641	ä¹¾	乾
101642	æ¯«ä¸į	毫不
101643	æ³¨æĺİ	注明
101644	åī¯æĢ»	副总
101645	æĦī	愉
101646	æķ¦	敦
101647	é¦¨	馨
101648	æĶĢ	攀
101649	éĢĿ	逝
101650	åı¯éĿł	可靠
101651	å¤¸	夸
101652	åľĺ	團
101653	éĿ¢ä¸Ĭ	面上
101654	æĬĸ	抖
101655	èĦĨ	脆
101656	é©°	驰
101657	ä¼Ĳ	伐
101658	å¦¨	妨
101659	å®ļäºĨ	定了
101660	ç³Ĭ	糊
101661	æŃ¡	歡
101662	éĥ¨éķ¿	部长
101663	ç§ī	秉
101664	èĪĨ	舆
101665	åĪĳäºĭ	刑事
101666	åĲµ	吵
101667	æ¤Ĵ	椒
101668	è¡ĵ	術
101669	è±«	豫
101670	èı©	菩
101671	åŃµ	孵
101672	é¥²	饲
101673	å°±å¥½	就好
101674	åłª	堪
101675	ä¸īè§Ĵ	三角
101676	åľºæ¯ĶèµĽ	场比赛
101677	ä¸įåģľ	不停
101678	æĵħ	擅
101679	åħ¨æĸĩ	全文
101680	æ³ģ	況
101681	åŃ¦ä½į	学位
101682	æ±°	汰
101683	éłĺ	領
101684	åıł	叠
101685	éļĽ	際
101686	å¸Ĳ	帐
101687	çľĭåĩº	看出
101688	åĮł	匠
101689	å±ĢéĿ¢	局面
101690	æ³Į	泌
101691	è°Ĭ	谊
101692	åĲĮæľŁ	同期
101693	æĬķæłĩ	投标
101694	å¥´	奴
101695	æĿ¥çľĭçľĭ	来看看
101696	èĦ¾	脾
101697	èŀº	螺
101698	æŃī	歉
101699	çĽ¯	盯
101700	ç¨İåĬ¡	税务
101701	å»Ĭ	廊
101702	æİ©	掩
101703	æħ¨	慨
101704	çĽ¼	盼
101705	èĬĴ	芒
101706	è®Ģ	讀
101707	æĮ£	挣
101708	èĮħ	茅
101709	æĸ¥	斥
101710	æ¤ħ	椅
101711	åĪ°æĿ¥	到来
101712	èĳĹä½ľ	著作
101713	çĭ±	狱
101714	äºĮæīĭ	二手
101715	ä»İæĿ¥	从来
101716	çĸ²	疲
101717	åºĬä¸Ĭ	床上
101718	æĸ°æµª	新浪
101719	æ³Ħ	泄
101720	å¢ŀåĢ¼	增值
101721	ä¸Ľ	丛
101722	æļĳ	暑
101723	ä»İä¸ļ	从业
101724	æ·ĭ	淋
101725	å¤ļæł·	多样
101726	æľ´	朴
101727	ä»½é¢Ŀ	份额
101728	æŀ£	枣
101729	è¥¿çľģ	西省
101730	æľ¬è´¨	本质
101731	æ·±æ·±	深深
101732	èīĩ	艇
101733	ç»µ	绵
101734	äº§åĢ¼	产值
101735	æ¼ł	漠
101736	èħ»	腻
101737	çŃĽ	筛
101738	åİĮ	厌
101739	æģŃ	恭
101740	å«Įçĸĳ	嫌疑
101741	æĪ¶	戶
101742	æ»ŀ	滞
101743	èĨĢ	膀
101744	åĬ£	劣
101745	åº§è°Ī	座谈
101746	å¸¸æĢģ	常态
101747	çļĦæĥħ	的情
101748	è¦½	覽
101749	å¯Ĥ	寂
101750	åĮĨ	匆
101751	èĩº	臺
101752	é¡¯	顯
101753	çķı	畏
101754	éģ£	遣
101755	åįľ	卜
101756	çŃīå¥ĸ	等奖
101757	è²¬	責
101758	æº¯	溯
101760	çĤ¹å¤´	点头
101761	èĵ¬	蓬
101762	æ±º	決
101763	éħ¬	酬
101764	éģĬ	遊
101765	è³¼	購
101766	è¨»åĨĬ	註冊
101767	æľ¬æĬ¥	本报
101768	çµķ	絕
101769	æ´»æĢ§	活性
101770	åħĳ	兑
101771	éĮ¯	錯
101772	åĨ¶	冶
101773	åĸ»	喻
101774	æºĸ	準
101775	èĤ¢	肢
101776	æºĥ	溃
101777	æĹ¬	旬
101778	åīĬ	削
101779	çĲĨäºĭ	理事
101780	å±ł	屠
101781	æ²§	沧
101782	èļĢ	蚀
101783	éĽ»åŃĲ	電子
101784	ä¸ºæŃ¢	为止
101785	å¸¸å§Ķ	常委
101786	çµĤ	終
101787	éĬ·	銷
101788	çĭĢ	狀
101789	ä¾£	侣
101790	èĥĢ	胀
101791	èŃ°	議
101792	çĶ¨è½¦	用车
101793	åĻª	噪
101794	æŃ·	歷
101795	åįĶ	協
101796	åĪ¹	刹
101797	ç«Łæĺ¯	竟是
101798	é©Ĺ	驗
101799	èĲĿ	萝
101800	çĻ«	癫
101801	çĹ«	痫
101802	æŃ§	歧
101803	å¼Ĭ	弊
101804	åª½	媽
101805	çıĬ	珊
101806	è¡·	衷
101807	éľī	霉
101808	åŁºçĿ£	基督
101809	éļ±	隱
101810	æ°¨	氨
101811	ç»¸	绸
101812	å°¼æĸ¯	尼斯
101813	çĥĺ	烘
101814	æľŁåĨħ	期内
101815	è°ħ	谅
101816	éĽĩ	雇
101817	éļĻ	隙
101818	åĸī	喉
101819	åī¥	剥
101820	çĹĺ	痘
101821	æĮ½	挽
101822	çĵ£	瓣
101823	æ¹Ľ	湛
101824	æ¨±	樱
101825	æ¾İ	澎
101826	æ¹ĥ	湃
101827	åĨ¬å¥¥	冬奥
101828	æ£µ	棵
101829	å®°	宰
101830	åŀĴ	垒
101831	æ§ĭ	構
101832	ä¾Ī	侈
101833	èĮĦ	茄
101834	åĺ¿	嘿
101835	èıĩ	菇
101836	çĻĤ	療
101837	åĬĥ	劃
101839	èĶ½	蔽
101840	çŀŃ	瞭
101841	æķŀ	敞
101842	ä¹ĸ	乖
101843	éŁ§	韧
101844	è¾ľ	辜
101845	æĩĪ	懈
101846	ä½£	佣
101847	çŀ»	瞻
101848	åŁĶ	埔
101849	èĪħ	舅
101850	å®ŀäºĭ	实事
101852	å§¥	姥
101853	çµ¡	絡
101854	åĺ»	嘻
101855	çķ¢	畢
101856	æ²ĥå°Ķ	沃尔
101857	è¿Ħ	迄
101858	èĤĩ	肇
101859	æħĳ	慑
101882	è¦ģæ±Ĥ	要求
101883	ä¸ĢäºĽ	一些
101884	å®ŀçİ°	实现
101885	èĢĮä¸Ķ	而且
101886	åĽłæŃ¤	因此
101887	çĶ±äºİ	由于
101888	åħ³äºİ	关于
101889	çĦ¶åĲİ	然后
101890	æİ¨åĬ¨	推动
101891	ä¸Ģæł·	一样
101892	æĮīçħ§	按照
101893	è¿Ļæł·çļĦ	这样的
101894	å½¢æĪĲ	形成
101895	æľīäºĽ	有些
101896	æĽ´åĬł	更加
101897	ç»ıè¿ĩ	经过
101898	å»ºè®®	建议
101899	æ²»çĸĹ	治疗
101900	ä½łä»¬	你们
101901	æīįèĥ½	才能
101902	ä¿ĥè¿Ľ	促进
101903	åĳĺå·¥	员工
101904	ä½ĵéªĮ	体验
101905	èĪĩ	與
101906	åģļå¥½	做好
101907	ä¿Ŀè¯ģ	保证
101908	æķ´ä¸ª	整个
101909	æĺ¯ä¸Ģä¸ª	是一个
101910	éĩĩçĶ¨	采用
101911	çĲĨè®º	理论
101912	æ¯Ķå¦Ĥ	比如
101913	ä¸ĬçļĦ	上的
101914	æİ¨èįĲ	推荐
101915	çĶ³è¯·	申请
101916	å¤©ç©º	天空
101917	éĥ¨èĲ½	部落
101918	åįģåĪĨ	十分
101919	æĿ¥èĩª	来自
101920	ä¹ĭéĹ´	之间
101921	è°ĥæķ´	调整
101922	æ¯ıå¤©	每天
101923	è°ĥæŁ¥	调查
101924	æĤ£èĢħ	患者
101925	è¿ĩç¨ĭä¸Ń	过程中
101926	é¦Ļæ¸¯	香港
101927	å¹¿åĳĬ	广告
101928	éĿ¢å¯¹	面对
101929	æ»¡è¶³	满足
101930	éķ¿æľŁ	长期
101931	è§ĦèĮĥ	规范
101932	æķ´ä½ĵ	整体
101933	æĶ¹åıĺ	改变
101934	æĻºæħ§	智慧
101935	å¦Īå¦Ī	妈妈
101936	å¦Ĥä»Ĭ	如今
101937	åĲĪåĲĮ	合同
101938	éĥ½ä¼ļ	都会
101939	åĦ¿ç«¥	儿童
101940	åĩıå°ĳ	减少
101941	éŁ³ä¹Ĳ	音乐
101942	ç»ıå¸¸	经常
101943	ä¸Ĭå¸Ĥ	上市
101944	ä¼ĺç§Ģ	优秀
101945	çļĦéĩįè¦ģ	的重要
101946	ä¸ĢæĿ¡	一条
101947	æµ·å¤ĸ	海外
101948	åı¦å¤ĸ	另外
101949	ä¸Ģå®¶	一家
101950	åİĭåĬĽ	压力
101951	å¤§åŀĭ	大型
101952	çľĭçĿĢ	看着
101953	åĪĢ	刀
101954	å¹¸ç¦ı	幸福
101955	æİ¨å¹¿	推广
101956	åĲĽ	君
101957	å¾Ĳ	徐
101958	æī¾åĪ°	找到
101959	äºİæĺ¯	于是
101960	èĩªèº«	自身
101961	ä¸Ģä½į	一位
101962	åľŁåľ°	土地
101963	åĬłåħ¥	加入
101964	æİ¢ç´¢	探索
101965	æ¢ģ	梁
101966	ä¸»åĬ¨	主动
101967	å°±ä¸ļ	就业
101968	å¥³æĢ§	女性
101969	çªģçł´	突破
101970	ä¸įåĲĮçļĦ	不同的
101971	è¿Ĳè¾ĵ	运输
101972	èĩªçĶ±	自由
101973	å±ħæ°ĳ	居民
101974	æŃ¤æ¬¡	此次
101975	çļĦæĹ¶éĹ´	的时间
101976	å®¶éķ¿	家长
101977	ä¸Ģä¸ªäºº	一个人
101978	æ£Ģæµĭ	检测
101979	åĨħéĥ¨	内部
101980	å¹¿å·ŀ	广州
101981	çĽ´æĴŃ	直播
101982	ä»İèĢĮ	从而
101983	è´·æ¬¾	贷款
101984	åı¬å¼Ģ	召开
101985	æĶ¹éĢł	改造
101986	äººçĶŁ	人生
101987	å±ķç¤º	展示
101988	æ¯ıå¹´	每年
101989	å¥³äºº	女人
101990	çļĦæĸ¹å¼ı	的方式
101991	æķĪçİĩ	效率
101992	å±±ä¸ľ	山东
101993	æ¸łéģĵ	渠道
101994	ä¼¼ä¹İ	似乎
101995	æ¡Īä»¶	案件
101996	åĪ©çĽĬ	利益
101997	çľĭçľĭ	看看
101998	å¿ĥéĩĮ	心里
101999	ç»´æĬ¤	维护
102000	å®Ŀå®Ŀ	宝宝
102001	ç½ĳä¸Ĭ	网上
102002	è®ºåĿĽ	论坛
102003	å°±åı¯ä»¥	就可以
102004	ä¸įè¶³	不足
102005	æģ¢å¤į	恢复
102006	å¸ĥå±Ģ	布局
102007	è´¡çĮ®	贡献
102008	ä¸ĭéĻį	下降
102009	æİĮæı¡	掌握
102010	çļ®èĤ¤	皮肤
102011	å·¥åħ·	工具
102012	éĩįåºĨ	重庆
102013	åĵģè´¨	品质
102014	æİ¨åĩº	推出
102015	çĶ·äºº	男人
102016	æī¿æĭħ	承担
102017	çªģåĩº	突出
102018	èĢĮè¨Ģ	而言
102019	æ²Ł	沟
102020	åįıè°ĥ	协调
102021	æĺ¯ä»Ģä¹Ī	是什么
102022	æ±¤	汤
102023	æĴĳ	撑
102024	çĭ¬ç«ĭ	独立
102025	çİ¯èĬĤ	环节
102026	æī©å¤§	扩大
102027	æ´ª	洪
102028	æĿ°	杰
102029	çĽĲ	盐
102030	ä»ģ	仁
102031	æ¶īåıĬ	涉及
102032	èĢģäºº	老人
102033	åį³ä½¿	即使
102034	åįĹäº¬	南京
102035	éħįåĲĪ	配合
102036	é¬¼	鬼
102037	çĪ¶äº²	父亲
102038	ç½Ĺæĸ¯	罗斯
102039	å°ıåĮº	小区
102040	æķĻæİĪ	教授
102041	åĨ³çŃĸ	决策
102042	é¢Ħè®¡	预计
102043	æľ¬äºº	本人
102044	ä¼¯	伯
102045	ç«¹	竹
102046	åĪ°åºķ	到底
102047	å¸Ĥæ°ĳ	市民
102048	åĩºåı£	出口
102049	éĩĩè´Ń	采购
102050	æĢ»ç»ĵ	总结
102051	æŃ¦æ±ī	武汉
102052	åĬłå¤§	加大
102053	å¹¿ä¸ľ	广东
102054	æµģç¨ĭ	流程
102055	äººåı£	人口
102056	å¦Ĥæŀľä½ł	如果你
102057	åĩºåİ»	出去
102058	åĩī	凉
102059	åĨľæ°ĳ	农民
102060	çİ°è±¡	现象
102061	åĬĽåº¦	力度
102062	ç»ĻäºĪ	给予
102063	åħļå§Ķ	党委
102064	è¯Ńè¨Ģ	语言
102065	çº¿ä¸Ĭ	线上
102066	æĢİæł·	怎样
102067	åĦ¿åŃĲ	儿子
102068	ç¡®å®ŀ	确实
102069	ä¹ĭå¤ĸ	之外
102070	éĥ½åľ¨	都在
102071	èī¾	艾
102072	çļĦæĥħåĨµ	的情况
102073	éĩĮçļĦ	里的
102074	åĽ´ç»ķ	围绕
102075	æĽ´å¤ļçļĦ	更多的
102076	ä¾Ŀæ³ķ	依法
102077	åħ¬åĽŃ	公园
102078	å®¶éĩĮ	家里
102079	æ¯įäº²	母亲
102080	ä¸įåĨį	不再
102081	èĭ¹	苹
102082	æ³ķéĻ¢	法院
102083	éŁ©åĽ½	韩国
102084	çĽ¸å½ĵ	相当
102085	ä¸įçŁ¥	不知
102086	è¯Ħä¼°	评估
102087	ä¸įçĶ¨	不用
102088	é¡ºåĪ©	顺利
102089	éĩįè§Ĩ	重视
102090	è´¢åĬ¡	财务
102091	ä»ĸåĢĳ	他們
102092	åıĳè¡Į	发行
102093	ä¸ĵéĹ¨	专门
102094	åħ·å¤ĩ	具备
102095	å¹¶ä¸įæĺ¯	并不是
102096	è¶³çĲĥ	足球
102097	éŀĭ	鞋
102098	åıĳè¡¨	发表
102099	æ°¸è¿ľ	永远
102100	èĲ¥åħ»	营养
102101	éħįå¥Ĺ	配套
102102	æķ´åĲĪ	整合
102103	è´º	贺
102104	åĽŀçŃĶ	回答
102105	æĶ¶çĽĬ	收益
102106	ä¹Łè®¸	也许
102107	è»Ĭ	車
102108	æİ¥è§¦	接触
102109	æĶ»åĩ»	攻击
102110	åĽĽå·Ŀ	四川
102111	æĢ§èĥ½	性能
102112	åĽŀåĪ°	回到
102113	èħ°	腰
102114	ä¹Łæ²¡æľī	也没有
102115	å¼Ħ	弄
102116	è®¾ç«ĭ	设立
102117	éĺ²æİ§	防控
102118	æĬĢå·§	技巧
102119	éĢļå¸¸	通常
102120	è´¢æĶ¿	财政
102121	éĥ¨ç½²	部署
102122	åľºæĻ¯	场景
102123	æ±Łèĭı	江苏
102124	è¡¨è¾¾	表达
102125	åĸ·	喷
102126	å¥³åĦ¿	女儿
102127	èĪ¶	舶
102128	çµ¦	給
102129	ä¼ļåĳĺ	会员
102130	æĪĸè®¸	或许
102131	äº©	亩
102132	ä¸ľæĸ¹	东方
102133	å¤©æ´¥	天津
102134	è¿ĳå¹´	近年
102135	çľĭæĿ¥	看来
102136	æ¯Ķä¾ĭ	比例
102137	å²©	岩
102138	éĵľ	铜
102139	çİ»	玻
102140	å®ŀéªĮ	实验
102141	æĢĿç»´	思维
102142	æĭħå¿ĥ	担心
102143	æ²Ī	沈
102144	èº«è¾¹	身边
102145	æ·±åĮĸ	深化
102146	ç²¾åĩĨ	精准
102147	ç§ģæľį	私服
102148	æ¶Īéĺ²	消防
102149	åİ»äºĨ	去了
102150	ç»Ĩèĥŀ	细胞
102151	çĲĥéĺŁ	球队
102152	æĺİæĺŁ	明星
102153	é£Łçī©	食物
102154	å¾Īå¿«	很快
102155	è®©ä½ł	让你
102156	ä¿¡çĶ¨	信用
102157	åĶ¯ä¸Ģ	唯一
102158	åħ¶å®ĥ	其它
102159	çŃīæĸ¹éĿ¢	等方面
102160	å¾ĭå¸Ī	律师
102161	æŃ»äº¡	死亡
102162	æŁ³	柳
102163	ä¸Ģæī¹	一批
102164	ä¸Ĭæ¶¨	上涨
102165	æľºåľº	机场
102166	å½¢åĬ¿	形势
102167	æĦ¿æĦı	愿意
102168	éĽĨä½ĵ	集体
102169	æĸ°åŀĭ	新型
102170	æįŁå¤±	损失
102171	æĽ¸	書
102172	ä¸ĭåįĪ	下午
102173	æ¯ıæ¬¡	每次
102174	æĪĲå°±	成就
102175	åħ¬è·¯	公路
102176	èĻ«	虫
102177	åĴ±	咱
102178	è¥¿å®ī	西安
102179	æľĢä½³	最佳
102180	ç§ĳçłĶ	科研
102181	å¤įæĿĤ	复杂
102182	æľºåĻ¨	机器
102183	çĪ±æĥħ	爱情
102184	çħ§çīĩ	照片
102185	å¹´é¾Ħ	年龄
102186	è³ĩæĸĻ	資料
102187	ç²Ĺ	粗
102188	åĩĨç¡®	准确
102189	åĬłä¸Ĭ	加上
102190	åĩºçīĪ	出版
102191	è°Ĳ	谐
102192	å®¶å±ħ	家居
102193	èĥĮæĻ¯	背景
102194	ä¸Ģçº¿	一线
102195	äºĭé¡¹	事项
102196	åĬ¨ä½ľ	动作
102197	ç¥¥	祥
102198	æĢ»ä½ĵ	总体
102199	æĪ¿åŃĲ	房子
102200	ä¹Łå°±æĺ¯	也就是
102201	å¤§æ¦Ĥ	大概
102202	é«ĺæķĪ	高效
102203	åĲ¹	吹
102204	æİĪæĿĥ	授权
102205	éĻĦè¿ĳ	附近
102206	æ¡Īä¾ĭ	案例
102207	éĹ¹	闹
102208	çĪ¸çĪ¸	爸爸
102209	å½©ç¥¨	彩票
102210	æĢĴ	怒
102211	ä¸¾æĬ¥	举报
102212	æĻ®éģį	普遍
102213	çķĻä¸ĭ	留下
102214	è¡£æľį	衣服
102215	æĹłè®ºæĺ¯	无论是
102216	åħħæ»¡	充满
102217	æ·±åº¦	深度
102218	æ¡ĳ	桑
102219	æĪªèĩ³	截至
102220	å¸¦æĿ¥çļĦ	带来的
102221	éĻµ	陵
102222	æĦŁæĥħ	感情
102223	èµļ	赚
102224	åĵªäºĽ	哪些
102225	æķ´æĶ¹	整改
102226	æĪĲçĨŁ	成熟
102227	å¨ľ	娜
102228	é¼»	鼻
102229	çŁĽ	矛
102230	çĽ¾	盾
102231	å¥½å¥½	好好
102232	ç¬¬åĽĽ	第四
102233	åĨłåĨĽ	冠军
102234	è´¢å¯Į	财富
102235	æľĢå¥½çļĦ	最好的
102236	è½¦åŀĭ	车型
102237	éĸĢ	門
102238	åį³å°Ĩ	即将
102239	åĪĨä¸º	分为
102240	éĿĴå²Ľ	青岛
102241	çº·çº·	纷纷
102242	ä»ĬæĹ¥	今日
102243	å¹³è¡¡	平衡
102244	å¹³æĸ¹ç±³	平方米
102245	éĤ£ç§į	那种
102246	åĩºçĶŁ	出生
102247	éĿĴæĺ¥	青春
102248	äººç¾¤	人群
102249	äººå·¥	人工
102250	ä¹ĭä¸ĭ	之下
102251	æ¹ĸåĮĹ	湖北
102252	åľ¨æŃ¤	在此
102253	åįļå£«	博士
102254	æĹ¶åĪ»	时刻
102255	æ²³åĮĹ	河北
102256	æĶ¾å¼ĥ	放弃
102257	éĢļéģĵ	通道
102258	æ£®æŀĹ	森林
102259	çĸĨ	疆
102260	æķ¸	數
102261	èĬ³	芳
102262	æīĵåĩ»	打击
102263	æĽ¹	曹
102264	åĮĸåŃ¦	化学
102265	æĥ³è±¡	想象
102266	ä¸ĩäºº	万人
102267	è´¢ç»ı	财经
102268	åħĥç´ł	元素
102269	ä¼ļè®¡	会计
102270	åħ¨ä½ĵ	全体
102271	æĦĽ	愛
102272	é«ĺä¸Ń	高中
102273	æľºéģĩ	机遇
102274	å£°éŁ³	声音
102275	æĹħè¡Į	旅行
102276	æµ©	浩
102277	æŁ±	柱
102278	å°ĳå¹´	少年
102279	åĽ½å¤ĸ	国外
102280	èĳĹåĲį	著名
102281	çĶŁåŃĺ	生存
102282	å§ľ	姜
102283	å¸¦é¢Ĩ	带领
102284	é¢ľèī²	颜色
102285	ä¸Ĭä¸ĭ	上下
102286	äº§ä¸ļéĵ¾	产业链
102287	æĽ´å¥½çļĦ	更好的
102288	å²Ń	岭
102289	ä¼ĺæĥł	优惠
102290	ä¾¿æĺ¯	便是
102291	åħ§å®¹	內容
102292	ä¸Ģåıª	一只
102293	çĲ´	琴
102294	æ¢¦æĥ³	梦想
102295	ç§Łèµģ	租赁
102296	å¼ĢåĲ¯	开启
102297	è´Ńçī©	购物
102298	åĮħåĲ«	包含
102299	åĪ©çİĩ	利率
102300	èµ·äºĨ	起了
102301	æľīåĬĽ	有力
102302	éĤ£éĩĮ	那里
102303	å®¡æī¹	审批
102304	å¯¹æīĭ	对手
102305	çİ°éĩĳ	现金
102306	å¤©çĦ¶	天然
102307	çĽĴ	盒
102308	çĪ½	爽
102309	å¿ħçĦ¶	必然
102310	åĮĸå·¥	化工
102311	ä¸ĵåĪ©	专利
102312	åķ¡	啡
102313	å¼Ģå¿ĥ	开心
102314	äººä½ĵ	人体
102315	éģĵå£«	道士
102316	æĢģåº¦	态度
102317	ç©ºè°ĥ	空调
102318	æĭĽåķĨ	招商
102319	å§»	姻
102320	ç¬¬äºĶ	第五
102321	æ£Ĵ	棒
102322	ä¸Ģç³»åĪĹ	一系列
102323	åį±æľº	危机
102324	è½¬åıĺ	转变
102325	åľºæīĢ	场所
102326	é¸£	鸣
102327	æĪ¿éĹ´	房间
102328	éĢ¼	逼
102329	è¯ķçĤ¹	试点
102330	å¯¹å¤ĸ	对外
102331	åĩºåı°	出台
102332	åľ¨è¿Ļ	在这
102333	åİĤå®¶	厂家
102334	å·¨å¤§	巨大
102335	ç®Ģä»ĭ	简介
102336	çľĭäºĨ	看了
102337	åħļå»º	党建
102338	æĮĩæĮ¥	指挥
102339	çŁ³æ²¹	石油
102340	ä¸įåı¯èĥ½	不可能
102341	èİ²	莲
102342	ä¸įå¤ª	不太
102343	åĪĽæĦı	创意
102344	ç¬¬ä¸Ģä¸ª	第一个
102345	è´µå·ŀ	贵州
102346	è¿ĩäºĨ	过了
102347	æľ¬æĿ¥	本来
102348	éģĵå¾·	道德
102349	çŃĶæ¡Ī	答案
102350	éĻ¶	陶
102351	ä¸Ģè·¯	一路
102352	èĤĸ	肖
102353	æ¸ħæ´ģ	清洁
102354	æľīæľº	有机
102355	åĲįåįķ	名单
102356	æĿ±	東
102357	åĳ¼åĲ¸	呼吸
102358	ä¸Ī	丈
102359	ç¦ıå»º	福建
102360	è¯ķéªĮ	试验
102361	å¼ķåıĳ	引发
102362	ä¹Łæ²¡	也没
102363	ä¸įä½ı	不住
102364	çĨŁæĤī	熟悉
102365	èĲ¬	萬
102366	ä¸įèī¯	不良
102367	çłĸ	砖
102368	èĩ´åĬĽ	致力
102369	çŃ¾è®¢	签订
102370	åĲĬ	吊
102371	ä¾¯	侯
102372	çĺ¦	瘦
102373	å§ĳå¨ĺ	姑娘
102374	æĸ¤	斤
102375	å¦»åŃĲ	妻子
102376	æĺ¥èĬĤ	春节
102377	çĪ¬	爬
102378	æĽĿ	曝
102379	çĥŃæĥħ	热情
102380	éķ¿æ²Ļ	长沙
102381	èĲ¥éĢł	营造
102382	éħ·	酷
102383	éĵĿ	铝
102384	åŁºæľ¬ä¸Ĭ	基本上
102385	åĳ¨åĽ´	周围
102386	ä»Ģéº¼	什麼
102387	è®¤åı¯	认可
102388	åĪĨåŃĲ	分子
102389	ä¸Ģæĸ¹éĿ¢	一方面
102390	è½´	轴
102391	å¼·	強
102392	é©¬ä¸Ĭ	马上
102393	éĽ¾	雾
102394	èĩ£	臣
102395	å°¿	尿
102396	çĶŁæĦı	生意
102397	å®īå¾½	安徽
102398	ç¥ŀç»ı	神经
102399	åĩºå¸Ń	出席
102400	èį¯åĵģ	药品
102401	çĲĨçĶ±	理由
102402	åįıåĲĮ	协同
102403	æµģåĬ¨	流动
102404	åıĳåĬ¨	发动
102405	åĿļå®ļ	坚定
102406	è¡¨æĺİ	表明
102407	åĲİéĿ¢	后面
102408	ä¹īåĬ¡	义务
102409	å¦ĸ	妖
102410	æľīåı¯èĥ½	有可能
102411	å¹´è½»äºº	年轻人
102412	å¤§éĻĨ	大陆
102413	å²³	岳
102414	ä¸įèµ·	不起
102415	çŀ¬éĹ´	瞬间
102416	ä¸įå¾Ĺä¸į	不得不
102417	çŃ¾çº¦	签约
102418	åĲĪæł¼	合格
102419	åħļæĶ¯éĥ¨	党支部
102420	æµİåįĹ	济南
102421	ä¾¿åĪ©	便利
102422	éļıæĹ¶	随时
102423	å¥ī	奉
102424	ç§°ä¸º	称为
102425	äº§æĿĥ	产权
102426	åĲķ	吕
102427	çĽĨ	盆
102428	è¯¾åłĤ	课堂
102429	ç·ļ	線
102430	æ£ī	棉
102431	çº¿ä¸ĭ	线下
102432	èĩªè¡Į	自行
102433	ä¸¾æİª	举措
102434	åİ¦éĹ¨	厦门
102435	èĩªä¿¡	自信
102436	å½±è§Ĩ	影视
102437	ä»Ķ	仔
102438	çĶŁæ´»ä¸Ń	生活中
102439	æĿĥçĽĬ	权益
102440	çĻ½èī²	白色
102441	å°±ä¸į	就不
102442	è¿Ľå±ķ	进展
102443	æ¯ıæĹ¥	每日
102444	ä¾Ľç»Ļ	供给
102445	æĿĥåĪ©	权利
102446	æĹłæķ°	无数
102447	çĲĨè´¢	理财
102448	ä¾ĿæĹ§	依旧
102449	ä¸ĬåįĪ	上午
102450	è¯ĨåĪ«	识别
102451	çĽĪåĪ©	盈利
102452	çłĤ	砂
102453	è®¸åı¯	许可
102454	åĲĮäºĭ	同事
102455	åĺĽ	嘛
102456	éģ¸	選
102457	çĿĢåĬĽ	着力
102458	éĹ¨åı£	门口
102459	ä¸įå¤ļ	不多
102460	åħ¶æ¬¡	其次
102461	ç¢§	碧
102462	çī©çĲĨ	物理
102463	åĨħå¿ĥ	内心
102464	çĻ¾å§ĵ	百姓
102465	æĢ»ç»Ł	总统
102466	å¹²åĩĢ	干净
102467	ç§¯ç´¯	积累
102468	åıįé¦Ī	反馈
102469	æłĳç«ĭ	树立
102470	ç¤¾äº¤	社交
102471	ç§©	秩
102472	åįģä¸Ģ	十一
102473	éĤĵ	邓
102474	é©±åĬ¨	驱动
102475	å±ķè§Ī	展览
102476	èĪĴéĢĤ	舒适
102477	åŁºåĽł	基因
102478	å·®å¼Ĥ	差异
102479	è½¬è®©	转让
102480	å°ıå§Ĳ	小姐
102481	æł·åŃĲ	样子
102482	ç¿Ķ	翔
102483	é«ĺåħ´	高兴
102484	å½±åĵįåĬĽ	影响力
102485	æīĭç»Ń	手续
102486	çĽ¸åĲĮ	相同
102487	çĽ¸åºĶ	相应
102488	æĻĴ	晒
102489	è§Ģ	觀
102490	å¸Ĥå§Ķ	市委
102491	èĬ¯	芯
102492	å±ķçİ°	展现
102493	åľ°çĲĥ	地球
102494	éĤª	邪
102495	ä¸Ģå®ļçļĦ	一定的
102496	åħģè®¸	允许
102497	ä¿¡ä»»	信任
102498	æīĳ	扑
102499	éĻ¢æł¡	院校
102500	ç®Ģç§°	简称
102501	åģļæ³ķ	做法
102502	ä¹ĭè·¯	之路
102503	æĹĹä¸ĭ	旗下
102504	èħĶ	腔
102505	æ¶Īå¤±	消失
102506	ä¸ĸçķĮä¸Ĭ	世界上
102507	åŁİä¹¡	城乡
102508	èĪŀåı°	舞台
102509	å¾Īå¤§çļĦ	很大的
102510	ç»ŁçŃ¹	统筹
102511	åħ¬å¹³	公平
102512	èĤ¾	肾
102513	çļĦå¥½	的好
102514	æ±ģ	汁
102515	çľ¼åīį	眼前
102516	éĽ£	難
102517	å¹½	幽
102518	åħ±äº§	共产
102519	ä¸»åĬŀ	主办
102520	å¤Ħç½ļ	处罚
102521	åºĻ	庙
102522	éģĵçĲĨ	道理
102523	å¼µ	張
102524	æİ¥çĿĢ	接着
102525	çĮİ	猎
102526	çģĮ	灌
102527	çĶ±æŃ¤	由此
102528	äººåĬĽ	人力
102529	æµģè¡Į	流行
102530	ä¾ł	侠
102531	åı¯ä»¥è¯´	可以说
102532	èĴĭ	蒋
102533	å½¢æĢģ	形态
102534	æĹ¥åŃĲ	日子
102535	æ¼Ĩ	漆
102536	çķĻåŃ¦	留学
102537	çĽ¸éĹľ	相關
102538	æľĢå¤ļ	最多
102539	åĩŃåĢŁ	凭借
102540	åħ¬äº¤	公交
102541	æĮĸæİĺ	挖掘
102542	æĿĤå¿Ĺ	杂志
102543	ä¸»äºº	主人
102544	éļľç¢į	障碍
102545	æł¡éķ¿	校长
102546	æĸ¹ä½į	方位
102547	ä¸ĬçıŃ	上班
102548	å¤ļåħĥ	多元
102549	èĥģ	胁
102550	éŃħåĬĽ	魅力
102551	èĮĤ	茂
102552	åħħçĶµ	充电
102553	å¼ºå¤§	强大
102554	çĥ¤	烤
102555	å¥ĭæĸĹ	奋斗
102556	å®ŀçĶ¨	实用
102557	éĺģ	阁
102558	ç»ĻäºĨ	给了
102559	æľ¬ç§ĳ	本科
102560	æłĭ	栋
102561	æĭ¨	拨
102562	æķĻç»ĥ	教练
102563	éĥ½çŁ¥éģĵ	都知道
102564	æ¯ķä¸ļçĶŁ	毕业生
102565	ç¢Ĺ	碗
102566	åŀĤ	垂
102567	è®¼	讼
102568	å®ģæ³¢	宁波
102569	åŃ¦èĢħ	学者
102570	è°¢è°¢	谢谢
102571	åŁİéķĩ	城镇
102572	æĢİä¹ĪåĬŀ	怎么办
102573	éģĶ	達
102574	æĪĲäº¤	成交
102575	æ½ľåĬĽ	潜力
102576	åį§	卧
102577	æĸ°å¼Ģ	新开
102578	éħįå¤ĩ	配备
102579	ä¸»åĬĽ	主力
102580	åĳ³éģĵ	味道
102581	çĥĤ	烂
102582	é£ŀè¡Į	飞行
102583	å«ģ	嫁
102584	å¤§å¤§	大大
102585	ç»Ļå¤§å®¶	给大家
102586	å¤ĸéĿ¢	外面
102587	éĨī	醉
102588	åıĳè¨Ģ	发言
102589	æĹ©é¤Ĳ	早餐
102590	åĲĦèĩª	各自
102591	å®Ļ	宙
102592	èį£èªī	荣誉
102593	æĬ«éľ²	披露
102594	é¡ŀ	類
102595	åĨħçļĦ	内的
102596	èĤª	肪
102597	è¾Ĳ	辐
102598	æ³µ	泵
102599	æĬĽ	抛
102600	æĺŁæľŁ	星期
102601	ä¸Ģå¸¦	一带
102602	çĶŁç´ł	生素
102603	ç»ıéĶĢ	经销
102604	åĩ¶	凶
102605	åľ°ä¸Ĭ	地上
102606	åĳ½è¿Ĳ	命运
102607	åĵ²	哲
102608	ä¸Ĭåİ»	上去
102609	æĸĩçī©	文物
102610	è¯ĳ	译
102611	æĮ¯åħ´	振兴
102612	éķ¿æĹ¶éĹ´	长时间
102613	ç¥Ń	祭
102614	åĲĪèĤ¥	合肥
102615	è¿Ŀè§Ħ	违规
102616	èģª	聪
102617	ä½İäºİ	低于
102618	éĢĤå½ĵ	适当
102619	æľīåºı	有序
102620	æľ¬ç½ĳ	本网
102621	çķĻè¨Ģ	留言
102622	æĥ³æ³ķ	想法
102623	çŃ¾ç½²	签署
102624	å§ļ	姚
102625	æĢ§æł¼	性格
102626	èĴĻåı¤	蒙古
102627	æŁı	柏
102628	åŀ«	垫
102629	åŃ¦åİĨ	学历
102630	ä»ħä»ħ	仅仅
102631	è®²è¯Ŀ	讲话
102632	éĶĲ	锐
102633	æĢĸ	怖
102634	åīª	剪
102635	èĭį	苍
102636	åĲĵ	吓
102637	å¼ºçĥĪ	强烈
102638	åģ¥åħ¨	健全
102639	çĸ¯	疯
102640	åı¤ä»£	古代
102641	å¥Ī	奈
102642	ä¸įçĦ¶	不然
102643	ä¹¡éķĩ	乡镇
102644	æľĭåıĭä»¬	朋友们
102645	åĤħ	傅
102646	èģ½	聽
102647	ä¸ªæĢ§	个性
102648	æ³ķè§Ħ	法规
102649	å°ıéķĩ	小镇
102650	çĶ»éĿ¢	画面
102651	ç¬¬åħŃ	第六
102652	ç¶²è·¯	網路
102653	åīįæĻ¯	前景
102654	åĲ¬è¯´	听说
102655	ä¼łåªĴ	传媒
102656	æĿ¡ä¾ĭ	条例
102657	åĪ«çļĦ	别的
102658	ä¸įæĩĤ	不懂
102659	é¡¾éĹ®	顾问
102660	å¼ºåº¦	强度
102661	éĺ¿éĩĮ	阿里
102662	èµ°åĬ¿	走势
102663	å¸½	帽
102664	çļĦç¡®	的确
102665	åĮºåĪ«	区别
102666	éĮ¢	錢
102667	ä¸»ç®¡	主管
102668	ä¸Ģçľĭ	一看
102669	æĸľ	斜
102670	åŃĺåľ¨çļĦ	存在的
102671	ä»²	仲
102672	åį±å®³	危害
102673	éĵŃ	铭
102674	æ¸¸æĪıä¸Ń	游戏中
102675	éħ±	酱
102676	é¾Ļå¤´	龙头
102677	äººå¿ĥ	人心
102678	éĢĢä¼ĳ	退休
102679	æµıè§Ī	浏览
102680	åĬ«	劫
102681	éĺ²æ²»	防治
102682	ç®Ń	箭
102683	å±Ī	屈
102684	è¾½å®ģ	辽宁
102685	å£¤	壤
102686	è¿İæĿ¥	迎来
102687	éŀį	鞍
102688	çĶ¨æĿ¥	用来
102689	å¤§åľ°	大地
102690	ä»°	仰
102691	éĢļè®¯	通讯
102692	å¼Ģå·¥	开工
102693	è£¤	裤
102694	å¦ĤåĲĮ	如同
102695	éª¤	骤
102696	éĺŁåĳĺ	队员
102697	è½©	轩
102698	ç¾İæľ¯	美术
102699	èĻŁ	號
102700	åĲĮä¸Ģ	同一
102701	åľĸ	圖
102702	ä¹¦æ³ķ	书法
102703	æīĵåį°	打印
102704	åĲ«æľī	含有
102705	éĽĨæĪĲ	集成
102706	éĹ·	闷
102707	å¸Ĥåľºä¸Ĭ	市场上
102708	æĹģè¾¹	旁边
102709	åľ°æĿ¿	地板
102710	äº§çĶŁçļĦ	产生的
102711	ç²¤	粤
102712	éĩįç»Ħ	重组
102713	è¡Ģæ¶²	血液
102714	çŃĭ	筋
102715	åĬŀäºĭ	办事
102716	å¸¸è§ģçļĦ	常见的
102717	ä¸ĬåįĬå¹´	上半年
102718	å±ıå¹ķ	屏幕
102719	åĲīæŀĹ	吉林
102720	å·©	巩
102721	åĸľçĪ±	喜爱
102722	ç¿ł	翠
102723	ä¸īç§į	三种
102724	æ¡Ĩæŀ¶	框架
102725	ä¸ľèİŀ	东莞
102726	çĶĺèĤĥ	甘肃
102727	èĬ¬	芬
102728	åĽ¾ä¹¦	图书
102729	åĩ¤åĩ°	凤凰
102730	æ°ĶåĢĻ	气候
102731	å°´	尴
102732	å°¬	尬
102733	ä¸¤å¤©	两天
102734	è¾ħå¯¼	辅导
102735	åĢŁæ¬¾	借款
102736	æĹ¥èµ·	日起
102737	æ´Ĵ	洒
102738	ä¸Ģåº¦	一度
102739	è¹Ī	蹈
102740	æ½Ń	潭
102741	æīĩ	扇
102742	çĻľ	癜
102743	æĸ°åħ´	新兴
102744	åĤ²	傲
102745	è¯¸å¤ļ	诸多
102746	è´ª	贪
102747	éĻ·åħ¥	陷入
102748	èĪŁ	舟
102749	èĤºçĤİ	肺炎
102750	ä¸Ģæł·çļĦ	一样的
102751	åİĺ	厘
102752	åľ°çĲĨ	地理
102753	æĬķæ³¨	投注
102754	éļĬ	隊
102755	åħīä¼ı	光伏
102756	ä¿Ŀåģ¥	保健
102757	åħĶ	兔
102758	åħ¬åĬ¡	公务
102759	æīĵçł´	打破
102760	çĶ·åŃ©	男孩
102761	åĬ³åĬ¡	劳务
102762	ä½łä¼ļ	你会
102763	çĶ¨åľ°	用地
102764	æº¢	溢
102765	åıĳè¾¾	发达
102766	èĤļ	肚
102767	è¿ĩäºİ	过于
102768	èĩĤ	臂
102769	éĢĻæ¨£	這樣
102770	è½»è½»	轻轻
102771	ä¸Ńåħ±	中共
102772	åĲĦåĽ½	各国
102773	åĶĩ	唇
102774	å®ŀä¹ł	实习
102775	èĻ¾	虾
102776	æ§½	槽
102777	ä¸įä¸Ĭ	不上
102778	åħįçĸ«	免疫
102779	åįłæį®	占据
102780	å·¥ä¼ļ	工会
102781	åĽĬ	囊
102782	èĪªå¤©	航天
102783	åı¯çĪ±	可爱
102784	æĸĹäºī	斗争
102785	çĺ¤	瘤
102786	å¦Ĥæľī	如有
102787	éĽĸ	雖
102788	å¯¹æĪĳ	对我
102789	åĩºç§Ł	出租
102790	å¥½çľĭ	好看
102791	å¤ªå¤§	太大
102792	æ°´åĪ©	水利
102793	åĬ¿åĬĽ	势力
102794	åħ¨æ°ĳ	全民
102795	ç½¢	罢
102796	èµ¢å¾Ĺ	赢得
102797	çĶµä¿¡	电信
102798	è½¦éĹ´	车间
102799	æĻĤåĢĻ	時候
102800	å°ĳæķ°	少数
102801	éĵ¸	铸
102802	åħ³èģĶ	关联
102803	ä¸įä»ħä»ħ	不仅仅
102804	ä¸ºæĤ¨	为您
102805	åĴ¸	咸
102806	æľºåĬ¨	机动
102807	è£Ļ	裙
102808	åĵįåºĶ	响应
102809	éģł	遠
102810	è²·	買
102811	ç©´	穴
102812	å¢ħ	墅
102813	éĶ¡	锡
102814	çµĦ	組
102815	çģ«è½¦	火车
102816	è³ĩè¨Ĭ	資訊
102817	åĨ³èµĽ	决赛
102818	æ±¡æ°´	污水
102819	èªŀ	語
102820	å´Ľ	崛
102821	ç´§å¯Ĩ	紧密
102822	ç¼ºå°ĳ	缺少
102823	å¤ļäºº	多人
102824	æĢ»ä¹¦è®°	总书记
102825	éĶĪ	锈
102826	èĳĽ	葛
102827	å¿ĺè®°	忘记
102828	éĻĮçĶŁ	陌生
102829	éķ¿å¤§	长大
102830	åħĪè¿ĽçļĦ	先进的
102831	ç¡ħ	硅
102832	åıĳæĺİ	发明
102833	å©´åĦ¿	婴儿
102834	æīİå®ŀ	扎实
102835	èĽĭçĻ½	蛋白
102836	ä¸ĢçĻ¾	一百
102837	çĽ®åħī	目光
102838	æħĮ	慌
102839	åĬłæ²¹	加油
102840	åĲŀ	吞
102841	ä¸Ģç¾¤	一群
102842	ä¸Ńä»ĭ	中介
102843	å¸ĸ	帖
102844	å¿Į	忌
102845	èģĮèĥ½	职能
102846	å¹¿æĴŃ	广播
102847	çĽĳå¯Ł	监察
102848	ç§ĺå¯Ĩ	秘密
102849	çĭ®	狮
102850	è¿ĻæĿ¡	这条
102851	éĢ¢	逢
102852	æĢ¨	怨
102853	åįģåħŃ	十六
102854	è©¦	試
102855	è¯´åĪ°	说到
102856	åĩĿèģļ	凝聚
102857	æĮĩç¤º	指示
102858	æ°¢	氢
102859	å¼ĺ	弘
102860	éĺĢ	阀
102861	æĸ©	斩
102862	éłħ	項
102863	ä¸Ģå¼Ģå§ĭ	一开始
102864	æİĴè¡Į	排行
102865	åľ¨æĪĳ	在我
102866	çºªå½ķ	纪录
102867	æĬĦ	抄
102868	æłª	株
102869	è¯´æ³ķ	说法
102870	ä¸Ńèį¯	中药
102871	å¥½å¤ļ	好多
102872	åıªä¸įè¿ĩ	只不过
102873	çķĻåľ¨	留在
102874	ä¸ªå°ıæĹ¶	个小时
102875	è®¤çŁ¥	认知
102876	çķ«	畫
102877	è§ģè¿ĩ	见过
102878	å°ıå¾®	小微
102879	ä½Ľå±±	佛山
102880	çľ¾	眾
102881	è®²è¿°	讲述
102882	æ¢³	梳
102883	ç§°åı·	称号
102884	æĹ¥æĻļ	日晚
102885	è¢ĸ	袖
102886	åķ¤	啤
102887	æľªç»ı	未经
102888	æľĢæĹ©	最早
102889	æī®æ¼Ķ	扮演
102890	è¡Ģç®¡	血管
102891	çº±	纱
102892	æĥħèĬĤ	情节
102893	ç¬¬ä¸ĥ	第七
102894	æį§	捧
102895	ä»Ĺ	仗
102896	æ¿ĢçĥĪ	激烈
102897	æĹłçº¿	无线
102898	ä¸įå®¹æĺĵ	不容易
102899	å¼Ģå¹ķ	开幕
102900	æĸ°çĶŁ	新生
102901	ä¸ĵæ³¨	专注
102902	èĳ±	葱
102903	åįĹæµ·	南海
102904	çĩŁ	營
102905	èµ·ä¾Ĩ	起來
102906	æ´¾åĩº	派出
102907	åĦĴ	儒
102908	ä¾¨	侨
102909	è¼ĥ	較
102910	åįļè§Ī	博览
102911	éĢ¾	逾
102912	åĮĢ	匀
102913	ç»ıæµİåŃ¦	经济学
102914	æ¸Ĺ	渗
102915	ä¿ĿèŃ·	保護
102916	çīº	牺
102917	çī²	牲
102918	çİ«	玫
102919	çĳ°	瑰
102920	æľĢåĲİä¸Ģ	最后一
102921	æĶ¿åĬ¡	政务
102922	æ§Ľ	槛
102923	èĻķçĲĨ	處理
102924	éļĲæĤ£	隐患
102925	æī¿åĮħ	承包
102926	æ¥µ	極
102927	æ¡©	桩
102928	çĽ²	盲
102929	å¯¼åĲĳ	导向
102930	èĩ´å¯Į	致富
102931	ç¼Ĩ	缆
102932	æģĭçĪ±	恋爱
102933	ä¸įåĬ¨	不动
102934	ç»Ļäºº	给人
102935	å·¢	巢
102936	è¡¨æĥħ	表情
102937	ä¸ľåįĹ	东南
102938	åĨħå¤ĸ	内外
102939	è¾ĪåŃĲ	辈子
102940	åıī	叉
102941	åįļä¼ļ	博会
102942	åĬŁæķĪ	功效
102943	æ¸´	渴
102944	å±¬	屬
102945	æİĴéĻ¤	排除
102946	éĢĽ	逛
102947	ä¸Ģä¼ļ	一会
102948	ä¸įå¼Ģ	不开
102949	å¼Ģå¥ĸ	开奖
102950	é»ĳé¾Ļ	黑龙
102951	é»ĳé¾Ļæ±Ł	黑龙江
102952	å¿«ä¸ī	快三
102953	åº¦åģĩ	度假
102954	åĿ¤	坤
102955	éĤ®ä»¶	邮件
102956	æĩĴ	懒
102957	ä¾ĽçĶµ	供电
102958	å»£	廣
102959	å¥½è¯Ħ	好评
102960	ç§ĺä¹¦éķ¿	秘书长
102961	æĪĺåľº	战场
102962	å¥½å¥ĩ	好奇
102963	ä¾µæĿĥ	侵权
102964	æĨ¾	憾
102965	æľĢåĪĿ	最初
102966	æī¹åıĳ	批发
102967	åİķ	厕
102968	è¼ķ	輕
102969	æŀ¯	枯
102970	ä¸ļåĨħ	业内
102971	è´ŃæĪ¿	购房
102972	ä¸įåľ¨	不在
102973	çºªå§Ķ	纪委
102974	æīĢéľĢ	所需
102975	å¸Ĥéķ¿	市长
102976	è³½	賽
102977	å¼ķæĵİ	引擎
102978	çģµéŃĤ	灵魂
102979	éĬĢ	銀
102980	æ»¤	滤
102981	çĿĲ	睐
102982	å¤ļé¡¹	多项
102983	åĽŀå¤´	回头
102984	èīĺ	艘
102985	å¤įå·¥	复工
102986	éĥ¨ä»¶	部件
102987	ç´§ç´§	紧紧
102988	æŁĲç§į	某种
102989	ä½¿åħ¶	使其
102990	æĸ°äºº	新人
102991	æŀļ	枚
102992	æ³ķå®ļ	法定
102993	å·´å·´	巴巴
102994	æ¶µçĽĸ	涵盖
102995	ç¨»	稻
102996	æĭ¾	拾
102997	æĻķ	晕
102998	è½¿	轿
102999	éĢļè¡Į	通行
103000	åĵĢ	哀
103001	æ³Ĭ	泊
103002	æ¸©é¦¨	温馨
103003	éĽĨèģļ	集聚
103004	çĨĻ	熙
103005	åĩĳ	凑
103006	åįģä¸ĥ	十七
103007	æ°Ķæģ¯	气息
103008	æıĲä¾ĽçļĦ	提供的
103009	æ³³	泳
103010	å¥¥è¿Ĳ	奥运
103011	çģ¾å®³	灾害
103012	åĩĢåĮĸ	净化
103013	è·¨è¶Ĭ	跨越
103014	åĵªæĢķ	哪怕
103015	éŁ¿	響
103016	å¢ŀæ·»	增添
103017	çĦĬ	焊
103018	æ®ĭçĸ¾	残疾
103019	ç¢Į	碌
103020	æĤĶ	悔
103021	è§ģè¯ģ	见证
103022	è¾ĸåĮº	辖区
103023	å¿ĥèĦı	心脏
103024	éļ§	隧
103025	åį¸	卸
103026	åı¯èĥ½æĢ§	可能性
103027	æľīè¶£	有趣
103028	åī¯ä¹¦è®°	副书记
103029	åĮĸå¦Ĩ	化妆
103030	ä¿Ĥ	係
103031	æ£ļ	棚
103032	éĨĩ	醇
103033	å¸¦å¤´	带头
103034	éłĪ	須
103035	è¿½ç©¶	追究
103036	æĳĶ	摔
103037	è¿Ļéĥ¨	这部
103038	ä¸įè®º	不论
103039	ç¥¸	祸
103040	å³»	峻
103041	éģķ	違
103042	çĶŁèĤ²	生育
103043	å¤ł	夠
103044	å¤ĸäº¤	外交
103045	è¯Ħä¸º	评为
103046	ä»İå°ı	从小
103047	å°ıå°ı	小小
103048	é¥¿	饿
103049	æĴ¼	撼
103050	è·¨å¢ĥ	跨境
103051	è¢«åĳĬ	被告
103052	åįĹå®ģ	南宁
103053	èº«å¿ĥ	身心
103054	åĨįçĶŁ	再生
103055	æīĢè¯´	所说
103056	æĹ¶éĹ´åĨħ	时间内
103057	åĪĹåħ¥	列入
103058	éĿĴæµ·	青海
103059	çĪ±å¥½	爱好
103060	çªĦ	窄
103061	èĪĪ	興
103062	è¿ĩæ¸¡	过渡
103063	æ¿Ł	濟
103064	éĽĢ	雀
103065	å®¡è®®	审议
103066	åĽ½èµĦ	国资
103067	æŃ¥ä¼Ĳ	步伐
103068	è½¨éģĵ	轨道
103069	ä¿¡å¿µ	信念
103070	ä¸īåĪĨ	三分
103071	çĨ¬	熬
103072	åŃµåĮĸ	孵化
103073	ç¼ł	缠
103074	éĥĬ	郊
103075	èĪĴæľį	舒服
103076	çºªæ£Ģ	纪检
103077	ä¸Ģä¸ĭåŃĲ	一下子
103078	éĽ»è©±	電話
103079	è²ł	負
103080	éĴ¥	钥
103081	åĮĻ	匙
103082	çĹ´	痴
103083	è¶ģ	趁
103084	ç»£	绣
103085	çĪµ	爵
103086	è½°	轰
103087	éªĦ	骄
103088	å§¨	姨
103089	æĭĺ	拘
103090	çĮ´	猴
103091	è®¶	讶
103092	è¿Ļåº§	这座
103093	çį¨	獨
103094	æ·ĺæ±°	淘汰
103095	çĹħä¾ĭ	病例
103096	æ²Ļåıĳ	沙发
103097	è§Ĩä¸º	视为
103098	å¤´æĿ¡	头条
103099	å¿ħè¦ģçļĦ	必要的
103100	åı¯è°ĵ	可谓
103101	è¯Ŀè¯´	话说
103102	ç¯Ħ	範
103103	æĹ©çĤ¹	早点
103104	æŀ¢çº½	枢纽
103105	ç¾¡	羡
103106	çĪ±åĽ½	爱国
103107	çªģåıĳ	突发
103108	éĢĬ	逊
103109	æ½į	潍
103110	èį£èĢĢ	荣耀
103111	èŁ¹	蟹
103112	æ¦Ĥçİĩ	概率
103113	å¾Īä¹ħ	很久
103114	æĥķ	惕
103115	è¨´	訴
103116	åľĨæ»¡	圆满
103117	çļ±	皱
103118	åĪĨæ³Į	分泌
103119	åħħè¶³	充足
103120	çľĭæ³ķ	看法
103121	è¾Ł	辟
103122	æĭ¦	拦
103123	æĭ©	择
103124	å¯¹åºĶ	对应
103125	ä¸ºæł¸å¿ĥ	为核心
103126	èħĬ	腊
103127	å¤ļä¹Ī	多么
103128	æµĳ	浑
103129	å®ıè§Ĥ	宏观
103130	èĦĸ	脖
103131	åĲĪèµĦ	合资
103132	çĶŁæ¶¯	生涯
103133	å®ŀè´¨	实质
103134	ä¼ĺçĤ¹	优点
103135	çĶ¨æ°´	用水
103136	å¯¿åĳ½	寿命
103137	æ²«	沫
103138	åĲģ	吁
103139	è©¹	詹
103140	åĽ½éĺ²	国防
103141	å´©	崩
103142	åĿİ	坎
103143	èĨı	膏
103144	ä¸Ģè½®	一轮
103145	éģĹäº§	遗产
103146	æ¹¾åĮº	湾区
103147	ç»İ	绎
103148	åįķçº¯	单纯
103149	æ¾Ħ	澄
103150	åīįåĪĹ	前列
103151	èº«å½±	身影
103152	é»ĺé»ĺ	默默
103153	æįī	捉
103154	çĴ°	環
103155	èıĬ	菊
103156	æĢľ	怜
103157	åħĭæĢĿ	克思
103158	æĢ»å±Ģ	总局
103159	çĩĥæĸĻ	燃料
103160	ä¸ļæĢģ	业态
103161	åĲĦæł·	各样
103162	åĴ½	咽
103163	åĩºèī²	出色
103164	åĪĿå¿ĥ	初心
103165	åıĽ	叛
103166	çłĶè®¨	研讨
103167	è¡«	衫
103168	åİĨç¨ĭ	历程
103169	ç¦½	禽
103170	è¶³å¤ŁçļĦ	足够的
103171	èįĨ	荆
103172	çľĭå¾ħ	看待
103173	è´©	贩
103174	åĨ³å¿ĥ	决心
103175	è£¹	裹
103176	å¸ĪèĮĥ	师范
103177	åŀĦ	垄
103178	æĿł	杠
103179	åĩ¸	凸
103180	çĬ¹è±«	犹豫
103181	çĥŃè¡Ģ	热血
103182	åĲĪä¼Ļ	合伙
103183	éħµ	酵
103184	èĲ½åľ¨	落在
103185	åįłåľ°	占地
103186	è¡¬	衬
103187	èĵī	蓉
103188	æĦ¤	愤
103189	æ¸Ĭ	渊
103190	åĪĨæķ°	分数
103191	ç¬ĳçĿĢ	笑着
103192	å¤ªå¹³	太平
103193	çĤ«	炫
103194	æİ¨ä»ĭ	推介
103195	æĸ¯åĿ¦	斯坦
103196	å½¢å®¹	形容
103197	æĵĬ	擊
103198	æĦŁåħ´è¶£	感兴趣
103199	åĨĽäºº	军人
103200	åĩĮæĻ¨	凌晨
103201	å¯¹çħ§	对照
103202	åıĳçĹħ	发病
103203	å·¾	巾
103204	èĪī	舉
103205	æª¢	檢
103206	ç¬ĳäºĨ	笑了
103207	ç¡®è¯Ĭ	确诊
103208	è´ŁåĢº	负债
103209	å£®å¤§	壮大
103210	æĪļ	戚
103211	äºĴèģĶ	互联
103212	èª²	課
103213	èħ¦	腦
103214	æĹ±	旱
103215	åıĹæ¬¢è¿İ	受欢迎
103216	åįī	卉
103217	éĻ¢å£«	院士
103218	æ©¡	橡
103219	ä¸Ģå¯¹	一对
103220	è¾±	辱
103221	æ²Ĥ	沂
103222	åı²ä¸Ĭ	史上
103223	æĲı	搏
103224	å´ĸ	崖
103225	ä»£è°¢	代谢
103226	ç£·	磷
103227	é¡ĺ	願
103228	æµĩ	浇
103229	å¸¸çĶ¨	常用
103230	åįĳ	卑
103231	åĩºåĽ½	出国
103232	è¯ł	诠
103233	ç¨³æŃ¥	稳步
103234	ç»ıçºª	经纪
103235	å¤ļå¤ļ	多多
103236	æīĢå¾Ĺ	所得
103237	ä¸ºä¸»é¢ĺ	为主题
103238	ä¸ĢåĪĨ	一分
103239	æł½	栽
103240	é¡§	顧
103241	çº²	纲
103242	åĥħ	僅
103243	å£ĵ	壓
103244	åĦª	優
103245	ç¿°	翰
103246	æİĢ	掀
103247	äººä¸º	人为
103248	åª³	媳
103249	æ´½	洽
103250	èĿ¶	蝶
103251	å¤įåħ´	复兴
103252	ä¼ļå½±åĵį	会影响
103253	åĲĦçķĮ	各界
103254	éĤ£ä¸Ģ	那一
103255	é¢¤	颤
103256	çĢı	瀏
103257	çĢıè¦½	瀏覽
103258	å¯ŀ	寞
103259	åı¯æĢķ	可怕
103260	åį³æĹ¶	即时
103261	çķ´	畴
103262	ä¸ĭåįĬå¹´	下半年
103263	ç¬Ķè®°	笔记
103264	éĻĦåĬł	附加
103265	çĥŃæ°´	热水
103266	å¥¸	奸
103267	ç£ħ	磅
103268	æĿī	杉
103269	æ¸ħåįİ	清华
103270	éĸ±	閱
103271	ç°¡	簡
103272	å¤Ħå¤Ħ	处处
103273	åĲĪéĩĳ	合金
103274	æ²³æµģ	河流
103275	ç´°	細
103276	è´ŁéĿ¢	负面
103277	çļĦçľŁå®ŀ	的真实
103278	åĻ¨æ¢°	器械
103279	èĴĲ	蒐
103280	è¥¿äºļ	西亚
103281	å·ħ	巅
103282	ç²¹	粹
103283	åİŁæĸĩ	原文
103284	æŀķ	枕
103285	è¡Ģåİĭ	血压
103286	åļ´	嚴
103287	å¸ĺ	帘
103288	åĨĢ	冀
103289	æĮ«	挫
103290	çĶµè·¯	电路
103291	å°ıä¼Ļä¼´	小伙伴
103292	èĿ´	蝴
103293	æľĢå¿«	最快
103294	æĭĮ	拌
103295	å®ª	宪
103296	æĸ·	斷
103297	ç¿ħ	翅
103298	åĴ³	咳
103299	åĹ½	嗽
103300	ç¾ŀ	羞
103301	èººåľ¨	躺在
103302	èµĽè½¦	赛车
103303	æ²Ĳ	沐
103304	éĻĲåº¦	限度
103305	ä¸ºä¸Ģä½ĵ	为一体
103306	èĴľ	蒜
103307	å¹«	幫
103308	æĲħ	搅
103309	åĭĭ	勋
103310	åīĸ	剖
103311	çº³ç¨İ	纳税
103312	éķ¿æķĪ	长效
103313	ç½ķ	罕
103314	åī¯æľ¬	副本
103315	ç©į	積
103316	éĴ©	钩
103317	ç¹¼	繼
103318	åĽ½åľŁ	国土
103319	è¼ī	載
103320	ä¸įå¿ĺ	不忘
103321	èŃ¦ç¤º	警示
103322	çģ¿	灿
103323	å¿ĥå¾Ĺ	心得
103324	æĦļ	愚
103325	å¿½çķ¥	忽略
103326	åĽŀäºĭ	回事
103327	åįłæľī	占有
103328	æ·Ħ	淄
103329	çī¡	牡
103330	çĽĳäºĭ	监事
103331	ç¿¡	翡
103332	éĴĪå¯¹æĢ§	针对性
103333	çªĥ	窃
103334	è£½	製
103335	èĨĿ	膝
103336	ç³Ł	糟
103337	æ¸¯æ¾³	港澳
103338	å¤ªå¤ª	太太
103339	æ¾¡	澡
103340	ç»ĨåĮĸ	细化
103341	åĶ®åĲİ	售后
103342	å®ŀåľ¨æĺ¯	实在是
103343	ç«£	竣
103344	çį²	獲
103345	åĢ¾åĲĳ	倾向
103346	å¼ķçĶ¨	引用
103347	é¹ħ	鹅
103348	ç¬ĳå®¹	笑容
103349	ä¹Ĳè¶£	乐趣
103350	æ°ĳæĶ¿	民政
103351	éĹ¨æĪ·	门户
103352	å±ģ	屁
103353	è¿·å¤±	迷失
103354	éĶĮ	锌
103355	å°ıåº·	小康
103356	åĭī	勉
103357	æ³¼	泼
103358	ä¾ĭåŃĲ	例子
103359	ä¸īä½į	三位
103360	å»ł	廠
103361	èĶĵ	蔓
103362	å¹¿éĺĶ	广阔
103363	èĢį	耍
103364	èĢģèĻİ	老虎
103365	åĭŁéĽĨ	募集
103366	èĦļæŃ¥	脚步
103367	æĭ¯	拯
103368	åŃĹåı·	字号
103369	çĦ°	焰
103370	é¢ł	颠
103371	èļĤ	蚂
103372	èļģ	蚁
103373	é£¯	飯
103374	äººæĢ§	人性
103375	æĴ°	撰
103376	åİ¢	厢
103377	å±ĢéĻĲ	局限
103378	æľªæĪĲ	未成
103379	åĵªåĦ¿	哪儿
103380	å¤§åıĳ	大发
103381	ä¸įå®ļ	不定
103382	å¾ģæ±Ĥ	征求
103383	éĥµ	郵
103384	åĢºæĿĥ	债权
103385	çĪ±ä½ł	爱你
103386	èºģ	躁
103387	ä»ħä¾Ľ	仅供
103388	è¿ľå¤Ħ	远处
103389	éĨĽ	醛
103390	åĥµ	僵
103391	ç§¯æŀģæĢ§	积极性
103392	æİ¡	採
103393	åīįä¸ī	前三
103394	äºİä¸Ģä½ĵ	于一体
103395	çŀĦ	瞄
103396	çĿģ	睁
103397	æ²¸	沸
103398	åħ±èµ¢	共赢
103399	éĢĢå½¹	退役
103400	è´Ŀå°Ķ	贝尔
103401	æİı	掏
103402	æĪ²	戲
103403	è¡į	衍
103404	éĶĤ	锂
103405	ä¸ĩä½Ļ	万余
103406	ç§ĳåĪĽ	科创
103407	æ¼ĶåĶ±	演唱
103408	æ¬§åħĥ	欧元
103409	æ·¡æ·¡	淡淡
103410	éĿĴå±±	青山
103411	èĹĿ	藝
103412	ç»½	绽
103413	ä»¤çīĮ	令牌
103414	éĽĨç¾¤	集群
103415	ä½ľçī©	作物
103416	çĢĳ	瀑
103417	å¤¯	夯
103418	ç½ĳæ¸¸	网游
103419	åħ«å¤§	八大
103420	éªļ	骚
103421	èªĵ	誓
103422	ä¼ļå±ķ	会展
103423	åħļåı²	党史
103424	æ£Ģå¯ŁéĻ¢	检察院
103425	åĸĺ	喘
103426	éĺ±	阱
103427	èĢĮåĩº	而出
103428	éĢļè½¦	通车
103429	éĴĵ	钓
103430	æĥħäºº	情人
103431	æ¸Ľ	減
103432	ä¸Ńç§ĭ	中秋
103433	çĪŃ	爭
103434	åıªåī©	只剩
103435	æĺĶ	昔
103436	éĩİçĶŁ	野生
103437	ç¡«	硫
103438	èĲĿåįľ	萝卜
103439	æĬµæĬĹ	抵抗
103440	çĻ«çĹ«	癫痫
103441	éĻĢ	陀
103442	èĶļ	蔚
103443	å¸ľ	帜
103444	æ»¡æ»¡	满满
103445	èı±	菱
103446	éļĨéĩį	隆重
103447	æĺŁçº§	星级
103448	æ½ĩ	潇
103449	åħ¬åħĥ	公元
103450	è°£	谣
103451	æ¯Ķäºļ	比亚
103452	æ¡ĮåŃĲ	桌子
103453	èµ£	赣
103454	è²¼	貼
103455	æĦ¿æľĽ	愿望
103456	é¡½	顽
103457	æ´¾éģ£	派遣
103458	ç¥Ľ	祛
103459	åªļ	媚
103460	éĺľ	阜
103461	èĳ«	葫
103462	èĬ¦	芦
103463	æ³»	泻
103464	å¡Į	塌
103465	çĭŃ	狭
103466	å»īæĶ¿	廉政
103467	å¥ĳæľº	契机
103468	æĹĹèĪ°	旗舰
103469	æĥ«	惫
103470	ä¸¥åİī	严厉
103471	åıĭæĥħ	友情
103472	å¦Ĭ	妊
103473	å¨ł	娠
103474	åĵªå®¶	哪家
103475	èĨ¨	膨
103476	è¶Ł	趟
103477	æĮª	挪
103478	èĻĲ	虐
103479	éłģ	頁
103480	çŀ©	瞩
103481	éºŁ	麟
103482	ç¨£	稣
103483	èģĶéĢļ	联通
103484	åı®	叮
103485	çİĭèĢħ	王者
103486	ä¸įç¡®å®ļ	不确定
103487	çĳľ	瑜
103488	è°İ	谎
103489	çī¢è®°	牢记
103490	ç¢¼	碼
103491	æĬ¤èĤ¤	护肤
103492	é¡·	顷
103493	çĦķ	焕
103494	åģļå¼º	做强
103495	éļ±ç§ģ	隱私
103496	éļ±ç§ģæ¬Ĭ	隱私權
103497	åıĹå®³	受害
103498	ä¸įçĶ±	不由
103499	çĥ¹	烹
103500	é¥ª	饪
103501	é©³	驳
103502	ä¼½	伽
103503	ä¸Ŀç»¸	丝绸
103504	è¥Ħ	襄
103505	åįģä½Ļ	十余
103506	éºĹ	麗
103507	æ¬ĬåĪ©	權利
103508	èģŀ	聞
103509	åı¤èĢģ	古老
103510	éģı	遏
103511	åĲĦå¼ı	各式
103512	å°±è¡Į	就行
103513	åħ¥å¢ĥ	入境
103514	çĥģ	烁
103515	èľĺ	蜘
103516	èĽĽ	蛛
103517	çº¬	纬
103518	çŁ«	矫
103519	è»Ł	軟
103520	æ´Ĺè¡£	洗衣
103521	æĦ§	愧
103522	é¢Ħæ¡Ī	预案
103523	éľĨ	霆
103524	æ·±åİļ	深厚
103525	éĺ¿æĭī	阿拉
103526	åĨĻåŃĹ	写字
103527	åį¦	卦
103528	éķĢ	镀
103529	æ¨¡æł·	模样
103530	åĤį	傍
103531	æĲį	損
103532	èĸ¯	薯
103533	åłħ	堅
103534	åħ¬ç§¯	公积
103535	è¨İ	討
103536	ä¼łæŁĵ	传染
103537	æ¯¯	毯
103538	çĲĨå·¥	理工
103539	åĨ·éĵ¾	冷链
103540	ç«ĭæĸ¹	立方
103541	æ¢Ń	梭
103542	åľ£è¯ŀ	圣诞
103543	ç»¼èīº	综艺
103544	çİ©ç¬ĳ	玩笑
103545	æĥ³ä¸įåĪ°	想不到
103546	æĳĩå¤´	摇头
103547	æ·¹	淹
103548	åģĩæĹ¥	假日
103549	åĢĺ	倘
103550	èĢ½	耽
103551	èİĵ	莓
103552	åŁ·	執
103553	èĩªè´¸	自贸
103554	åįĬå¤©	半天
103555	æªĶ	檔
103556	æ¾İæ¹ĥ	澎湃
103557	éķĳ	镑
103558	ä¸«	丫
103559	éĩĮç¨ĭ	里程
103560	å¼ĢèįĴ	开荒
103561	èıı	菏
103562	å®Ŀè´µ	宝贵
103563	èŃ¬	譬
103564	åķŁ	啟
103565	æŁł	柠
103566	æª¬	檬
103567	é©Ń	驭
103568	æ±Ľ	汛
103569	çĨĬçĮ«	熊猫
103570	èķī	蕉
103571	éļıä¹ĭ	随之
103572	å±ĳ	屑
103573	è¾ĥå¼º	较强
103574	èĥ³	胳
103575	èĨĬ	膊
103576	éĿĻéĿĻ	静静
103577	åĴª	咪
103578	æĭĽåĳ¼	招呼
103579	ä»£è¨Ģ	代言
103580	ä¿¡ç®±	信箱
103581	è£ħéħį	装配
103582	æĤį	悍
103583	åįķè½¦	单车
103584	èĲİ	萎
103585	å¤ļå½©	多彩
103586	éĻ¸	陸
103587	ä»İä¸¥	从严
103588	æ©Ħ	橄
103589	æ¦Ħ	榄
103590	éĢ®	逮
103591	éĩĮæĸ¯	里斯
103592	å§¿æĢģ	姿态
103593	å¤ªæŀģ	太极
103594	éĩĿ	針
103595	æºī	溉
103596	è¿Ń	迭
103597	ç§¸	秸
103598	ç§Ĩ	秆
103599	å·¥å§Ķ	工委
103600	æ±ķ	汕
103601	èģĨ	聆
103602	ä½¬	佬
103603	ç¼ħ	缅
103604	çĶ¸	甸
103605	åī¯å±Ģéķ¿	副局长
103606	éĹº	闺
103607	èª¤	誤
103608	è¤Ĳ	褐
103609	ä¸įéĻĲ	不限
103610	èħķ	腕
103611	åĳķ	呕
103612	çŁ¶	矶
103613	åĨľå®¶	农家
103614	ç®¡å§Ķä¼ļ	管委会
103615	é¥º	饺
103616	èĬľ	芜
103617	æ¾Ī	澈
103618	è©¢	詢
103619	å¨ģå°¼æĸ¯	威尼斯
103620	ä½ķåĨµ	何况
103621	å°ıä¼Ļ	小伙
103622	å¥¢ä¾Ī	奢侈
103623	è¿Ļç¯ĩ	这篇
103624	è¯µ	诵
103625	ç«łç¨ĭ	章程
103626	ç´Ģ	紀
103627	éĲĺ	鐘
103628	éĤ¢	邢
103629	ç³Ļ	糙
103630	ç¼Ģ	缀
103631	ä¹Ĵ	乒
103632	ä¹ĵ	乓
103633	çī¢åĽº	牢固
103634	åĿŀ	坞
103635	å¼Ī	弈
103636	ä¾ĭå¤ĸ	例外
103637	å»³	廳
103638	è§Ħç«ł	规章
103639	èĬĻ	芙
103640	ç¯·	篷
103641	èº¯	躯
103642	æłĪ	栈
103643	åĿļå®ŀ	坚实
103644	åŁºå»º	基建
103645	çĿĢçľ¼	着眼
103646	ç·´	練
103647	èĳ©	葩
103648	ç¼ļ	缚
103649	æ¦Ĩ	榆
103650	ä¸»åĭķ	主動
103651	ç¥Ģ	祀
103652	äºĴéĢļ	互通
103653	å°¤ä¸º	尤为
103654	å®Ľ	宛
103655	éª¼	骼
103656	æ±²	汲
103657	ä¾ĥ	侃
103658	æĤłä¹ħ	悠久
103659	æĳ§	摧
103660	æĭĩ	拇
103661	é«ĵ	髓
103662	éºĴ	麒
103663	éĻĽ	陛
103664	æŀ¸	枸
103665	æĿŀ	杞
103666	è´¬	贬
103667	å°ıé¾Ļ	小龙
103668	åĵ®	哮
103669	èĵ¬åĭĥ	蓬勃
103670	åĮĪ	匈
103671	çķľçī§	畜牧
103672	å¨©	娩
103673	ä¸ªå¤ļ	个多
103674	æ²¥	沥
103675	æĺ§	昧
103676	çĦļ	焚
103677	æĬĳéĥģ	抑郁
103678	çĸ¡	疡
103679	èĺĳ	蘑
103680	éģİç¨ĭ	過程
103681	æ©±	橱
103682	éĿĵ	靓
103683	å¤§çĲĨ	大理
103684	é«¦	髦
103685	åĪĨè¾¨	分辨
103686	æ¸¤	渤
103687	çĸ¤	疤
103688	åĬ¨èĥ½	动能
103689	å¼łå®¶	张家
103690	ä¸ĩåįĥ	万千
103691	æ»¥	滥
103692	é¥¥	饥
103693	åºŁå¼ĥ	废弃
103694	å¸³	帳
103695	æ¼³	漳
103696	è±Ĳ	豐
103697	ä»ĳ	仑
103698	å«ī	嫉
103699	å¦Ĵ	妒
103700	çŀĴ	瞒
103701	è¡ħ	衅
103702	çĭ¸	狸
103703	å¾ģç¨ĭ	征程
103704	éĤ¯	邯
103705	éĥ¸	郸
103706	ç¥Ī	祈
103707	ç¥·	祷
103708	è¶´	趴
103709	ç»ĵæŀĦæĢ§	结构性
103710	è§ĨåĲ¬	视听
103711	è¬Ŀ	謝
103712	çĴĢ	璀
103713	çĴ¨	璨
103714	åĩºå¤Ħ	出处
103715	è¯Ģ	诀
103716	å¾ĺ	徘
103717	å¾Ĭ	徊
103718	çľ¨	眨
103719	åĸĩ	喇
103720	åıŃ	叭
103721	åĺ²	嘲
103722	çķ¸	畸
103723	å¹²äºĭ	干事
103724	æļ§	暧
103725	æ²Ľ	沛
103726	åĦĦ	億
103727	å»ĵ	廓
103728	åİ¿éķ¿	县长
103729	èĥļ	胚
103730	çĲ¢	琢
103731	çŃ·	筷
103732	éĩĭ	釋
103733	ä¾®	侮
103734	åĲ©	吩
103735	åĴĲ	咐
103736	åĮ¿	匿
103737	æĬ¬èµ·	抬起
103738	æ³£	泣
103739	æ¶¤	涤
103740	éº½	麽
103741	æĽĻ	曙
103742	åī¯éĻ¢éķ¿	副院长
103743	åħļåĴĮ	党和
103744	æķ£åıĳ	散发
103745	æ¶¦æ»ĳ	润滑
103746	åĵº	哺
103747	æĥ¬	惬
103748	æ¼«éķ¿	漫长
103749	ä¸įæĩĪ	不懈
103750	åŁł	埠
103751	åĹĵ	嗓
103752	èĢģçĪ·	老爷
103753	è®½	讽
103754	æĪĺç»ĦåĲĪ	战组合
103755	æ£ł	棠
103756	åħ¨åŁŁ	全域
103757	èł¢	蠢
103758	è¯¡	诡
103759	åīįçŀ»	前瞻
103760	æķĽ	敛
103761	ä¸Ģå°ģ	一封
103762	å¹Ĥ	幂
103763	èİĨ	莆
103764	è¯Ŀè¯Ń	话语
103765	ç»ĨåĪĻ	细则
103766	å±¿	屿
103767	åµĮ	嵌
103768	éĢį	逍
103769	åĺ±	嘱
103770	æ¸²	渲
103771	çĥ¯	烯
103772	çĿ¹	睹
103773	é¦Ĵ	馒
103774	èħ¥	腥
103775	æĬĹåĩ»	抗击
103776	çĿ«	睫
103777	èįĶ	荔
103778	éļİ	階
103779	æ³īæ°´	泉水
103780	è¬Ĥ	謂
103781	çĤ¬	炬
103782	åĩıæİĴ	减排
103783	è¸Ĭ	踊
103784	è·»	跻
103785	æ·Į	淌
103786	éľ¾	霾
103787	å¥ĩçº³	奇纳
103788	å¯Ŀ	寝
103789	æ¤İ	椎
103790	æŁ¬	柬
103791	æĸ¯åŁº	斯基
103792	åħ¬ç«ĭ	公立
103793	è¨ĵ	訓
103794	é£Ļ	飙
103795	é©¿	驿
103796	åĤµ	債
103797	èĽĻ	蛙
103798	ç¯ĩç«ł	篇章
103799	åĪĨæĶ¯	分支
103800	ä¸Ĭå¹´	上年
103801	çŃĿ	筝
103802	ç¼¤	缤
103803	èĢģæĹ§	老旧
103804	åĻ¬	噬
103805	æľ¦	朦
103806	èĥ§	胧
103807	æ¶Īè²»	消費
103808	æĵĶ	擔
103809	æ¦´	榴
103810	æ¿Ĵ	濒
103811	ç³¯	糯
103812	æ³¸	泸
103813	æįĨ	捆
103814	ç»ļ	绚
103815	èµİ	赎
103816	çĲĲ	琐
103817	èµĤ	赂
103818	æħ®	慮
103819	æ²Į	沌
103820	çĦĻ	焙
103821	æĴŃæĬ¥	播报
103822	æ·ĩ	淇
103823	åĪĩåħ¥	切入
103824	çĳķ	瑕
103825	çĸµ	疵
103826	éģ´	遴
103827	ç¨ļ	稚
103828	ç©©	穩
103829	èŀĥ	螃
103830	æ£ķ	棕
103831	æĨ§	憧
103832	æĨ¬	憬
103833	ä¼º	伺
103834	æ¯Ĺ	毗
103835	æįį	捍
103836	æĬī	抉
103837	ç´Ĭ	紊
103838	å¼Ľ	弛
103839	æĭŃ	拭
103840	æĹıèĩªæ²»	族自治
103841	åĿ·	坷
103842	ç«¶	競
103843	è©³	詳
103844	è¿Ħä»Ĭ	迄今
103845	è°´	谴
103846	çŀŃè§£	瞭解
103847	æŁ¿	柿
103848	é¢Ĭ	颊
103849	ç°§	簧
103850	çĥŁèĬ±	烟花
103851	ä¾¥	侥
103852	çĿ¦	睦
103853	éħĿ	酝
103854	æ°ĵ	氓
103855	çĲī	琉
103856	å§Ĭ	姊
103857	æ²®	沮
103858	æħ·	慷
103859	èľķ	蜕
103860	çĳļ	瑚
103861	éĩĩçŁ¿	采矿
103862	åł°	堰
103863	åºķèķ´	底蕴
103864	èĨ³	膳
103865	è¾ķ	辕
103866	éŁŃ	韭
103867	åĴĻ	咙
103868	ç²½	粽
103869	åīĶ	剔
103870	æ²¦	沦
103871	èĤ´	肴
103872	éķ¶	镶
103873	æĺ¼	昼
103874	è¾Ĺ	辗
103875	å©ª	婪
103876	åĮ®	匮
103877	æĸĵ	斓
103878	æ±¶	汶
103879	éĥ´	郴
103880	éł»	頻
103881	çªĴ	窒
103882	è¢±	袱
103883	åĽ±	囱
103884	èĢĺ	耘
103885	èļĮ	蚌
103886	çĭĻ	狙
103887	çĹ¹	痹
103888	ç¥ī	祉
103889	æı®	揮
103890	æ·Ĩ	淆
103891	ç£ĭ	磋
103892	éĺª	阪
103920	çļĦæĹ¶åĢĻ	的时候
103921	æľīéĻĲåħ¬åı¸	有限公司
103922	ä¹ĭåĲİ	之后
103923	ä¸ļåĬ¡	业务
103924	åķĬ	啊
103925	èĻ½çĦ¶	虽然
103926	æĭ¥æľī	拥有
103927	äºĴèģĶç½ĳ	互联网
103928	éĤ£äºĽ	那些
103929	ä½łçļĦ	你的
103930	åĨ³å®ļ	决定
103931	éĻ¤äºĨ	除了
103932	åĽ¢éĺŁ	团队
103933	åı¯æĺ¯	可是
103934	ä»¥åĲİ	以后
103935	ç¤¾åĮº	社区
103936	çļĦéĹ®é¢ĺ	的问题
103937	å¹¶ä¸Ķ	并且
103938	æķĻå¸Ī	教师
103939	å°±ä¼ļ	就会
103940	å¤©ç©ºéĥ¨èĲ½	天空部落
103941	æľĢç»Ī	最终
103942	å½ĵçĦ¶	当然
103943	ä¹Łæľī	也有
103944	ç¡®ä¿Ŀ	确保
103945	æĥ³è¦ģ	想要
103946	è´Ńä¹°	购买
103947	äººçļĦ	人的
103948	åĲ´	吴
103949	çļĦåıĳå±ķ	的发展
103950	ä¸įçŁ¥éģĵ	不知道
103951	è½¯ä»¶	软件
103952	æĪĳä»¬çļĦ	我们的
103953	çĪ¶æ¯į	父母
103954	åīĳ	剑
103955	èĢĮæĺ¯	而是
103956	å®īæİĴ	安排
103957	åĲİæĿ¥	后来
103958	çļĦåľ°æĸ¹	的地方
103959	èµµ	赵
103960	èĢĥè¯ķ	考试
103961	çªģçĦ¶	突然
103962	ä¸Ģå®ļè¦ģ	一定要
103963	åĪ¶ä½ľ	制作
103964	è¯Ħä»·	评价
103965	åħįè´¹	免费
103966	è´¹çĶ¨	费用
103967	ç»Łä¸Ģ	统一
103968	çĦ¶èĢĮ	然而
103969	è¿Ļæ¬¡	这次
103970	éĿĴå¹´	青年
103971	äººç±»	人类
103972	äº¦	亦
103973	è®©äºº	让人
103974	è´Łè´£äºº	负责人
103975	éĩĩåıĸ	采取
103976	çļĦäºĭæĥħ	的事情
103977	ä¹Łä¼ļ	也会
103978	è½¦è¾Ĩ	车辆
103979	æĽ´æĺ¯	更是
103980	å¼ºåĮĸ	强化
103981	æĪĳåĢĳ	我們
103982	ä»¥åīį	以前
103983	ä¼ĺåĮĸ	优化
103984	å§Ķåĳĺä¼ļ	委员会
103985	åĽ°éļ¾	困难
103986	å¹´åº¦	年度
103987	ä½įäºİ	位于
103988	æĮĩåĩº	指出
103989	åĨįæ¬¡	再次
103990	åĬŀçĲĨ	办理
103991	æ¯ıä¸ª	每个
103992	å¯¹æĸ¹	对方
103993	è¿Ľè¡ĮäºĨ	进行了
103994	æľĢé«ĺ	最高
103995	è¯¾ç¨ĭ	课程
103996	èº«ä¸Ĭ	身上
103997	æĽ¾ç»ı	曾经
103998	åĮ»çĶŁ	医生
103999	å®īè£ħ	安装
104000	æľ±	朱
104001	è¿Ĳè¡Į	运行
104002	åıĮæĸ¹	双方
104003	æľĢå¤§çļĦ	最大的
104004	æŀĦå»º	构建
104005	è¿ŀç»Ń	连续
104006	çļĦå°ı	的小
104007	å¥¹çļĦ	她的
104008	çŃīçŃī	等等
104009	æĶ¹åĸĦ	改善
104010	åĲĦç±»	各类
104011	éģĩåĪ°	遇到
104012	æľīçĿĢ	有着
104013	äººçī©	人物
104014	æĢ»æĺ¯	总是
104015	è¿ħéĢŁ	迅速
104016	åĪ¶å®ļ	制定
104017	å®ĥä»¬	它们
104018	å®ĺç½ĳ	官网
104019	è¿ĺè¦ģ	还要
104020	ç»Īäºİ	终于
104021	æĪ¿åľ°äº§	房地产
104022	è¯ģæĺİ	证明
104023	èĤ¡ç¥¨	股票
104024	åºĶå½ĵ	应当
104025	èĭ±åĽ½	英国
104026	è¿ĲçĶ¨	运用
104027	æľĢæĸ°	最新
104028	äº«åıĹ	享受
104029	è®©æĪĳ	让我
104030	æĻļä¸Ĭ	晚上
104031	å¾ŀ	從
104032	å°ıè¯´	小说
104033	å°¤åħ¶æĺ¯	尤其是
104034	è®Ńç»ĥ	训练
104035	åħ¨å¸Ĥ	全市
104036	æĮĳæĪĺ	挑战
104037	æľīçĤ¹	有点
104038	å¸¦çĿĢ	带着
104039	çļĦä¸ľè¥¿	的东西
104040	é£İæł¼	风格
104041	é»Ħéĩĳ	黄金
104042	å¼ķå¯¼	引导
104043	æŃ¤å¤ĸ	此外
104044	æľĢè¿ĳ	最近
104045	è¿½æ±Ĥ	追求
104046	å¼ºè°ĥ	强调
104047	ä¹Łåı¯ä»¥	也可以
104048	æĦŁåĪ°	感到
104049	èĩªæĪĳ	自我
104050	çī¹åĪ«æĺ¯	特别是
104051	æĪĲéĥ½	成都
104052	éĢĲæ¸Ĳ	逐渐
104053	å¿«ä¹Ĳ	快乐
104054	ä¹ĭä¸Ń	之中
104055	æĬķèµĦèĢħ	投资者
104056	ä»ĸä»¬çļĦ	他们的
104057	æ°ı	氏
104058	å·¥ä½ľäººåĳĺ	工作人员
104059	äºĨä¸Ģä¸ª	了一个
104060	åķ¦	啦
104061	ä¸ĢåĢĭ	一個
104062	åŁºå±Ĥ	基层
104063	æ²ŁéĢļ	沟通
104064	ç¬¬ä¸Ģæ¬¡	第一次
104065	å¹¶æ²¡æľī	并没有
104066	çļĦå·¥ä½ľ	的工作
104067	åľ¨è¿ĻéĩĮ	在这里
104068	æŀª	枪
104069	æĶ¯æĴĳ	支撑
104070	æĹ¶å°ļ	时尚
104071	æĿ¥åĪ°	来到
104072	æĶ¶è´Ń	收购
104073	éĿ©åĳ½	革命
104074	æĺ¯ä¸įæĺ¯	是不是
104075	è®¨è®º	讨论
104076	ä¸ļç»©	业绩
104077	å°±èĥ½	就能
104078	ç«ĭåį³	立即
104079	è¡Ĺéģĵ	街道
104080	åľ¨ä¸Ģèµ·	在一起
104081	æľĪä»½	月份
104082	é«ĺç«¯	高端
104083	å¾Īéļ¾	很难
104084	ä¿Ħç½Ĺæĸ¯	俄罗斯
104085	æīĭæ®µ	手段
104086	åģļåĩº	做出
104087	ä¼Ĺå¤ļ	众多
104088	å®ŀè¡Į	实行
104089	æīĵå¼Ģ	打开
104090	æ¸¸å®¢	游客
104091	ä¾ĿçĦ¶	依然
104092	å°±åĥı	就像
104093	ç¦»å¼Ģ	离开
104094	è¯´éģĵ	说道
104095	æĸ°èĥ½æºĲ	新能源
104096	æºª	溪
104097	äºķ	井
104098	ä»¤äºº	令人
104099	ä¸Ģåľº	一场
104100	æĪĳæĥ³	我想
104101	ä¸¤äºº	两人
104102	èĩ³å°ĳ	至少
104103	çļĦçĶŁæ´»	的生活
104104	æĺ¯ä¸ª	是个
104105	èĭ±è¯Ń	英语
104106	æ²Ĵæľī	沒有
104107	æĢĿèĢĥ	思考
104108	éĻĲåĪ¶	限制
104109	åı°æ¹¾	台湾
104110	ä¸ĢæĹ¦	一旦
104111	çļĦä¸Ģä¸ª	的一个
104112	é«ĺçº§	高级
104113	åĬŀåħ¬å®¤	办公室
104114	å¾·åĽ½	德国
104115	æĪĳå°±	我就
104116	å®ļä½į	定位
104117	éĢĤåºĶ	适应
104118	æĮĩæłĩ	指标
104119	åħ¨çľģ	全省
104120	ä¸Ĭè¿°	上述
104121	å®ĥçļĦ	它的
104122	åĽŀå®¶	回家
104123	æ¬§æ´²	欧洲
104124	éĵģè·¯	铁路
104125	é¼ĵåĬ±	鼓励
104126	çļĦå½±åĵį	的影响
104127	é«ĺæł¡	高校
104128	å¤©ä¸ĭ	天下
104129	é«ĺè´¨éĩı	高质量
104130	æĿŃå·ŀ	杭州
104131	èµĦè®¯	资讯
104132	æĶ¾åľ¨	放在
104133	æľīä¸Ģä¸ª	有一个
104134	å°±è¦ģ	就要
104135	ä¸ĬéĿ¢	上面
104136	è§£éĩĬ	解释
104137	éĢĲæŃ¥	逐步
104138	å°½ç®¡	尽管
104139	æľīä»Ģä¹Ī	有什么
104140	çļĦäºĭ	的事
104141	çĻ»è®°	登记
104142	äººæ°ĳå¸ģ	人民币
104143	è§Ĥä¼Ĺ	观众
104144	è§Ĥå¯Ł	观察
104145	çĶµèĦĳ	电脑
104146	çļĦåĲĮæĹ¶	的同时
104147	ä½ľä¸ļ	作业
104148	å®£å¸ĥ	宣布
104149	çļĦä½ľçĶ¨	的作用
104150	åĽŀæĿ¥	回来
104151	éļ¾ä»¥	难以
104152	æīĢæľīçļĦ	所有的
104153	å°ıåŃ¦	小学
104154	æıĲåīį	提前
104155	æ¤įçī©	植物
104156	åĩ¯	凯
104157	ä¸ĬäºĨ	上了
104158	å°±åľ¨	就在
104159	åħĪåĲİ	先后
104160	æīĭæľ¯	手术
104161	éĥŃ	郭
104162	éĿ¢åīį	面前
104163	æ¯ķç«Ł	毕竟
104164	äºĮæĺ¯	二是
104165	çº¢èī²	红色
104166	éĺ³åħī	阳光
104167	èĭ¹æŀľ	苹果
104168	å¾Īå¤ļäºº	很多人
104169	ç»ĻæĪĳ	给我
104170	åĵ¦	哦
104171	çľ¼çĿĽ	眼睛
104172	éłŃ	頭
104173	ä¸Ģæĺ¯	一是
104174	åıĳå±ķçļĦ	发展的
104175	åıįåºĶ	反应
104176	æĪ¿å±ĭ	房屋
104177	æľŁå¾ħ	期待
104178	ç§įæ¤į	种植
104179	æĸĩåŃ¦	文学
104180	åį³åı¯	即可
104181	é¦ĸæ¬¡	首次
104182	èĭ±éĽĦ	英雄
104183	å¤ļæ¬¡	多次
104184	åĮħè£ħ	包装
104185	æ²³åįĹ	河南
104186	ä¹ĭéĹ´çļĦ	之间的
104187	ä»įçĦ¶	仍然
104188	åĲ¬åĪ°	听到
104189	èĳ£äºĭéķ¿	董事长
104190	è§ĦåĪĻ	规则
104191	ä¸Ģä»½	一份
104192	å¤§ä¼Ĺ	大众
104193	ä½¿å¾Ĺ	使得
104194	è¿Ľåı£	进口
104195	ä¸Ģçīĩ	一片
104196	æĢ§çļĦ	性的
104197	çļĦå¤§	的大
104198	æĪĳæĺ¯	我是
104199	äºĴåĬ¨	互动
104200	æ°£	氣
104201	çļĨ	皆
104202	åħ¬åı¸çļĦ	公司的
104203	ä¸Ģè¾¹	一边
104204	åıĬåħ¶	及其
104205	èī¯å¥½çļĦ	良好的
104206	æĭĵå±ķ	拓展
104207	å½ĵå¹´	当年
104208	å¹¿åľº	广场
104209	åģļäºĨ	做了
104210	åŁºäºİ	基于
104211	æıĲéĨĴ	提醒
104212	åħĦå¼Ł	兄弟
104213	èĢģæĿ¿	老板
104214	è¿ĳæĹ¥	近日
104215	çĬ¶åĨµ	状况
104216	æ³¨éĩį	注重
104217	åĪļåĪļ	刚刚
104218	è°ĥçłĶ	调研
104219	å¿ĥä¸Ń	心中
104220	æĬĬæı¡	把握
104221	éļıåĲİ	随后
104222	ä¸įå¤Ł	不够
104223	åĪĽä½ľ	创作
104224	ç«Ļåľ¨	站在
104225	çĽ¸äºĴ	相互
104226	çĸ«æĥħéĺ²æİ§	疫情防控
104227	å¹´ä»£	年代
104228	å¸¦åĬ¨	带动
104229	ä¼¤å®³	伤害
104230	ç«ŁçĦ¶	竟然
104231	å¼ķè¿Ľ	引进
104232	ç´¯è®¡	累计
104233	è®©æĪĳä»¬	让我们
104234	åĽŀæĶ¶	回收
104235	æĬ¥åĲį	报名
104236	åĬ©åĬĽ	助力
104237	èģĶçĽŁ	联盟
104238	çŃĸçķ¥	策略
104239	åĳ¨è¾¹	周边
104240	åĭĴ	勒
104241	è¿ĺåľ¨	还在
104242	æµģéĩı	流量
104243	å¯»æī¾	寻找
104244	çĶµåĬĽ	电力
104245	èĪ¹èĪ¶	船舶
104246	è¿ĺèĥ½	还能
104247	æĭħä»»	担任
104248	çļĦæĥħåĨµä¸ĭ	的情况下
104249	çļĦåİŁåĽł	的原因
104250	ç¼ºä¹ı	缺乏
104251	çĲĥåĳĺ	球员
104252	å²ģçļĦ	岁的
104253	çĶ·åŃĲ	男子
104254	å·¥èµĦ	工资
104255	è¿ĳå¹´æĿ¥	近年来
104256	åĳĢ	呀
104257	æıĲä¾ĽäºĨ	提供了
104258	å¥¹ä»¬	她们
104259	å®¶åħ·	家具
104260	çĩķ	燕
104261	è½»æĿ¾	轻松
104262	æł¡åĽŃ	校园
104263	èĢĥæł¸	考核
104264	åį±éĻ©	危险
104265	åħļç»Ħç»ĩ	党组织
104266	æĢ»ç»ıçĲĨ	总经理
104267	çļĦæĸ°	的新
104268	çİ»çĴĥ	玻璃
104269	è¿Ļä½į	这位
104270	å¯¹æŃ¤	对此
104271	å®¶äºº	家人
104272	çļĦè¦ģæ±Ĥ	的要求
104273	æ¸©åº¦	温度
104274	æĮĩæķ°	指数
104275	çĽ´åĪ°	直到
104276	æŃ¤æĹ¶	此时
104277	æ¹ĸåįĹ	湖南
104278	éĥ½è¦ģ	都要
104279	ä½ľåĩº	作出
104280	åĲĦä½į	各位
104281	èĢĥçĶŁ	考生
104282	ä¾Ŀæį®	依据
104283	è¯´è¯Ŀ	说话
104284	æĪĳä¹Ł	我也
104285	å·¥åİĤ	工厂
104286	åıĺæĪĲ	变成
104287	ä»ĸäºº	他人
104288	æĪĳè§īå¾Ĺ	我觉得
104289	åĲĦçº§	各级
104290	ä¼łå¥ĩç§ģæľį	传奇私服
104291	ä¸Ĭåįĩ	上升
104292	å¥½åĥı	好像
104293	åĬłéĢŁ	加速
104294	äºĮåįģ	二十
104295	è¢ģ	袁
104296	è£ħé¥°	装饰
104297	éĥ½èĥ½	都能
104298	ä¸Ģå¼ł	一张
104299	åĬ¨æĢģ	动态
104300	å¹´çļĦ	年的
104301	è¿Ļå°±æĺ¯	这就是
104302	ä¹Łè¦ģ	也要
104303	èµĦæł¼	资格
104304	æĪĺäºī	战争
104305	æĦŁè°¢	感谢
104306	åŁ¹èĤ²	培育
104307	å¤©æ°Ķ	天气
104308	å¥³å£«	女士
104309	åı¯èĥ½ä¼ļ	可能会
104310	çļĦäº§åĵģ	的产品
104311	ä¹Łå°±	也就
104312	ä¸»è¦ģæĺ¯	主要是
104313	åĪºæ¿Ģ	刺激
104314	ç»Ļä½ł	给你
104315	å¤§æķ°æį®	大数据
104316	åĮ»åŃ¦	医学
104317	åĪ¤æĸŃ	判断
104318	ä»ĸè¯´	他说
104319	è¡¨æ¼Ķ	表演
104320	äºļæ´²	亚洲
104321	ä¸ĵé¢ĺ	专题
104322	ç«ŀäºīåĬĽ	竞争力
104323	éĤ£æł·	那样
104324	å±ķå¼Ģ	展开
104325	å¹³æĹ¶	平时
104326	æİ¥ä¸ĭæĿ¥	接下来
104327	æī¿è¯º	承诺
104328	æ³ķåĽ½	法国
104329	åħ³å¿ĥ	关心
104330	ä¼ļæľī	会有
104331	éĤĢè¯·	邀请
104332	é¢Ħéĺ²	预防
104333	å¯¹æİ¥	对接
104334	å¥½äºĨ	好了
104335	åĴ±ä»¬	咱们
104336	çļĦæĦŁè§ī	的感觉
104337	æĢĿè·¯	思路
104338	éĥ½æ²¡æľī	都没有
104339	çļĦæĸ¹æ³ķ	的方法
104340	å¥³åŃĲ	女子
104341	åı¸æ³ķ	司法
104342	è¿ĺä¼ļ	还会
104343	è¶ĬæĿ¥è¶Ĭå¤ļ	越来越多
104344	åĽłçĤº	因為
104345	æµ·åįĹ	海南
104346	äººæķ°	人数
104347	å°Ĩä¼ļ	将会
104348	ä¸ļä¸»	业主
104349	é¤Ĳé¥®	餐饮
104350	å±ħä½ı	居住
104351	åıĳåĩº	发出
104352	è¿ĳæľŁ	近期
104353	å¼ķé¢Ĩ	引领
104354	æľºåĻ¨äºº	机器人
104355	åĩºæĿ¥çļĦ	出来的
104356	çľĭè§ģ	看见
104357	ä¿Ĭ	俊
104358	è®©ä»ĸ	让他
104359	ä¸įæĥ³	不想
104360	å·¥ä½ľçļĦ	工作的
104361	è¡¥åħħ	补充
104362	æµħ	浅
104363	çī¹å¾ģ	特征
104364	ä¸Ĭå¸Ĥåħ¬åı¸	上市公司
104365	ç¾İé£Ł	美食
104366	å¹¿è¥¿	广西
104367	æ¯ıä¸Ģä¸ª	每一个
104368	èĲ½åľ°	落地
104369	åĵģç§į	品种
104370	åĴĮè°Ĳ	和谐
104371	å½»åºķ	彻底
104372	é«ĺèĢĥ	高考
104373	æĺ¨å¤©	昨天
104374	åīįå¾Ģ	前往
104375	çĽĳæµĭ	监测
104376	çĻ¾åº¦	百度
104377	åľ¨ä¸ŃåĽ½	在中国
104378	çļĦéľĢæ±Ĥ	的需求
104379	äº¿ç¾İåħĥ	亿美元
104380	åŃ¦æľ¯	学术
104381	æĶ¶åĪ°	收到
104382	æĿ¿åĿĹ	板块
104383	ä¸Ģæ®µ	一段
104384	æŀĦæĪĲ	构成
104385	ä¼ģä¸ļçļĦ	企业的
104386	è¡¨éĿ¢	表面
104387	æķ´çĲĨ	整理
104388	ç»ĵå©ļ	结婚
104389	äººå®¶	人家
104390	åģľæŃ¢	停止
104391	åŃ¦ç§ĳ	学科
104392	æĺ¾å¾Ĺ	显得
104393	ä¼ĳæģ¯	休息
104394	é¢ĦæľŁ	预期
104395	æĪĸæĺ¯	或是
104396	çļĦä¸»è¦ģ	的主要
104397	åºĶå¯¹	应对
104398	èµ°äºĨ	走了
104399	ä¸ŃéĹ´	中间
104400	èµ°è¿Ľ	走进
104401	åĳĪçİ°	呈现
104402	æĲŃéħį	搭配
104403	é¹ı	鹏
104404	æĺ¯åĽłä¸º	是因为
104405	æĥħç»ª	情绪
104406	å®ļæľŁ	定期
104407	ç¤¾ä¼ļä¸»ä¹ī	社会主义
104408	çŃīçº§	等级
104409	çŁĽçĽ¾	矛盾
104410	é£ŀæľº	飞机
104411	èĩ³ä»Ĭ	至今
104412	æĶ¶éĽĨ	收集
104413	çļĦæķħäºĭ	的故事
104414	åĪĩå®ŀ	切实
104415	å®ŀçİ°äºĨ	实现了
104416	å½¢æĪĲäºĨ	形成了
104417	åįĹæĸ¹	南方
104418	ä¸ŃåŃ¦	中学
104419	æµ·æ´ĭ	海洋
104420	åĲ¦åĪĻ	否则
104421	æĭįæĳĦ	拍摄
104422	å¤§åŃ¦çĶŁ	大学生
104423	åĩºçİ°äºĨ	出现了
104424	æĦıå¤ĸ	意外
104425	ä¹Łèĥ½	也能
104426	çļĦèĥ½åĬĽ	的能力
104427	åĿĲåľ¨	坐在
104428	åĪĻæĺ¯	则是
104429	èĢĥå¯Ł	考察
104430	å°Ĭéĩį	尊重
104431	éĺ²æŃ¢	防止
104432	ç´§å¼ł	紧张
104433	è¯»ä¹¦	读书
104434	åĩºè¡Į	出行
104435	å°±æľī	就有
104436	å±¥è¡Į	履行
104437	çİ°ä»£åĮĸ	现代化
104438	åĽ½åĬ¡	国务
104439	åĽ½åĬ¡éĻ¢	国务院
104440	ç»´ä¿®	维修
104441	åİŁåĪĽ	原创
104442	æĺ¯æĮĩ	是指
104443	ä¼ĳéĹ²	休闲
104444	çĤ®	炮
104445	æĸ°æĹ¶ä»£	新时代
104446	éĢĻåĢĭ	這個
104447	ä¸įæķ¢	不敢
104448	å®Įç¾İ	完美
104449	ç»ĨèĬĤ	细节
104450	éŃı	魏
104451	èĶ¬èıľ	蔬菜
104452	é¢Ĩå¯¼çıŃåŃĲ	领导班子
104453	è¶ħçº§	超级
104454	è¡Įæĥħ	行情
104455	äººå·¥æĻºèĥ½	人工智能
104456	åį°åº¦	印度
104457	åŁºç¡Ģè®¾æĸ½	基础设施
104458	åıĪæĺ¯	又是
104459	èį¯çī©	药物
104460	åĲ¸æĶ¶	吸收
104461	åį´æĺ¯	却是
104462	éĥİ	郎
104463	å¥ĸåĬ±	奖励
104464	çļĦæľĭåıĭ	的朋友
104465	ä¿ĿçķĻ	保留
104466	è§Ħå¾ĭ	规律
104467	æĸ°çĸĨ	新疆
104468	è¿ĺåı¯ä»¥	还可以
104469	æİ¥è¿ĳ	接近
104470	æŃ¤åīį	此前
104471	æī¹åĩĨ	批准
104472	æĢİä¹Īæł·	怎么样
104473	çļĦä½įç½®	的位置
104474	ä¸ĢåĿĹ	一块
104475	æĭĴç»Ŀ	拒绝
104476	é¡¾å®¢	顾客
104477	ä¹Łåľ¨	也在
104478	ä¸ĢçĶŁ	一生
104479	éĥ¨éĺŁ	部队
104480	å¹´åīį	年前
104481	æĸ¹éĿ¢çļĦ	方面的
104482	å°Ŀè¯ķ	尝试
104483	çľŁæŃ£çļĦ	真正的
104484	ç¦ģæŃ¢	禁止
104485	è¿ĺæ²¡æľī	还没有
104486	æ°ĳçĶŁ	民生
104487	èµ°åĲĳ	走向
104488	èĦ¸ä¸Ĭ	脸上
104489	å½ĵå¤©	当天
104490	éĽĨåĽ¢åħ¬åı¸	集团公司
104491	çļĦä¸Ģç§į	的一种
104492	è¥¿æĸ¹	西方
104493	åĽŀåºĶ	回应
104494	ä¸Ģå£°	一声
104495	å¸¸å¸¸	常常
104496	æıĲåĪ°	提到
104497	èħ¾è®¯	腾讯
104498	æľįè£ħ	服装
104499	ä¸ºä½ķ	为何
104500	äºĳåįĹ	云南
104501	å°±ç®Ĺ	就算
104502	ä¼łæī¿	传承
104503	åıįèĢĮ	反而
104504	ä¸ĩåĲ¨	万吨
104505	è´¢äº§	财产
104506	å¦Ĥä¸ĭ	如下
104507	æĹ¥åīį	日前
104508	åİŁæľ¬	原本
104509	æľĢéĩįè¦ģçļĦ	最重要的
104510	è®¤è¯ģ	认证
104511	ä¸Ģéģĵ	一道
104512	ä¿¡æģ¯åĮĸ	信息化
104513	å¾ĹåĪ°äºĨ	得到了
104514	éĢ²è¡Į	進行
104515	æĪĳè¦ģ	我要
104516	éĢļä¿¡	通信
104517	å®¤åĨħ	室内
104518	èµļéĴ±	赚钱
104519	æĶ¶èĹı	收藏
104520	è§£åĨ³æĸ¹æ¡Ī	解决方案
104521	æĪ¿äº§	房产
104522	çĭ¼	狼
104523	æ´»åĬĽ	活力
104524	ç»ıæµİåıĳå±ķ	经济发展
104525	çŃīå¾ħ	等待
104526	ä¹Łå¾Ī	也很
104527	åĿĳ	坑
104528	å¾Īå¥½çļĦ	很好的
104529	éļ¾åº¦	难度
104530	ä¸įå¦Ĥ	不如
104531	äººæ°ĳæĶ¿åºľ	人民政府
104532	åĩºåıĳ	出发
104533	åīįæľŁ	前期
104534	æ¼Ķåĳĺ	演员
104535	å¥³çĶŁ	女生
104536	èģļçĦ¦	聚焦
104537	å®¡è®¡	审计
104538	é¢Ħæµĭ	预测
104539	ä¾Ŀæīĺ	依托
104540	äºĶå¹´	五年
104541	è¡¥è´´	补贴
104542	æ¸ħæĻ°	清晰
104543	éªĤ	骂
104544	çľĭèµ·æĿ¥	看起来
104545	çļĦåŃ©åŃĲ	的孩子
104546	é¢ĳéģĵ	频道
104547	ä½ıå®ħ	住宅
104548	éĿ¢åĲĳ	面向
104549	æľĢä½İ	最低
104550	æĹ¢çĦ¶	既然
104551	ä¸Ģå¥Ĺ	一套
104552	æķ°åŃ¦	数学
104553	ç¾¤ä½ĵ	群体
104554	åĮĹäº¬å¸Ĥ	北京市
104555	å±ħçĦ¶	居然
104556	æ°ĽåĽ´	氛围
104557	éĢĶå¾Ħ	途径
104558	çļĦåŁºç¡Ģä¸Ĭ	的基础上
104559	èģĮè´£	职责
104560	åı¯èĥ½æĺ¯	可能是
104561	åĨĽäºĭ	军事
104562	æĪĲæķĪ	成效
104563	åŃ©åŃĲä»¬	孩子们
104564	è®¡ç®Ĺæľº	计算机
104565	èµ¤	赤
104566	äº§ä¸ļåıĳå±ķ	产业发展
104567	å·¨å¤§çļĦ	巨大的
104568	å·¥äºº	工人
104569	çĶŁéķ¿	生长
104570	éĥ½åı¯ä»¥	都可以
104571	çļĦæľºä¼ļ	的机会
104572	èµĦè´¨	资质
104573	çĹĽèĭ¦	痛苦
104574	ç²īä¸Ŀ	粉丝
104575	å¢ĵ	墓
104576	å¹³å®ī	平安
104577	ç®¡éģĵ	管道
104578	è·ŁçĿĢ	跟着
104579	é¥®é£Ł	饮食
104580	åķĨå®¶	商家
104581	å¤ļå®¶	多家
104582	åı¸æľº	司机
104583	åºĶè¯¥æĺ¯	应该是
104584	éĢıéľ²	透露
104585	è®¤å®ļ	认定
104586	è¡Įä¸ļçļĦ	行业的
104587	çļĦä¼ģä¸ļ	的企业
104588	æ¯ıä¸Ģ	每一
104589	èĮĥåĽ´åĨħ	范围内
104590	è¾ĥå¤§	较大
104591	è´¤	贤
104592	å¤§èµĽ	大赛
104593	å¤ļäºĨ	多了
104594	é¸¿	鸿
104595	ä¸´åºĬ	临床
104596	åľ¨è¿Ļä¸ª	在这个
104597	çļĦåĨħå®¹	的内容
104598	éĶĢéĩı	销量
104599	å¾Īå°ĳ	很少
104600	åŃŁ	孟
104601	ç»´æĮģ	维持
104602	åĴĸåķ¡	咖啡
104603	æľ¬åľ°	本地
104604	èī²å½©	色彩
104605	å¹¶éĿŀ	并非
104606	èĢĮå·²	而已
104607	æ¸©æļĸ	温暖
104608	èĲ§	萧
104609	æĬĵä½ı	抓住
104610	èĢĮä¸įæĺ¯	而不是
104611	åĸĬ	喊
104612	çļĦåħ³ç³»	的关系
104613	çī©åĵģ	物品
104614	éĤ£æĺ¯	那是
104615	åĨľäº§åĵģ	农产品
104616	è¿ĻæĹ¶	这时
104617	å©ļå§»	婚姻
104618	æ°´æŀľ	水果
104619	æĶ¶èİ·	收获
104620	ä»ĺåĩº	付出
104621	å®¢æĪ·ç«¯	客户端
104622	æ¼Ķåĩº	演出
104623	åħ¨æĸ°	全新
104624	è¿Ļä¹Łæĺ¯	这也是
104625	æĺ¯çĶ±	是由
104626	è§Ĥå¿µ	观念
104627	æľīä¸ª	有个
104628	éĢłåŀĭ	造型
104629	èĥľåĪ©	胜利
104630	ä¸īæĺ¯	三是
104631	è¶ħå¸Ĥ	超市
104632	åħļå»ºå·¥ä½ľ	党建工作
104633	æĶ¾å¿ĥ	放心
104634	çº¿è·¯	线路
104635	æĭĽçĶŁ	招生
104636	åĲĥé¥Ń	吃饭
104637	è½ī	轉
104638	å°½éĩı	尽量
104639	è§ģåĪ°	见到
104640	åĲĮæ¯Ķå¢ŀéķ¿	同比增长
104641	åįİä¸º	华为
104642	æĪĳå¸Ĥ	我市
104643	æıĲåĩºäºĨ	提出了
104644	æ°ĳèŃ¦	民警
104645	åįļçī©	博物
104646	åįļçī©é¦Ĩ	博物馆
104647	è¯ļä¿¡	诚信
104648	åīįéĿ¢	前面
104649	å±±è¥¿	山西
104650	è¾ħåĬ©	辅助
104651	è½¬ç§»	转移
104652	æĽ´ä¸º	更为
104653	ä¸°å¯ĮçļĦ	丰富的
104654	åį¢	卢
104655	å¿«éĢĴ	快递
104656	æĺ¾èĳĹ	显著
104657	çī©èµĦ	物资
104658	åĪ°è¾¾	到达
104659	æľīåĪ©äºİ	有利于
104660	åĳĨ	呆
104661	åŃ©åŃĲçļĦ	孩子的
104662	ä¸įä½Ĩ	不但
104663	çłĶç©¶éĻ¢	研究院
104664	çĶ³æĬ¥	申报
104665	æļ¨	暨
104666	æ°ĳéĹ´	民间
104667	åį»	卻
104668	çļĦå£°éŁ³	的声音
104669	å¸ĤåľºçļĦ	市场的
104670	ä¸Ģåı¥	一句
104671	çľģçº§	省级
104672	æĿ¥çļĦ	来的
104673	åĵªä¸ª	哪个
104674	æīįä¼ļ	才会
104675	åĪĨéħį	分配
104676	èĶ¡	蔡
104677	ä»ĸåľ¨	他在
104678	åħ±æľī	共有
104679	å¡ĺ	塘
104680	èĴĤ	蒂
104681	éľį	霍
104682	åıĤè§Ĥ	参观
104683	ä¸Īå¤«	丈夫
104684	ä¾ĿéĿł	依靠
104685	æľīæĹ¶	有时
104686	äºĨå¾Īå¤ļ	了很多
104687	ä¸ĸçķĮæĿ¯	世界杯
104688	å®¶æĹı	家族
104689	ä¸įéľĢè¦ģ	不需要
104690	å¤§å¸Ī	大师
104691	èŀįåħ¥	融入
104692	éĿŀæ³ķ	非法
104693	çĹħäºº	病人
104694	åĲİæľŁ	后期
104695	å¤§å®¶éĥ½	大家都
104696	ç½ĳåĿĢ	网址
104697	åİŁæĸĻ	原料
104698	ä¾¿å®ľ	便宜
104699	æ¶Ľ	涛
104700	ä»¿ä½Ľ	仿佛
104701	å·®è·Ŀ	差距
104702	åı¦ä¸Ģæĸ¹éĿ¢	另一方面
104703	äº§åĵģçļĦ	产品的
104704	èµ«	赫
104705	æĥħåĨµä¸ĭ	情况下
104706	éĴ¢éĵģ	钢铁
104707	æľ¬ç«Ļ	本站
104708	çº³åħ¥	纳入
104709	å·²æľī	已有
104710	æľīæ²¡æľī	有没有
104711	ä¼°è®¡	估计
104712	é£ĺ	飘
104713	æľŁè´§	期货
104714	åĢĭäººè³ĩæĸĻ	個人資料
104715	ä¸ĵä¸ļçļĦ	专业的
104716	çĪĨåıĳ	爆发
104717	èĩ´åĬĽäºİ	致力于
104718	çİ°åľ¨çļĦ	现在的
104719	æľīåĵªäºĽ	有哪些
104720	çł´åĿı	破坏
104721	æķ°åŃĹåĮĸ	数字化
104722	åľ°éĿ¢	地面
104723	é»ĳèī²	黑色
104724	å¹¼åĦ¿åĽŃ	幼儿园
104725	çļĦç²¾ç¥ŀ	的精神
104726	äºŃ	亭
104727	å¯¼æ¼Ķ	导演
104728	çİ°æľī	现有
104729	æŃ¦åĻ¨	武器
104730	èĭıå·ŀ	苏州
104731	çİĦ	玄
104732	æ±Łè¥¿	江西
104733	å»¶ä¼¸	延伸
104734	è®ºæĸĩ	论文
104735	è¾ĥä¸º	较为
104736	çİ©æ³ķ	玩法
104737	é¼İ	鼎
104738	åĲĮæŃ¥	同步
104739	éĩĬæĶ¾	释放
104740	æĽĿåħī	曝光
104741	åĿļåĨ³	坚决
104742	å§Ķæīĺ	委托
104743	å°Ĩåľ¨	将在
104744	äºĪä»¥	予以
104745	ä½ľæĸĩ	作文
104746	èĢĮåľ¨	而在
104747	ä¼ĺåħĪ	优先
104748	åĽŀåİ»	回去
104749	ä¿®å¤į	修复
104750	åĽ½åĨħå¤ĸ	国内外
104751	çŃĸåĪĴ	策划
104752	åıĳæĶ¾	发放
104753	å¿ĥæĥħ	心情
104754	çļĦåİĨåı²	的历史
104755	éĿ¢è¯ķ	面试
104756	ä¸ľåĮĹ	东北
104757	ä¿¡åı·	信号
104758	ç²®é£Ł	粮食
104759	è¯ģä¹¦	证书
104760	æŁĲäºĽ	某些
104761	è¿Ĳä½ľ	运作
104762	åĨ²åĩ»	冲击
104763	çĥŃçĤ¹	热点
104764	æĹ¶æĹ¶	时时
104765	æĹ¶æĹ¶å½©	时时彩
104766	åľ°çĤ¹	地点
104767	ä¸Ģä½ĵåĮĸ	一体化
104768	éļ¾é¢ĺ	难题
104769	æĽ°	曰
104770	ç«ĭåĪ»	立刻
104771	æĺ¯éĿŀå¸¸	是非常
104772	åħ±åĴĮ	共和
104773	åħ±åĴĮåĽ½	共和国
104774	æ¿ĢåĬ±	激励
104775	æľīæķĪçļĦ	有效的
104776	å¤Ħç½®	处置
104777	è¯¥åħ¬åı¸	该公司
104778	æ£ĢéªĮ	检验
104779	èŃ¦æĸ¹	警方
104780	è´¾	贾
104781	äºĨä¸Ģä¸ĭ	了一下
104782	ä»ĬåĲİ	今后
104783	çħ®	煮
104784	çĶ¨åĵģ	用品
104785	è¯»èĢħ	读者
104786	æĪĳåľ¨	我在
104787	åĽŀå¤į	回复
104788	ä¸Ģåº§	一座
104789	è¿ĺæ²¡	还没
104790	å®ļåĪ¶	定制
104791	æ²¡æĥ³åĪ°	没想到
104792	å¤¹	夹
104793	ä¼łéĢĴ	传递
104794	ä¸Ģæ¬¾	一款
104795	å¼ºå¤§çļĦ	强大的
104796	çļĦè¡Įä¸º	的行为
104797	å¤ıå¤©	夏天
104798	åıĳåĬ¨æľº	发动机
104799	é¢ĨåŁŁçļĦ	领域的
104800	å®ŀéªĮå®¤	实验室
104801	ä¸ĢæĬĬ	一把
104802	æĺ¯ä¸ºäºĨ	是为了
104803	éĻķè¥¿	陕西
104804	æĭħä¿Ŀ	担保
104805	è¾¾æĪĲ	达成
104806	è¦ģæĺ¯	要是
104807	æĺİå¤©	明天
104808	ç»Ļä»ĸ	给他
104809	å»ºç«ĭäºĨ	建立了
104810	ä¸įè¡Į	不行
104811	ä¸Ńæĸĩ	中文
104812	åľ°è¯´	地说
104813	åĲİçļĦ	后的
104814	çĽĳæİ§	监控
104815	éĢ¸	逸
104816	æĢ»éĥ¨	总部
104817	æľ¬æĸĩ	本文
104818	é¹¿	鹿
104819	æĻ¯è§Ĥ	景观
104820	çļĦçĽ®æłĩ	的目标
104821	èĽĩ	蛇
104822	åĨ¯	冯
104823	ä¸ŃåĮ»	中医
104824	æķĪåºĶ	效应
104825	äº§éĩı	产量
104826	åŃĿ	孝
104827	è´¦æĪ·	账户
104828	è¿Ŀåıį	违反
104829	èĳ£äºĭä¼ļ	董事会
104830	äº¬ä¸ľ	京东
104831	è´£ä»»ç¼ĸè¾ĳ	责任编辑
104832	åķıé¡Į	問題
104833	çĪ±å¿ĥ	爱心
104834	èŃ¦å¯Ł	警察
104835	é¤Ĳåİħ	餐厅
104836	å¸ĤæĶ¿åºľ	市政府
104837	å¤©å¤©	天天
104838	æĸ°é²ľ	新鲜
104839	éĥĳå·ŀ	郑州
104840	è¶ħè¶Ĭ	超越
104841	å½Ń	彭
104842	çŁ¥è¯Ĩäº§æĿĥ	知识产权
104843	åĽŀå¿Ĩ	回忆
104844	è·¯çº¿	路线
104845	å»īæ´ģ	廉洁
104846	éĿĴå°ĳå¹´	青少年
104847	åıĸå¾ĹäºĨ	取得了
104848	çľĭåĪ°äºĨ	看到了
104849	é¦¬	馬
104850	ç²¾åĵģ	精品
104851	åľ°éĵģ	地铁
104852	æĮģæľī	持有
104853	ä¸ĭäºĨ	下了
104854	æľīæĹ¶åĢĻ	有时候
104855	ä¸Ģäºº	一人
104856	æĴĴ	撒
104857	ä»Ķç»Ĩ	仔细
104858	èĢģåħ¬	老公
104859	äºĭå®ŀä¸Ĭ	事实上
104860	èģĶèµĽ	联赛
104861	ä¾ĽåºĶéĵ¾	供应链
104862	é¢Ħç®Ĺ	预算
104863	åĪ¶éĢłä¸ļ	制造业
104864	å®īåħ¨çĶŁäº§	安全生产
104865	ä¿±ä¹Ĳ	俱乐
104866	ä¿±ä¹Ĳéĥ¨	俱乐部
104867	çļĦæł¸å¿ĥ	的核心
104868	æīĵç®Ĺ	打算
104869	å½±çīĩ	影片
104870	æĲŃå»º	搭建
104871	ä¹Łä¸įä¼ļ	也不会
104872	æĭħå½ĵ	担当
104873	å±ĤéĿ¢	层面
104874	åŃ¦åĳĺ	学员
104875	ä¸´æĹ¶	临时
104876	çĽ¸ç»ĵåĲĪ	相结合
104877	å¯¹æ¯Ķ	对比
104878	ä»ĸæĺ¯	他是
104879	æĸ°åĮº	新区
104880	è¿Ľåİ»	进去
104881	çĻ¾å¹´	百年
104882	ä¿©	俩
104883	å°½å¿«	尽快
104884	çĶµåŃĲåķĨåĬ¡	电子商务
104885	æĽ´æľī	更有
104886	æ¸ħçĲĨ	清理
104887	åı¦ä¸Ģä¸ª	另一个
104888	åĤ»	傻
104889	ä»Ģä¹Īæł·çļĦ	什么样的
104890	æĺ¯æľĢ	是最
104891	åĳ¨å¹´	周年
104892	å¾Īå®¹æĺĵ	很容易
104893	åĽ¢ç»ĵ	团结
104894	ç´Ħ	約
104895	æĹ©å·²	早已
104896	çļĦåıĺåĮĸ	的变化
104897	éľŀ	霞
104898	æĹ¥ä¸ĬåįĪ	日上午
104899	å¤±åİ»	失去
104900	ä¸Ńåľĭ	中國
104901	çļĦä¸ĢäºĽ	的一些
104902	å°ıåŃ©	小孩
104903	ä¸ĭè·Į	下跌
104904	éĶ»çĤ¼	锻炼
104906	éĳ«	鑫
104907	å¿ĹæĦ¿èĢħ	志愿者
104908	èĤ¡å¸Ĥ	股市
104909	èµĽäºĭ	赛事
104910	è®¸åı¯è¯ģ	许可证
104911	åı¯æĮģç»Ń	可持续
104912	åĳĬè¯īè®°èĢħ	告诉记者
104913	éĢ»è¾ĳ	逻辑
104914	å¼ķåħ¥	引入
104915	çļĦè¿ĩç¨ĭä¸Ń	的过程中
104916	è§Ĩè§ī	视觉
104917	èĩªæ²»åĮº	自治区
104918	è¯ģæį®	证据
104919	è£ħç½®	装置
104920	ç¬¬ä¸īæĸ¹	第三方
104921	å¹´æĿ¥	年来
104922	å¹¿ä¸ľçľģ	广东省
104923	å¸¦æĿ¥äºĨ	带来了
104924	éķ¿æ±Ł	长江
104925	è®¿éĹ®	访问
104926	å·®ä¸įå¤ļ	差不多
104927	æĺ¯æĪĳ	是我
104928	éģŃéģĩ	遭遇
104929	æĬĵå¥½	抓好
104930	é«ĺè¾¾	高达
104931	å¹¶åľ¨	并在
104932	èĩªè§ī	自觉
104933	ä¾ĽåºĶåķĨ	供应商
104934	æĥħæĦŁ	情感
104935	ä½ıäºĨ	住了
104936	çļĦèģĮä¸ļ	的职业
104937	çļĩå¸Ŀ	皇帝
104938	è¥¿éĥ¨	西部
104939	åĴĮå¹³	和平
104940	çļĦåĬĽéĩı	的力量
104941	æ±ª	汪
104942	åħħåĪĨåıĳæĮ¥	充分发挥
104943	æĬķè¯ī	投诉
104944	èµ·åĪ°	起到
104945	äºĴçĽ¸	互相
104946	æ¾³éĹ¨	澳门
104947	æİ¥åĪ°	接到
104948	æ°´æ³¥	水泥
104949	æ¨¡åŀĭ	模型
104950	ä¸ĢåįĬ	一半
104951	ç§©åºı	秩序
104952	æĪĳä»¬åľ¨	我们在
104953	æī¿è®¤	承认
104954	ä¸Ģéĥ¨åĪĨ	一部分
104955	åįłæ¯Ķ	占比
104956	å¦ĩå¥³	妇女
104957	ç²ĺ	粘
104958	äºĨè§£åĪ°	了解到
104959	ä¸Ģå®ļä¼ļ	一定会
104960	åĲĦå¤§	各大
104961	èµ°åĩº	走出
104962	ä¸ºå¤§å®¶	为大家
104963	é«ĺéĵģ	高铁
104964	åı¯ä»¥åľ¨	可以在
104965	ä½Ĩåľ¨	但在
104966	çĶŁæĢģçİ¯å¢ĥ	生态环境
104967	èı¯	華
104968	çļĦä»·æł¼	的价格
104969	éº»çĥ¦	麻烦
104970	æ¿Ģåıĳ	激发
104971	éĤ£å°±	那就
104972	çļĦæł·åŃĲ	的样子
104973	ä¸ºæŃ¤	为此
104974	å¤©åľ°	天地
104975	çļĦçĽ®çļĦ	的目的
104976	åĢºåĪ¸	债券
104977	å·²ç¶ĵ	已經
104978	åĽĽå¤§	四大
104979	åĲĮæĹ¶ä¹Ł	同时也
104980	å½¼æŃ¤	彼此
104981	æĭ¿åĪ°	拿到
104982	åĲ«éĩı	含量
104983	åįģå¤§	十大
104984	éļ¾éģĵ	难道
104985	å¼Ĺ	弗
104986	ä¸Ģæ®µæĹ¶éĹ´	一段时间
104987	çħ§é¡¾	照顾
104988	æķ°æį®æĺ¾ç¤º	数据显示
104989	æĪĲä¸ºäºĨ	成为了
104990	èµ°åĪ°	走到
104991	æľ¬åħ¬åı¸	本公司
104992	ç»Īç«¯	终端
104993	ä¹Łä¸įæĺ¯	也不是
104994	å¤´åıĳ	头发
104995	å¤§çº¦	大约
104996	é£İæĻ¯	风景
104997	æ¶ĪèĢĹ	消耗
104998	å®¡æŁ¥	审查
104999	äºīåıĸ	争取
105000	æ³ķæ²»	法治
105001	äºĭçī©	事物
105002	ç¼ĵè§£	缓解
105003	æĥ¨	惨
105004	çĽ¸åºĶçļĦ	相应的
105005	çļĦæķĪæŀľ	的效果
105006	åıįå¤į	反复
105007	åıĳçĶŁäºĨ	发生了
105008	éĢĻäºĽ	這些
105009	ç»ĥä¹ł	练习
105010	åİ¨æĪ¿	厨房
105011	å¼Ģæĭĵ	开拓
105012	æ¬£èµı	欣赏
105013	å¤«å¦»	夫妻
105014	ä¸įä¸Ģæł·	不一样
105015	äº§èĥ½	产能
105016	èĬ¯çīĩ	芯片
105017	è¦ģç´ł	要素
105018	åıįå¯¹	反对
105019	çİĩåħĪ	率先
105020	è´§çī©	货物
105021	æĹ¥çĶµ	日电
105022	ä½ľå®¶	作家
105023	æĶ¹è¿Ľ	改进
105024	æĪĲåĪĨ	成分
105025	åĽłèĢĮ	因而
105026	åĩıèĤ¥	减肥
105027	æ½ĺ	潘
105028	å±±ä¸ľçľģ	山东省
105029	åĬĿ	劝
105030	åŁĭ	埋
105031	æŃ¦è£ħ	武装
105032	æ±ĩæĬ¥	汇报
105033	ä¸Ģä¸ªæľĪ	一个月
105034	çĥŃéĹ¨	热门
105035	å¤§éģĵ	大道
105036	æ´»åĭķ	活動
105037	éĥ½å¾Ī	都很
105038	çĶµæ¢¯	电梯
105039	ç´§æĢ¥	紧急
105040	åĢºåĬ¡	债务
105041	å®¢æľį	客服
105042	ä¸Ģéĥ¨	一部
105043	ä½łæĺ¯	你是
105044	çİ°çĬ¶	现状
105045	æŃ£ç¡®çļĦ	正确的
105046	ä¹ĭå¤Ħ	之处
105047	ç¼ĸåĪ¶	编制
105048	ä½łåı¯ä»¥	你可以
105049	çŃīåľ°	等地
105050	èİī	莉
105051	å¯¹è¯Ŀ	对话
105052	æ·ĺå®Ŀ	淘宝
105053	è°ĥèĬĤ	调节
105054	æİĴæĶ¾	排放
105055	åºĵåŃĺ	库存
105056	ç´ļ	級
105057	çļĦä¼ĺåĬ¿	的优势
105058	æĿĥå¨ģ	权威
105059	ä»¥ä¸ĭç®Ģç§°	以下简称
105060	ä¸Ģé¡¹	一项
105061	èģļéĽĨ	聚集
105062	ä¼łç»ŁçļĦ	传统的
105063	æ··åĲĪ	混合
105064	è¿Ļä¸ĢçĤ¹	这一点
105065	ä¸Ģçľ¼	一眼
105066	æĹłéĻĲ	无限
105067	èİ·å¾ĹäºĨ	获得了
105068	éĢīæīĭ	选手
105069	åĪ¶åĵģ	制品
105070	åįıä½ľ	协作
105071	çĭ¬çī¹çļĦ	独特的
105072	ä¸Ģçº§	一级
105073	è¿Ļä¸ªéĹ®é¢ĺ	这个问题
105074	æĸĮ	斌
105075	æĺ¯æĪĳä»¬	是我们
105076	æķĮäºº	敌人
105077	æ¸ħæ´Ĺ	清洗
105078	ä¸ĢçĽ´åľ¨	一直在
105079	å°ıç±³	小米
105080	çļĦè¿ĩç¨ĭ	的过程
105081	åľ¨åĮĹäº¬	在北京
105082	ä¸ĢæĶ¯	一支
105083	æĹ©ä¸Ĭ	早上
105084	æĸĩèīº	文艺
105085	ç¦ıåĪ©	福利
105086	é£ŁçĶ¨	食用
105087	æĦŁåĬ¨	感动
105088	åħ¨ç¨ĭ	全程
105089	æĶ¯åĩº	支出
105090	æĸ°å»º	新建
105091	å¸ķ	帕
105092	æĺ¾çĦ¶	显然
105093	çľŁçļĦæĺ¯	真的是
105094	æĸ°éĹ»ç½ĳ	新闻网
105095	èĥ½åĲ¦	能否
105096	åįıåĬ©	协助
105097	äº²èĩª	亲自
105098	å¾Īæľī	很有
105099	çĻ¼å±ķ	發展
105100	æĦıå¤§	意大
105101	æĦıå¤§åĪ©	意大利
105102	çĶµç½ĳ	电网
105103	æĹ¥çĽĬ	日益
105104	çĨ±	熱
105105	èĤĮèĤ¤	肌肤
105106	çĶ·æĢ§	男性
105107	ç»Ħå»º	组建
105108	çŃīéĹ®é¢ĺ	等问题
105109	æ¶ĪéĻ¤	消除
105110	æĬ¤çĲĨ	护理
105111	å¡ĳæĸĻ	塑料
105112	ä¹Įåħĭ	乌克
105113	ä¹Įåħĭåħ°	乌克兰
105114	åķĨæłĩ	商标
105115	çĲ³	琳
105116	æĸ°æīĭ	新手
105117	çļĦçī¹çĤ¹	的特点
105118	åĴ¬	咬
105119	å½ĵä¸ĭ	当下
105120	è®¾è®¡å¸Ī	设计师
105121	èµĶåģ¿	赔偿
105122	ç¬¬åįģ	第十
105123	æĻºèĥ½åĮĸ	智能化
105124	å¼ĢåıĳåĮº	开发区
105125	åı¯ä»¥éĢļè¿ĩ	可以通过
105126	åħ±äº§åħļ	共产党
105127	åİīå®³	厉害
105128	çģµæ´»	灵活
105129	æĹ¶åħī	时光
105130	éĥ¨ä½į	部位
105131	äººæĸĩ	人文
105132	è¿ĽæĿ¥	进来
105133	ä¹ĭæīĢä»¥	之所以
105134	ä¸īåįģ	三十
105135	çļĦåŃ¦çĶŁ	的学生
105136	éĺ²æĬ¤	防护
105137	åĽ½äº§	国产
105138	æ·±åľ³å¸Ĥ	深圳市
105139	éĤ£å°±æĺ¯	那就是
105140	åĪ°ä½į	到位
105141	çī¹æľĹ	特朗
105142	çī¹æľĹæĻ®	特朗普
105143	å®ŀæĹ¶	实时
105144	åı°çģ£	台灣
105145	èĢĮä¸į	而不
105146	æĮĩå®ļ	指定
105147	åĿĿ	坝
105148	èħĲè´¥	腐败
105149	çī¹å®ļ	特定
105150	å¢ŀéĢŁ	增速
105151	æłĩçŃ¾	标签
105152	æĪ¿ä»·	房价
105153	æĦģ	愁
105154	è´¯å½»èĲ½å®ŀ	贯彻落实
105155	æĢ§è´¨	性质
105156	çłĶç©¶çĶŁ	研究生
105157	ç¾İå®¹	美容
105158	æī¹è¯Ħ	批评
105159	ç©¶ç«Ł	究竟
105160	äººåĬĽèµĦæºĲ	人力资源
105161	éĸĭå§ĭ	開始
105162	åĽŀå½Ĵ	回归
105163	èĲ¥åķĨ	营商
105164	èĲ¥åķĨçİ¯å¢ĥ	营商环境
105165	ä¸ŃåĽ½äºº	中国人
105166	çļĦåŁºæľ¬	的基本
105167	è¯Ŀé¢ĺ	话题
105168	æłĩåĩĨåĮĸ	标准化
105169	è¥¿èĹı	西藏
105170	åĭ¾	勾
105171	çļĦè®¾è®¡	的设计
105172	ç®ĢåįķçļĦ	简单的
105173	å¤įåĪ¶	复制
105174	æ¸Ĳæ¸Ĳ	渐渐
105175	ä»¥å¤ĸ	以外
105176	èģĶåĬ¨	联动
105177	ä¸¤æ¬¡	两次
105178	æĢ§åĴĮ	性和
105179	æĽ´å¤§	更大
105180	çļĦåĲįåŃĹ	的名字
105181	éŁ¦	韦
105182	ä½łè¦ģ	你要
105183	å¢ĥå¤ĸ	境外
105184	æĹ©æľŁ	早期
105185	åĪĿæŃ¥	初步
105186	è´¦åı·	账号
105187	å®³æĢķ	害怕
105188	æĺ¨æĹ¥	昨日
105189	åĪļæīį	刚才
105190	ç¥ŀç§ĺ	神秘
105191	ç²¾å¿ĥ	精心
105192	æµģéĢļ	流通
105193	åħ¨æĸ¹ä½į	全方位
105194	ä»¥å¾Ģ	以往
105195	ä¹Łå°Ĩ	也将
105196	æĺ¯ä¸ŃåĽ½	是中国
105197	åĽ½å®¶çº§	国家级
105198	å°ĨåĨĽ	将军
105199	æĳĬ	摊
105200	æľĢä¸º	最为
105201	ç¬¬ä¸ĢæĹ¶éĹ´	第一时间
105202	æ¶Īæ¯Ĵ	消毒
105203	å°Ĩäºİ	将于
105204	å¨ģèĥģ	威胁
105205	èĭ±æĸĩ	英文
105206	æīĭä¸Ń	手中
105207	çĲĥè¿·	球迷
105208	è§Ĥçľĭ	观看
105209	ç¦»å©ļ	离婚
105210	æľ¬åľŁ	本土
105211	åĪĨæķ£	分散
105212	æĻ´	晴
105213	è¦ģæ³¨æĦı	要注意
105214	æµªè´¹	浪费
105215	ç®¡æİ§	管控
105216	åĩºåĶ®	出售
105217	æĢ»è£ģ	总裁
105218	ä¸Ģéĺµ	一阵
105219	å¨ĩ	娇
105220	äºĶä¸ª	五个
105221	å½ĵåĪĿ	当初
105222	çºłçº·	纠纷
105223	ä¸ĵçĶ¨	专用
105224	å¤ĩæ¡Ī	备案
105225	åĪĿæľŁ	初期
105226	å®ĥæĺ¯	它是
105227	åĮºåĿĹ	区块
105228	åĮºåĿĹéĵ¾	区块链
105229	å¤§è¿ŀ	大连
105230	è¿Ļç±»	这类
105231	åıĺæĪĲäºĨ	变成了
105232	éĤĦæĺ¯	還是
105233	åįļå®¢	博客
105234	çı¾åľ¨	現在
105235	ä¸Ģæĸ¹	一方
105236	å®ĮæĪĲäºĨ	完成了
105237	è¿Ļä¸ªæĹ¶åĢĻ	这个时候
105238	åħ¨å¹´	全年
105239	ä¸Ĭçº¿	上线
105240	ç½Ĳ	罐
105241	ç«ŀèµĽ	竞赛
105242	åĩºçīĪç¤¾	出版社
105243	åĵ¥åĵ¥	哥哥
105244	å¯«	寫
105245	å¾Ĺä»¥	得以
105246	èĬ±åĽŃ	花园
105247	äºĨèµ·æĿ¥	了起来
105248	èĦ±è´«æĶ»åĿļ	脱贫攻坚
105249	çļĦåİŁåĪĻ	的原则
105250	è®²è§£	讲解
105251	æ¶ĪåĮĸ	消化
105252	æįŁå®³	损害
105253	æļĤæĹ¶	暂时
105254	å¾ĹçŁ¥	得知
105255	éĢĤçĶ¨	适用
105256	éĹ¨åºĹ	门店
105257	è§£è¯»	解读
105258	æĻ®åıĬ	普及
105259	äººæ°ĳæ³ķéĻ¢	人民法院
105260	åī¯ä¸»ä»»	副主任
105261	å¿ĥçģµ	心灵
105262	è¯ĬæĸŃ	诊断
105263	ç¾İå¥³	美女
105264	æŁ¯	柯
105265	å¹´ä»¥æĿ¥	年以来
105266	æ´»è·ĥ	活跃
105267	åĢŁåĬ©	借助
105268	åħ±å»º	共建
105269	è¯īè®¼	诉讼
105270	æĶ¾æĿ¾	放松
105271	çªĹåı£	窗口
105272	ä¼ģæ¥Ń	企業
105273	åĬłæĭ¿	加拿
105274	åĬłæĭ¿å¤§	加拿大
105275	ä¹°äºĨ	买了
105276	ä¸»æµģ	主流
105277	æĩĤå¾Ĺ	懂得
105278	å°Ĩåħ¶	将其
105279	éĢıæĺİ	透明
105280	å·¥ä½ľä¸Ń	工作中
105281	èĤ¡ä»·	股价
105282	æ¡£æ¡Ī	档案
105283	æ²¡æľīä»»ä½ķ	没有任何
105284	åĳĬçŁ¥	告知
105285	å¹´åĪĿ	年初
105286	æĹ¥ä¸ĭåįĪ	日下午
105287	åİĤåķĨ	厂商
105288	èĬĤå¥ı	节奏
105289	ä¸»å¯¼	主导
105290	è£Ŀ	裝
105291	åħ³éĶ®è¯į	关键词
105292	èģĬå¤©	聊天
105293	åĨĻä½ľ	写作
105294	æĶ¹éĿ©å¼ĢæĶ¾	改革开放
105295	æľīæľĽ	有望
105296	éĢļæĬ¥	通报
105297	èĲĮ	萌
105298	æĢ»é¢Ŀ	总额
105299	çŁŃæľŁ	短期
105300	ä¸Ģçķª	一番
105301	çĶŁæ´»çļĦ	生活的
105302	åĮĸçļĦ	化的
105303	æĺ¥å¤©	春天
105304	è¿Ļåľº	这场
105305	æĸ°å¼Ģä¼łå¥ĩ	新开传奇
105306	æĺ¯è¦ģ	是要
105307	å°ļæľª	尚未
105308	åıĺæĽ´	变更
105309	ä¸Ģåĳ¨	一周
105310	å®¢è§Ĥ	客观
105311	æĹ¥èĩ³	日至
105312	é¹°	鹰
105313	çİ²	玲
105314	å°ĨæĿ¥	将来
105315	å®¢äºº	客人
105316	åıĺéĿ©	变革
105317	è¯´äºĨ	说了
105318	åİŁçĲĨ	原理
105319	èģĮåĬ¡	职务
105320	åıĪæľī	又有
105321	ä¸Ģåı¥è¯Ŀ	一句话
105322	æĦŁåıĹåĪ°	感受到
105323	ç¬ĶèĢħ	笔者
105324	ç§»æ°ĳ	移民
105325	è¥¿åįĹ	西南
105326	ä¹ĥèĩ³	乃至
105327	æŃ£è§Ħ	正规
105328	åĪĿä¸Ń	初中
105329	çĬ¬	犬
105330	å½ĵäºĭ	当事
105331	å½ĵäºĭäºº	当事人
105332	æĪĳä»¬è¦ģ	我们要
105333	åħ¥åı£	入口
105334	éĤ£æĹ¶	那时
105335	æľīéĻĲè´£ä»»	有限责任
105336	å°ĳå¥³	少女
105337	è¿Ļä¹Īå¤ļ	这么多
105338	åĪĨåħ¬åı¸	分公司
105339	å®ĩå®Ļ	宇宙
105340	çļĦéĢīæĭ©	的选择
105341	å§Ĳå§Ĳ	姐姐
105342	åıĳèµ·	发起
105343	è»į	軍
105344	æĽ´å¥½åľ°	更好地
105345	éĻĨç»Ń	陆续
105346	æľ¬æľįåĭĻ	本服務
105347	å«©	嫩
105348	èµ¶ç´§	赶紧
105349	èĦĤèĤª	脂肪
105350	ç¬¬äºĮå¤©	第二天
105351	æĪĳä¼ļ	我会
105352	ä¸¤ä½į	两位
105353	æķ²	敲
105354	åħ¬å®īæľºåħ³	公安机关
105355	ç§ĳæĬĢåĪĽæĸ°	科技创新
105356	å°ºå¯¸	尺寸
105357	è¾Ĳå°Ħ	辐射
105358	å®ĹæķĻ	宗教
105359	è½¬æį¢	转换
105360	åĩºçİ°åľ¨	出现在
105361	ä¸Ģé¢Ĺ	一颗
105362	æľŁéĻĲ	期限
105363	åĲĮåŃ¦ä»¬	同学们
105364	åĮĹæĸ¹	北方
105365	ä½łå°±	你就
105366	ä¸Ģå¸¦ä¸Ģè·¯	一带一路
105367	èĢģå©Ĩ	老婆
105368	æ¸¸æĪıçİ©å®¶	游戏玩家
105369	çļĦç»ĵæŀľ	的结果
105370	è¡¥åģ¿	补偿
105371	å¤ĸè´¸	外贸
105372	å¯¹å¾ħ	对待
105373	ç»´çĶŁç´ł	维生素
105374	ç»ıéĶĢåķĨ	经销商
105375	è¿ĺå°Ĩ	还将
105376	åŃĲå¥³	子女
105377	æĽ´é«ĺ	更高
105378	ä¸įå¤§	不大
105379	éī´å®ļ	鉴定
105380	è®©ä»ĸä»¬	让他们
105381	æīĢè°ĵçļĦ	所谓的
105382	æŃ»äºĨ	死了
105383	å¸®æī¶	帮扶
105384	åĵ²åŃ¦	哲学
105385	ä»¥ä¸ĬçļĦ	以上的
105386	çļĦåħ³éĶ®	的关键
105387	æĹ©å°±	早就
105388	æĬ¥ä»·	报价
105389	éģµå®Ī	遵守
105390	æī©å¼ł	扩张
105391	æĺ¯å¾Ī	是很
105392	å¼ĢéĢļ	开通
105393	æĸ°åĬł	新加
105394	æĸ°åĬłåĿ¡	新加坡
105395	ç¿»è¯ĳ	翻译
105396	è¯¢éĹ®	询问
105397	é¸Ń	鸭
105398	ä½ĵåĨħ	体内
105399	ä¸¤ä¸ªäºº	两个人
105400	çĪ¹	爹
105401	éľľ	霜
105402	ä¹¡æĿĳæĮ¯åħ´	乡村振兴
105403	çĿ¡è§ī	睡觉
105404	å®ĺåĳĺ	官员
105405	åĪĽå§ĭ	创始
105406	åĪĽå§ĭäºº	创始人
105407	ä¼Ĺäºº	众人
105408	åį³ä¾¿	即便
105409	çĸ«èĭĹ	疫苗
105410	ä¼ģä¸ļå®¶	企业家
105411	æ¸£	渣
105412	ç²¾åĬĽ	精力
105413	å¤ĸéĥ¨	外部
105414	èģªæĺİ	聪明
105415	è¿Ļä¹Ł	这也
105416	å½ķåıĸ	录取
105417	åĨ²çªģ	冲突
105418	åħ¨èº«	全身
105419	åŃ£èĬĤ	季节
105420	å¿½çĦ¶	忽然
105421	çļĦæĢģåº¦	的态度
105422	åĤ¨å¤ĩ	储备
105423	ä¿Ŀåħ»	保养
105424	çļĦæĥ³æ³ķ	的想法
105425	ä¸Ĭæµ·å¸Ĥ	上海市
105426	æĲºæīĭ	携手
105427	çļĦä¿¡æģ¯	的信息
105428	åķĨåľº	商场
105429	çļĦæĢĿæĥ³	的思想
105430	æĿĥåĬĽ	权力
105431	æ¯«æĹł	毫无
105432	æĢĢåŃķ	怀孕
105433	ç¡¬ä»¶	硬件
105434	åĨħèĴĻåı¤	内蒙古
105435	æİ¢è®¨	探讨
105436	åħ»çĶŁ	养生
105437	çļĦè¡¨çİ°	的表现
105438	ç©ºä¸Ń	空中
105439	æģĲæĢĸ	恐怖
105440	å¾Īé«ĺ	很高
105441	ç»ıæµİç¤¾ä¼ļ	经济社会
105442	ä¸ĬæĿ¥	上来
105443	å»¶ç»Ń	延续
105444	éĩįå¤į	重复
105445	éĺ²èĮĥ	防范
105446	çļĦå½¢å¼ı	的形式
105447	æľĪåºķ	月底
105448	èĢģå¹´äºº	老年人
105449	ç»¿åĮĸ	绿化
105450	å±±åĮº	山区
105451	æĭ¿åĩº	拿出
105452	æĹħå®¢	旅客
105453	æĽ´æį¢	更换
105454	åħ¬ä¸»	公主
105455	èĬĤçº¦	节约
105456	åħ¨åİ¿	全县
105457	åĽŀæĬ¥	回报
105458	çĲĨæĢ§	理性
105459	çĸ¯çĭĤ	疯狂
105460	æ¶īå«Į	涉嫌
105461	åī§æĥħ	剧情
105462	åĨ¬åŃ£	冬季
105463	åĲİç»Ń	后续
105464	è¿Ļæĺ¯ä¸Ģä¸ª	这是一个
105465	æ¼Ķè®²	演讲
105466	ä¸Ģå±Ĥ	一层
105467	æľīåħ³éĥ¨éĹ¨	有关部门
105468	æĹłå¥Ī	无奈
105469	ç§įç±»	种类
105470	çĽ¸åħ³çļĦ	相关的
105471	æĪĸèĢħæĺ¯	或者是
105472	æī¶æĮģ	扶持
105473	å¤ļæķ°	多数
105474	çļĦä½ľåĵģ	的作品
105475	ä¸ĭä¸ĢæŃ¥	下一步
105476	å¸ĪåĤħ	师傅
105477	é«ĺéĢŁåħ¬è·¯	高速公路
105478	å¥½åıĭ	好友
105479	ä¼ĺç§ĢçļĦ	优秀的
105480	è¿ĽäºĨ	进了
105481	æģĲæĢķ	恐怕
105482	äºĨåĲ§	了吧
105483	å¤§è§Ħæ¨¡	大规模
105484	çļĦä¸ĸçķĮ	的世界
105485	æĢĢçĸĳ	怀疑
105486	å··	巷
105487	åħ´å¥ĭ	兴奋
105488	æĪ°	戰
105489	æĿĳéĩĮ	村里
105490	æľĭåıĭåľĪ	朋友圈
105491	åĨ¬å¤©	冬天
105492	ä¸Ńåįİäººæ°ĳ	中华人民
105493	åįıåķĨ	协商
105494	è¯ĦéĢī	评选
105495	æĹŃ	旭
105496	å¢ŀåĬłäºĨ	增加了
105497	åıĹä¼¤	受伤
105498	ä¸ĢèĤ¡	一股
105499	ä¾¿æį·	便捷
105500	ä¸ĳ	丑
105501	é¹¤	鹤
105502	å¤ĸè§Ĥ	外观
105503	å·¥ç¨ĭå¸Ī	工程师
105504	åĴĮåħ¶ä»ĸ	和其他
105505	è¿Ļå°±	这就
105506	ä¸Ńå°ıä¼ģä¸ļ	中小企业
105507	è¥¿åĮĹ	西北
105508	åĽ½æľīä¼ģä¸ļ	国有企业
105509	èĭ¥æĺ¯	若是
105510	åı¯æĥľ	可惜
105511	çĶŁæĹ¥	生日
105512	åĩ½	函
105513	ä¹°åįĸ	买卖
105514	ç¥Ŀç¦ı	祝福
105515	äººæ°ĳç¾¤ä¼Ĺ	人民群众
105516	åħīæĺİ	光明
105517	åħ¬å¯ĵ	公寓
105518	æĺ¯è°ģ	是谁
105519	æĪĳçŁ¥éģĵ	我知道
105520	è¯Ńæĸĩ	语文
105521	æķıæĦŁ	敏感
105522	ä¸įéĶĻçļĦ	不错的
105523	æĿ¥è®²	来讲
105524	æ³¢åĬ¨	波动
105525	çļĦç¬¬ä¸Ģ	的第一
105526	åľ°éľĩ	地震
105527	åľ¨åħ¨åĽ½	在全国
105528	éª¨å¹²	骨干
105529	å®īç½®	安置
105530	å®¶çĶµ	家电
105531	ä¸İæŃ¤	与此
105532	ä¸İæŃ¤åĲĮæĹ¶	与此同时
105533	åıĹçģ¾	受灾
105534	çĥŃçº¿	热线
105535	çļĦæĬĢæľ¯	的技术
105536	æµĭéĩı	测量
105537	ä¾Ŀèµĸ	依赖
105538	ä¸ŃåĽ½çļĦ	中国的
105539	çī¹æĢ§	特性
105540	è¾ĥé«ĺ	较高
105541	è¸©	踩
105542	ä¼ļåľ¨	会在
105543	å»ºéĢł	建造
105544	å¯¼èĪª	导航
105545	æĥ³èµ·	想起
105546	åħ¨ä¸ĸçķĮ	全世界
105547	å»ºæĿĲ	建材
105548	ç¯Ģ	節
105549	çļĦåŁºç¡Ģ	的基础
105550	èĩªåĬ¨åĮĸ	自动化
105551	åīįåĲİ	前后
105552	çĿ¡çľł	睡眠
105553	æİ¨è¡Į	推行
105554	æį®äºĨè§£	据了解
105555	ä»Ģä¹ĪæĹ¶åĢĻ	什么时候
105556	ä¸įåĸľæ¬¢	不喜欢
105557	çħ¤çĤŃ	煤炭
105558	éĤ£ä¹Īå¤ļ	那么多
105559	å¸ĤåľºåĮĸ	市场化
105560	ä¸įç®¡æĺ¯	不管是
105561	ç«ĭåľº	立场
105562	éĥ½æ²¡	都没
105563	è¯¾é¢ĺ	课题
105564	æĪĳä»¬å°Ĩ	我们将
105565	è¿ĩçļĦ	过的
105566	åĨįåĬłä¸Ĭ	再加上
105567	çĪ¾	爾
105568	èº«æĿĲ	身材
105569	çĶ·å¥³	男女
105570	è¿ľè¿ľ	远远
105571	çĶ·çĶŁ	男生
105572	èĩªèº«çļĦ	自身的
105573	è´Łæĭħ	负担
105574	çĻ¾ä¸ĩ	百万
105575	è¥¿çıŃ	西班
105576	è¥¿çıŃçīĻ	西班牙
105577	åĩĢåĪ©æ¶¦	净利润
105578	æ¾³å¤§	澳大
105579	æ¾³å¤§åĪ©äºļ	澳大利亚
105580	ä¸įåİ»	不去
105581	æī¿åıĹ	承受
105582	æ¥¼çĽĺ	楼盘
105583	å¢ĥåĨħ	境内
105584	æ··åĩĿ	混凝
105585	æ··åĩĿåľŁ	混凝土
105586	æĢĿæĥ³æĶ¿æ²»	思想政治
105587	å¸ĤåĮº	市区
105588	æĭĽæłĩ	招标
105589	åĽ¢ä½ĵ	团体
105590	è¿Ľåº¦	进度
105591	åĨĽéĺŁ	军队
105592	åıįå¼¹	反弹
105593	äºĨä¸ĢäºĽ	了一些
105594	æİ¥å¾ħ	接待
105595	çļĦåŃ¦ä¹ł	的学习
105596	éħįéĢģ	配送
105597	é£Łåĵģå®īåħ¨	食品安全
105598	æĽ¿ä»£	替代
105599	æĺ¯ä»¥	是以
105600	éĢļçĶ¨	通用
105601	çłĶç©¶æīĢ	研究所
105602	ç¦ħ	禅
105603	æīĶ	扔
105604	éļĶç¦»	隔离
105605	ä¸ĩå¹³æĸ¹ç±³	万平方米
105606	çļĦè§Ħå®ļ	的规定
105607	ç»ĻæĪĳä»¬	给我们
105608	æ¿Ģåħī	激光
105609	ä¼ļåĩºçİ°	会出现
105610	çŁŃä¿¡	短信
105611	ç©¿çĿĢ	穿着
105612	æ²Īéĺ³	沈阳
105613	æķĻæĿĲ	教材
105614	éĺ²çĸ«	防疫
105615	ä¼ĺèī¯	优良
105616	çº¦å®ļ	约定
105617	æĪĳçľģ	我省
105618	åħ¬æ°ĳ	公民
105620	éģ¸æĵĩ	選擇
105621	å·²æĪĲä¸º	已成为
105622	ä¸įå¿ħ	不必
105623	ç¥ĸåĽ½	祖国
105624	å¹¶æľª	并未
105625	åľŁå£¤	土壤
105626	å¾®ç¬ĳ	微笑
105627	äºĭä¸ļåįķä½į	事业单位
105628	çļĦæ¸¸æĪı	的游戏
105629	åħ¬ç¤º	公示
105630	åĲĪçĲĨçļĦ	合理的
105631	çªĿ	窝
105632	æ°Ķè±¡	气象
105633	å®¶ä¸Ń	家中
105634	äº®çĽ¸	亮相
105635	åį«æĺŁ	卫星
105636	è®°è½½	记载
105637	è§Ĩéĩİ	视野
105638	åľ°åĮºçļĦ	地区的
105639	ä½Ĩä»ĸ	但他
105640	èĤĮèĤī	肌肉
105641	äºıæįŁ	亏损
105642	åĬŀåŃ¦	办学
105643	ä¸Ģè¡Į	一行
105644	è¯ŀçĶŁ	诞生
105645	åıĳå¸ĥçļĦ	发布的
105646	çļĦæľįåĬ¡	的服务
105647	çļĦçłĶç©¶	的研究
105648	åĳ¨æľ«	周末
105649	äº§ä¸ļåĽŃ	产业园
105650	é«ĺæ¸©	高温
105651	æĪĲåĬŁçļĦ	成功的
105652	æŃ¥éª¤	步骤
105653	åŃĺåĤ¨	存储
105654	åŃĲåħ¬åı¸	子公司
105655	è®©å¥¹	让她
105656	ä¸Ńæľī	中有
105657	åĺīå®¾	嘉宾
105658	å¦®	妮
105659	æĺİå¹´	明年
105660	äºĨåĲĹ	了吗
105661	äºīè®®	争议
105662	æĪĪ	戈
105663	ä¸Ģæľ¬	一本
105664	ç¾İä¸½çļĦ	美丽的
105665	ä½łè¯´	你说
105666	å¤§äºº	大人
105667	æĶ»çķ¥	攻略
105668	ä¸įæľĥ	不會
105669	å¾ħéģĩ	待遇
105670	ä¸Ģè¾Ĩ	一辆
105671	çīĪæĿĥæīĢæľī	版权所有
105672	æ°ĳä¼Ĺ	民众
105673	åĬŁå¤«	功夫
105674	å±ķä¼ļ	展会
105675	å¤§èĦĳ	大脑
105676	æ¯ıæľĪ	每月
105677	å°ıéº¦	小麦
105678	æµĻæ±Łçľģ	浙江省
105679	çļĦæīĢæľī	的所有
105680	ä¸ĭæ»ĳ	下滑
105681	èĵĿèī²	蓝色
105682	è¦ģæĥ³	要想
105683	åŃ¦çĶŁçļĦ	学生的
105684	å½ĵä½ł	当你
105685	ä½ľæĪĺ	作战
105686	å®¶ä¹¡	家乡
105687	å¤ļåĲį	多名
105688	é«ĺäºİ	高于
105689	åĿļå¼º	坚强
105690	è¿ŀéĶģ	连锁
105691	åĲİæŀľ	后果
105692	äººäºĭ	人事
105693	ç´ħ	紅
105694	æ¿ĢåĬ¨	激动
105695	è¿ĽæĶ»	进攻
105696	ç©Ĩ	穆
105697	ä¸ĺ	丘
105698	è®©èĩªå·±	让自己
105699	ä»¥æŃ¤	以此
105700	å¤«äºº	夫人
105701	å¼Ģè®¾	开设
105702	æ°Ķè´¨	气质
105703	é¸¡èĽĭ	鸡蛋
105704	çĦ¡æ³ķ	無法
105705	åĲĥäºĨ	吃了
105706	åĪĨåĪ«ä¸º	分别为
105707	èģĶåĲĪåĽ½	联合国
105708	å½ĵä»£	当代
105709	å¦Ĥæŀľæĺ¯	如果是
105710	è¿ľç¨ĭ	远程
105711	åĸĤ	喂
105712	è®°ä½ı	记住
105713	æ¸ħåįķ	清单
105714	åĲĪä½ľä¼Ļä¼´	合作伙伴
105715	åİ»åģļ	去做
105716	æķħéļľ	故障
105717	æ¨¡æĭŁ	模拟
105718	å¸ĪçĶŁ	师生
105719	åīįæĿ¥	前来
105720	çĶµè§Ĩåī§	电视剧
105721	çĥŃçĪ±	热爱
105722	éľ²åĩº	露出
105723	é«ĺå±Ĥ	高层
105724	çĶµåĻ¨	电器
105725	çºªå¾ĭ	纪律
105726	å¼ĢåıĳåķĨ	开发商
105727	éķ¿å®ī	长安
105728	è½½ä½ĵ	载体
105729	çļĦå°±æĺ¯	的就是
105730	è¢«äºº	被人
105731	åıĹçĲĨ	受理
105732	ç¯®çĲĥ	篮球
105733	èİİ	莎
105734	äº¤ç»Ļ	交给
105735	æľªæĿ¥çļĦ	未来的
105736	ä¸¤å¤§	两大
105737	åĲķå¸ĥ	吕布
105738	çŃīäºº	等人
105739	çļĦæĹ¥åŃĲ	的日子
105740	åĲĪä½ľç¤¾	合作社
105741	æĮĳéĢī	挑选
105742	åŃĺæ¬¾	存款
105743	ç³»ç»ŁçļĦ	系统的
105744	æĬĬå®ĥ	把它
105745	æ²¡æľīä»Ģä¹Ī	没有什么
105746	ä»İæŃ¤	从此
105747	ä¸ŃåįĪ	中午
105748	çĸ¼çĹĽ	疼痛
105749	å·©åĽº	巩固
105750	æµªæ¼«	浪漫
105751	çĽ¸åħ³éĥ¨éĹ¨	相关部门
105752	éķ¿åŁİ	长城
105753	çº¤ç»´	纤维
105754	ä¸ĬéĹ¨	上门
105755	çĪĨçĤ¸	爆炸
105756	èµ·çĤ¹	起点
105757	çļĦéĢļçŁ¥	的通知
105758	èĢĮæĿ¥	而来
105759	çļĦèĢģ	的老
105760	æīĭéĩĮ	手里
105761	è¯ŃéŁ³	语音
105762	è¾Ľèĭ¦	辛苦
105763	æ±Łèĭıçľģ	江苏省
105764	çĶ¨äºĨ	用了
105765	èº«ä»½è¯ģ	身份证
105766	æľīåĬ©	有助
105767	æľīåĬ©äºİ	有助于
105768	çī©èģĶç½ĳ	物联网
105769	åĩºéĹ¨	出门
105770	å¼ŁåŃĲ	弟子
105771	æĥ¹	惹
105772	è¿Ļä»¶äºĭ	这件事
105773	æĪĳä»¬åı¯ä»¥	我们可以
105774	çļĦçĶŁåĳ½	的生命
105775	æľīä¸Ģç§į	有一种
105776	åºĹéĵº	店铺
105777	åıĮæīĭ	双手
105778	çļĦæ¶Īæģ¯	的消息
105779	èĢĲå¿ĥ	耐心
105780	å°´å°¬	尴尬
105781	éĤ£å¤©	那天
105782	é¦ĸæī¹	首批
105783	æĺ¯ä¸Ģå®¶	是一家
105784	äººæ°Ķ	人气
105785	åıįæŃ£	反正
105786	æĪĳåĴĮ	我和
105787	å®łçī©	宠物
105788	ä¸įå¯¹	不对
105789	å¯»æ±Ĥ	寻求
105790	çĽ¸ä¼¼	相似
105791	åľ¨ç¾İåĽ½	在美国
105792	åı«åģļ	叫做
105793	åĹİ	嗎
105794	ç«ĭè¶³	立足
105795	çĶ¨éĢĶ	用途
105796	åħĨ	兆
105797	å¤§æ°Ķ	大气
105798	åĲĳä¸Ĭ	向上
105799	ä»ĸå°±	他就
105800	é¡¹çĽ®å»ºè®¾	项目建设
105801	èĭ¥å¹²	若干
105802	æĺ¯æľī	是有
105803	æ¿Ģæĥħ	激情
105804	çļĦæĦıä¹ī	的意义
105805	æĺŃ	昭
105806	ä¸¥éĩįçļĦ	严重的
105807	å¯ĨéĽĨ	密集
105808	èĪŀè¹Ī	舞蹈
105809	èį£èİ·	荣获
105810	èİ·æĤī	获悉
105811	æ±ŁåįĹ	江南
105812	åģĩå¦Ĥ	假如
105813	æĪ·å¤ĸ	户外
105814	çº¿ç´¢	线索
105815	ç§ģäºº	私人
105816	è½¬åŀĭåįĩçº§	转型升级
105817	çļĦä»·åĢ¼	的价值
105818	åįķçĭ¬	单独
105819	èĢģçĻ¾å§ĵ	老百姓
105820	å°įæĸ¼	對於
105821	åĽ½éĻħåĮĸ	国际化
105822	ä¼°åĢ¼	估值
105823	æľįåĬ¡ä¸ļ	服务业
105824	èĩŃ	臭
105825	æİīäºĨ	掉了
105826	è§£åĨ³äºĨ	解决了
105827	ä¹Łä¸įèĥ½	也不能
105828	åħ¹	兹
105829	æĸ¯çī¹	斯特
105830	æķħæĦı	故意
105831	è¿ĩåº¦	过度
105832	èĬĤæĹ¥	节日
105833	çĻ½çĻľ	白癜
105834	çĻ½çĻľé£İ	白癜风
105835	ç»§æī¿	继承
105836	äºĨä¸įå°ĳ	了不少
105837	äºĮäºº	二人
105838	è§ģéĿ¢	见面
105839	æĥ³æĥ³	想想
105840	å¤įåĲĪ	复合
105841	åº·å¤į	康复
105842	åİ¿åŁİ	县城
105843	åľ¨åĽ½åĨħ	在国内
105844	åľºåľ°	场地
105845	éĻ¶çĵ·	陶瓷
105846	è¿Ļé¡¹	这项
105847	çľ¼ä¸Ń	眼中
105848	çł¸	砸
105849	æĦŁè§īåĪ°	感觉到
105850	æŀľçĦ¶	果然
105851	æĶ¾åħ¥	放入
105852	çº¦æĿŁ	约束
105853	æİĴæŁ¥	排查
105854	è½¦ä¸»	车主
105855	çļĦæĦıæĢĿ	的意思
105856	æĸ°åŁİ	新城
105857	æĥ³çĿĢ	想着
105858	éģĤ	遂
105859	èĮ¶åı¶	茶叶
105860	ä¹°æĪ¿	买房
105861	åĨľæĪ·	农户
105862	é«ĺæīĭ	高手
105863	çİīç±³	玉米
105864	æĸ°åĨłèĤºçĤİ	新冠肺炎
105865	çħ§æĺİ	照明
105866	æĮĩåįĹ	指南
105867	è¸¢	踢
105868	æķĳæı´	救援
105869	æĻ¯çĤ¹	景点
105870	ç¨İæĶ¶	税收
105871	çļĦæīĭ	的手
105872	æŃ£å¥½	正好
105873	è¦ģæĬĬ	要把
105874	éļıæĦı	随意
105875	åħ¶å®ŀæĺ¯	其实是
105876	ç»Ļèĩªå·±	给自己
105877	è°ĪåĪ¤	谈判
105878	æ¯ıå¤©éĥ½	每天都
105879	æĢģåĬ¿	态势
105880	é¢Ħçº¦	预约
105881	åİĨåı²ä¸Ĭ	历史上
105882	å®Ŀè´Ŀ	宝贝
105883	åīįè¿Ľ	前进
105884	ä¹Łå°±æĺ¯è¯´	也就是说
105885	çļĦæĦıè§ģ	的意见
105886	åı£ç½©	口罩
105887	åİĺç±³	厘米
105888	èĬ±è´¹	花费
105889	ä½ĵèĤ²æĬķæ³¨	体育投注
105890	åħ¬ä¼Ĺåı·	公众号
105891	èĳĹåĲįçļĦ	著名的
105892	å¼ĢæĪ·	开户
105893	æĭįåįĸ	拍卖
105894	å²ģæľĪ	岁月
105895	åĨħæ¶µ	内涵
105896	å®Įæķ´çļĦ	完整的
105897	é«ĺåİĭ	高压
105898	åħ¬åĬ¡åĳĺ	公务员
105899	ä½¿çĶ¨çļĦ	使用的
105900	çĶŁäº§çº¿	生产线
105901	å¦¹å¦¹	妹妹
105902	èµ°è®¿	走访
105903	æĺ¯åı¯ä»¥	是可以
105904	åľ¨å®¶	在家
105905	æļ´åĬĽ	暴力
105906	æ³°åĽ½	泰国
105907	è´¨çĸĳ	质疑
105908	ä¸įéģİ	不過
105909	å¤©çĦ¶æ°Ķ	天然气
105910	ç¼ºçĤ¹	缺点
105911	å°ıåŀĭ	小型
105912	ä¸įä»ħæĺ¯	不仅是
105913	é»ĳæļĹ	黑暗
105914	æ¢¨	梨
105915	æĸĩæĹħ	文旅
105916	è¦ģæľī	要有
105917	ä¸Ńå±±	中山
105918	çļĦæķ°æį®	的数据
105919	å¾Ĺå¾Ī	得很
105920	ä»¥ä¾¿	以便
105921	å¯¹ä»ĸ	对他
105922	åĬłä»¥	加以
105923	çĻ¼çı¾	發現
105924	è®¾å®ļ	设定
105925	èĤļåŃĲ	肚子
105926	éĿĸ	靖
105927	å¥īçĮ®	奉献
105928	ä¸įåıĺ	不变
105929	åı£ç¢ĳ	口碑
105930	åľ¨åĵªéĩĮ	在哪里
105931	ä½Ĳ	佐
105932	è¿Ļä¸¤ä¸ª	这两个
105933	çļĦæĸ¹åĲĳ	的方向
105934	æŀ«	枫
105935	äºĮæ¬¡	二次
105936	çīĩåĮº	片区
105937	éłĲ	預
105938	ç£Ĭ	磊
105939	æĭ¿çĿĢ	拿着
105940	å·²ç»ıæĪĲä¸º	已经成为
105941	ä¹ĭä¸Ĭ	之上
105942	å®ĹæĹ¨	宗旨
105943	å¥¶å¥¶	奶奶
105944	é«ĺæĸ°åĮº	高新区
105945	ç¤¾æľĥ	社會
105946	è·Łè¸ª	跟踪
105947	æľįåĬ¡ä¸Ńå¿ĥ	服务中心
105948	æī¯	扯
105949	æīĭæĮĩ	手指
105950	ç¤¼çī©	礼物
105951	å®¿èĪį	宿舍
105952	çĶ¨å¿ĥ	用心
105953	æıĲé«ĺäºĨ	提高了
105954	äº®çĤ¹	亮点
105955	ä¸įæĦ¿æĦı	不愿意
105956	æĴŃæĶ¾	播放
105957	å¤ļå°ĳéĴ±	多少钱
105958	æ²¡ä»Ģä¹Ī	没什么
105959	æķ°åįģ	数十
105960	æĢ»çĽĳ	总监
105961	çļĦåŁİå¸Ĥ	的城市
105962	æī¾åĪ°äºĨ	找到了
105963	åĨħåľ°	内地
105964	åĪ°çİ°åľ¨	到现在
105965	æĪĺæĸĹåĬĽ	战斗力
105966	åİŁå§ĭ	原始
105967	åĥ§	僧
105968	åĢĴæĺ¯	倒是
105969	æľĢåħ·	最具
105970	è´«åĽ°æĪ·	贫困户
105971	éĢģåĪ°	送到
105972	çº§åĪ«	级别
105973	åĩºèµĦ	出资
105974	æĪªæŃ¢	截止
105975	ç§įåŃĲ	种子
105976	èĥ½ä¸įèĥ½	能不能
105977	å¹¸è¿Ĳ	幸运
105978	èĸĩ	薇
105979	é¡¹éĵ¾	项链
105980	æĮĤçīĮ	挂牌
105981	ä¸Ģæ¨£	一樣
105982	ä¹ĺå®¢	乘客
105983	èĲ½åĲİ	落后
105984	ä½ĨæĪĳ	但我
105985	æĹ©åľ¨	早在
105986	åĬ¨æ¼«	动漫
105987	å¹³çŃī	平等
105988	å¯¹ä½ł	对你
105989	ä¸įæĢķ	不怕
105990	å¤ĸçķĮ	外界
105991	å¤ļå¹´æĿ¥	多年来
105992	é¦ĸä¸ª	首个
105993	æ²³åįĹçľģ	河南省
105994	æĪĸåħ¶ä»ĸ	或其他
105995	éķľå¤´	镜头
105996	åįĹæĺĮ	南昌
105997	ä¸ĢéĿ¢	一面
105998	éĢłæĪĲçļĦ	造成的
105999	å´Ķ	崔
106000	çŃĴ	筒
106001	æķĻèĤ²éĥ¨	教育部
106002	åľ°åŁŁ	地域
106003	æĺĨæĺİ	昆明
106004	å·´é»İ	巴黎
106005	æīĭæ¸¸	手游
106006	ä¸ĢæĹ¶	一时
106007	çłį	砍
106008	é¡¶çº§	顶级
106009	åħ±è®¡	共计
106010	åİŁæ²¹	原油
106011	è¾īçħĮ	辉煌
106012	è¯´æĺ¯	说是
106013	æĸ°åįİç¤¾	新华社
106014	ç»ıåİĨäºĨ	经历了
106015	ä¸įæŃ¢	不止
106016	è¦ģä¹Ī	要么
106017	èĢħçļĦ	者的
106018	æĢ»æĬķèµĦ	总投资
106019	è¡Įé©¶	行驶
106020	ä¸Ĭå¸Ŀ	上帝
106021	å¹´çºª	年纪
106022	çĲ¼	琼
106023	ä¼łè¯´	传说
106024	ç²¾èĭ±	精英
106025	æĸ¹éĴĪ	方针
106026	æ±Łæ¹ĸ	江湖
106027	æĪĲçĤº	成為
106028	æĢ»éĩı	总量
106029	æĬķæĶ¾	投放
106030	åĬ¨çĶ»	动画
106031	èĹ¤	藤
106032	çĶµæºĲ	电源
106033	éĴĻ	钙
106034	åĲĮè¡Į	同行
106035	æĻ®éĢļçļĦ	普通的
106036	åĽ¾ä¹¦é¦Ĩ	图书馆
106037	è¯ĪéªĹ	诈骗
106038	æħĪåĸĦ	慈善
106039	è¿Ļä»½	这份
106040	ä¸»æĮģäºº	主持人
106041	å°±è¿Ļæł·	就这样
106042	èĢĮæĪĲ	而成
106043	èĩªè¡Įè½¦	自行车
106044	ä¸ŃåĽ½çī¹èī²	中国特色
106045	èĤ¿çĺ¤	肿瘤
106046	åĲ¾	吾
106047	å¼Łå¼Ł	弟弟
106048	åıĹçĽĬ	受益
106049	éĢīæĭ©äºĨ	选择了
106050	æĺİæĺ¾çļĦ	明显的
106051	æĬ¥èĢĥ	报考
106052	ç¬ĳéģĵ	笑道
106053	éĽĸçĦ¶	雖然
106054	æ¸©å·ŀ	温州
106055	éĿŀæ´²	非洲
106056	ç§įç§į	种种
106057	åıĤåĬłäºĨ	参加了
106058	è´§è¿Ĳ	货运
106059	éļıä¾¿	随便
106060	å°±æ²¡æľī	就没有
106061	ç¸£	縣
106062	å¤®è§Ĩ	央视
106063	ç©¿è¶Ĭ	穿越
106064	çļĦçİ°è±¡	的现象
106065	åĩłæ¬¡	几次
106066	çļĦé£İéĻ©	的风险
106067	æŃĮæĽ²	歌曲
106068	æľ¬å±Ĭ	本届
106069	å¹´åĨħ	年内
106070	ä¸įè¶ħè¿ĩ	不超过
106071	è¿ĩå¤ļ	过多
106072	å¿ħé¡»è¦ģ	必须要
106073	ç»ĵè®º	结论
106074	åĢŁéī´	借鉴
106075	ç¥ŀå¥ĩ	神奇
106076	æľŁæľĽ	期望
106077	ä¸ĵäº«	专享
106078	éĿŀå¸¸éĩįè¦ģ	非常重要
106079	æĦıè¯ĨåĪ°	意识到
106080	åĲĪå¹¶	合并
106081	æĬĬèĩªå·±	把自己
106082	å¥Ĺè£ħ	套装
106083	éŃĶæ³ķ	魔法
106084	å¤ıåŃ£	夏季
106085	ä¸įåĥı	不像
106086	å¢ĥçķĮ	境界
106087	æĥĬåĸľ	惊喜
106088	æľīä¸Ģå¤©	有一天
106089	çĦ¦çĤ¹	焦点
106090	æĪĳè®¤ä¸º	我认为
106091	åħ°å·ŀ	兰州
106092	çĶµæ°Ķ	电气
106093	èģĶç³»æĪĳä»¬	联系我们
106094	ç§ĳæĻ®	科普
106095	å¥¹è¯´	她说
106096	çļĦæĸĩç«ł	的文章
106097	å¥ĩæĢª	奇怪
106098	åıĭå¥½	友好
106099	é¥®æĸĻ	饮料
106100	çļĦæĶ¯æĮģ	的支持
106101	çŃĶåºĶ	答应
106102	éĩįéĩı	重量
106103	çĳ¶	瑶
106104	åĩıè½»	减轻
106105	ç§ĳåŃ¦å®¶	科学家
106106	å·´è¥¿	巴西
106107	éĩĳèŀįæľºæŀĦ	金融机构
106108	åħļå§Ķä¹¦è®°	党委书记
106109	è²¸æ¬¾	貸款
106110	ç²¾èĩ´	精致
106111	ä»İæľª	从未
106112	åį°åĪ·	印刷
106113	åĽŀé¡¾	回顾
106114	é¦ĸéĥ½	首都
106115	åıĳèĤ²	发育
106116	éĹ®éģĵ	问道
106117	è¾¾åĪ°äºĨ	达到了
106118	å¿įä¸įä½ı	忍不住
106119	æīįæľī	才有
106120	æįĲèµł	捐赠
106121	ä½ĽæķĻ	佛教
106122	ä¸įæ¸ħ	不清
106123	éĺŁéķ¿	队长
106124	çĽ¸åıį	相反
106125	æĬ¥èŃ¦	报警
106126	å¤§åħ¨	大全
106127	æ¬§çĽŁ	欧盟
106128	å¸®å¿Ļ	帮忙
106129	çļĦæĻĤåĢĻ	的時候
106130	çĽ®å½ķ	目录
106131	è¶³ä»¥	足以
106132	èī°éļ¾	艰难
106133	ä»ĸä¹Ł	他也
106134	å·¥ä½ľèĢħ	工作者
106135	å¤´èĦĳ	头脑
106136	ç¼ºéĻ·	缺陷
106137	æĪĲç«ĭäºĨ	成立了
106138	å°±å¼Ģå§ĭ	就开始
106139	è®¤åĲĮ	认同
106140	é»Ħèī²	黄色
106141	çĹħæĥħ	病情
106142	è¦ºå¾Ĺ	覺得
106143	è¿Ļä¸¤	这两
106144	ä¿¡ä»°	信仰
106145	åľĭå®¶	國家
106146	ä¸įä»ħä»ħæĺ¯	不仅仅是
106147	çĭ¬å®¶	独家
106148	èĪ¬çļĦ	般的
106149	æĿĲè´¨	材质
106150	æµ·ä¸Ĭ	海上
106151	çĤºäºĨ	為了
106152	æľºåĬ¨è½¦	机动车
106153	çĽ¸å½ĵäºİ	相当于
106154	å¤ļåħĥåĮĸ	多元化
106155	æĽ´å¤§çļĦ	更大的
106156	èĽ®	蛮
106157	åģĩæľŁ	假期
106158	å¼ıçļĦ	式的
106159	äº¤éĢļè¿Ĳè¾ĵ	交通运输
106160	çľģå§Ķ	省委
106161	ä¸įç®Ĺ	不算
106162	æĶ¾ä¸ĭ	放下
106163	éĹ¯	闯
106164	äººåľ¨	人在
106165	æ¸¯åı£	港口
106166	æĹ¨åľ¨	旨在
106167	åĳ½ä»¤	命令
106168	æŁĲä¸ª	某个
106169	å¹³ç¨³	平稳
106170	åıªå¥½	只好
106171	äººäºº	人人
106172	äºŀ	亞
106173	äºĮç»´	二维
106174	äºĮç»´çłģ	二维码
106175	æŀģä¸º	极为
106176	åĪ«å¢ħ	别墅
106177	åħ¶ä½Ļ	其余
106178	å¤§äºĭ	大事
106179	ä¸»ç®¡éĥ¨éĹ¨	主管部门
106180	æĹłéĶ¡	无锡
106181	éĹµ	闵
106182	éģŃåĪ°	遭到
106183	è¯´è¿ĩ	说过
106184	ä¸ºä½ł	为你
106185	è§£çŃĶ	解答
106186	éªĮæĶ¶	验收
106187	çļĦç»ıéªĮ	的经验
106188	åĮ¹éħį	匹配
106189	çģ«ç®Ń	火箭
106190	è±ªåįİ	豪华
106191	æŁĲæŁĲ	某某
106192	çļĦæĹ¶ä»£	的时代
106193	ä¹¦éĿ¢	书面
106194	æģĴå¤§	恒大
106195	å»¶éķ¿	延长
106196	ä¸ĢåĲĮ	一同
106197	æľªèĥ½	未能
106198	äº¤æį¢	交换
106199	çĶ¢åĵģ	產品
106200	çŃīåĪ°	等到
106201	åĪĨç¦»	分离
106202	æīĵçĶµè¯Ŀ	打电话
106203	å¹²çĩ¥	干燥
106204	è¾ĥå¤ļ	较多
106205	å¤ļå¹´çļĦ	多年的
106206	èĥĮæĻ¯ä¸ĭ	背景下
106207	ä¸ºä¾ĭ	为例
106208	æĳĺè¦ģ	摘要
106209	å´Ľèµ·	崛起
106210	æŃ¤åĪ»	此刻
106211	æľīæľºä¼ļ	有机会
106212	æĿ¡æ¬¾	条款
106213	é¢Ĩå¯¼å°ıç»Ħ	领导小组
106214	çļĦèº«ä½ĵ	的身体
106215	åįķä¸Ģ	单一
106216	å¤®è¡Į	央行
106217	ä¸įæĸŃæıĲé«ĺ	不断提高
106218	ä»·åĢ¼è§Ĥ	价值观
106219	èĬ½	芽
106220	èĲį	萍
106221	æ³ķå¾ĭæ³ķè§Ħ	法律法规
106222	ä¸įéĶĪ	不锈
106223	ä¸įéĶĪéĴ¢	不锈钢
106224	åĩºäºİ	出于
106225	èĻļæĭŁ	虚拟
106226	æį®æĤī	据悉
106227	çĥ¦æģ¼	烦恼
106228	åħ¨æĸ°çļĦ	全新的
106229	æī«æıı	扫描
106230	çĻ»éĻĨ	登陆
106231	èīºæľ¯å®¶	艺术家
106232	çļĦé£Łçī©	的食物
106233	çļĦåŃĺåľ¨	的存在
106234	å®¢åİħ	客厅
106235	æĪĳä»¬å°±	我们就
106236	æŁ¥çľĭæĽ´å¤ļ	查看更多
106237	è¯Ħå®¡	评审
106238	å¸Ĥåł´	市場
106239	è¬Ľ	講
106240	å·¨å¤´	巨头
106241	ä¸ŃåĽ½ç»ıæµİ	中国经济
106242	äºĨèĩªå·±çļĦ	了自己的
106243	åĨ³è®®	决议
106244	çĽĳçĿ£ç®¡çĲĨ	监督管理
106245	æĬķç¥¨	投票
106246	åĨįåº¦	再度
106247	è¡ĮçĤº	行為
106248	æ³¨åħ¥	注入
106249	ä½ľä¸ºä¸Ģä¸ª	作为一个
106250	æ¯ıä¸ªäººéĥ½	每个人都
106251	åįķåħĥ	单元
106252	è¦ģçŁ¥éģĵ	要知道
106253	è¢«ç§°ä¸º	被称为
106254	ä¹ĭéĻħ	之际
106255	è§£éĻ¤	解除
106256	ä¸¸	丸
106257	æº«	溫
106258	ä¸īæĺŁ	三星
106259	é²ľæĺİ	鲜明
106260	ä¹Łéĥ½	也都
106261	æĹ¶æľº	时机
106262	åĩºæīĭ	出手
106263	æĥħå½¢	情形
106264	åķĨè´¸	商贸
106265	éĢīä¸¾	选举
106266	å¯¹èĩªå·±	对自己
106267	çĶŁåĬ¨	生动
106268	åħĭæľį	克服
106269	ä¸ªä½ĵ	个体
106270	èĭĳ	苑
106271	ç¨±	稱
106272	å¤§åİ¦	大厦
106273	æĺ¯å¯¹	是对
106274	åĪ©æģ¯	利息
106275	è¿ĲåĬ¨åĳĺ	运动员
106276	åĮĸè§£	化解
106277	åīįæ²¿	前沿
106278	æĦŁæģ©	感恩
106279	æĢ»ä¹ĭ	总之
106280	é«ĺæĸ°æĬĢæľ¯	高新技术
106281	åĿĩä¸º	均为
106282	åħ¨åĮº	全区
106283	æ°Ķæ°Ľ	气氛
106284	åı¯ä»¥è¯´æĺ¯	可以说是
106285	ä½ıå®¿	住宿
106286	åħļåĳĺå¹²éĥ¨	党员干部
106287	åĹ¯	嗯
106288	è·µè¡Į	践行
106289	çļĦä¸ĵä¸ļ	的专业
106290	èĢĥéªĮ	考验
106291	èķ¾	蕾
106292	åħ¬åŃĲ	公子
106293	çļĦçĬ¶æĢģ	的状态
106294	æ½®æµģ	潮流
106295	ä¿¡æīĺ	信托
106296	è´¼	贼
106297	åĲĦæĸ¹	各方
106298	æķĳåĬ©	救助
106299	éĿŀå¸¸çļĦ	非常的
106300	æ¡¥æ¢ģ	桥梁
106301	åħ¬æĸ¤	公斤
106302	ä¼¼çļĦ	似的
106303	çľĭå¥½	看好
106304	å±Ģéĥ¨	局部
106305	å®īéĿĻ	安静
106306	éħįä»¶	配件
106307	å¸¸è§Ħ	常规
106308	å¼Ģè½¦	开车
106309	ç¬¬äºĮæ¬¡	第二次
106310	ä¸Ĭçº§	上级
106311	åıĤèµĽ	参赛
106312	å®¶å±ŀ	家属
106313	å¼ºåĬ¿	强势
106314	åľ¨ä»ĸ	在他
106315	åĲĳåīį	向前
106316	ä¹ĭåľ°	之地
106317	éĥ¡	郡
106318	è¡Įç¨ĭ	行程
106319	èŃ¦åĳĬ	警告
106320	è§Ħå®ļçļĦ	规定的
106321	åķĨåŁİ	商城
106322	äºĶå¤§	五大
106323	æķĻå®¤	教室
106324	åįģè¶³	十足
106325	æīĢä»¥åľ¨	所以在
106326	å°Ĩç»§ç»Ń	将继续
106327	çŃīæĸ¹å¼ı	等方式
106328	å®¶ä¼ģä¸ļ	家企业
106329	äº¤ä»ĺ	交付
106330	çĤ¹è¯Ħ	点评
106331	ç»ĵç®Ĺ	结算
106332	ä¹Łåı¯	也可
106333	å¤ĸæ±ĩ	外汇
106334	è¿Ļç§įæĥħåĨµ	这种情况
106335	æİĪäºĪ	授予
106336	å¸ĥç½®	布置
106337	æĪĲç«ĭäºİ	成立于
106338	é¢ĦèŃ¦	预警
106339	ç®¡çĲĨäººåĳĺ	管理人员
106340	å©ļç¤¼	婚礼
106341	ç»ĵæĿŁåĲİ	结束后
106342	åħ¥éĢī	入选
106343	æĹłæ¯Ķ	无比
106344	åĴĮåıĳå±ķ	和发展
106345	çĻ½éħĴ	白酒
106346	çİ©åħ·	玩具
106347	ä¸ĩç¾İåħĥ	万美元
106348	çļĦæĪĲç»©	的成绩
106349	æĭįçħ§	拍照
106350	èĢĥèĻĳåĪ°	考虑到
106351	ä¼ģä¸ļåıĳå±ķ	企业发展
106352	äºĨä¸ª	了个
106353	çĶŁæ°Ķ	生气
106354	çļĦå¥³äºº	的女人
106355	äºĶåįģ	五十
106356	çĪ·çĪ·	爷爷
106357	çº½çº¦	纽约
106358	éĥ½è¢«	都被
106359	ä¸Ĭè¯¾	上课
106360	çĽ¡	盡
106361	ä¼łç»ŁæĸĩåĮĸ	传统文化
106362	æ½ľåľ¨	潜在
106363	åıĳå°Ħ	发射
106364	ä¸Ģèº«	一身
106365	éĺ²å®Ī	防守
106366	åĪ®	刮
106367	é¢ĺçĽ®	题目
106368	åľ¨åĨħçļĦ	在内的
106369	ç¾İå¥½çļĦ	美好的
106370	è¿ĻéĩĮçļĦ	这里的
106371	ä¸Ģä¸Ŀ	一丝
106372	äººåĿĩ	人均
106373	åĢ¡å¯¼	倡导
106374	èº«åĲİ	身后
106375	æī©å±ķ	扩展
106376	å¤§éĹ¨	大门
106377	å°±è¢«	就被
106378	è¯¥é¡¹çĽ®	该项目
106379	æŀ¶æŀĦ	架构
106380	ä¸Ģåı£	一口
106381	ä¿¡æģ¯æĬĢæľ¯	信息技术
106382	å¼Ģä¸ļ	开业
106383	æĶ¶åıĸ	收取
106384	ç½ĳé¡µ	网页
106385	æĶ¯æı´	支援
106386	å°ģéĹŃ	封闭
106387	å¡ĳéĢł	塑造
106388	å¤§èĥĨ	大胆
106389	å¿«éĢŁåıĳå±ķ	快速发展
106390	çľĭä¼¼	看似
106391	æ¸Ŀ	渝
106392	è¿Ļæł·ä¸Ģä¸ª	这样一个
106393	æ¨¡åĿĹ	模块
106394	æ³¨æĦıåĪ°	注意到
106395	çł´è§£	破解
106396	èĩªä»İ	自从
106397	åĳµåĳµ	呵呵
106398	ä¹ĭå¾Į	之後
106399	ä¹ĭæĹħ	之旅
106400	è·ŁæĪĳ	跟我
106401	æ³ķäºº	法人
106402	æİĴè¡Įæ¦ľ	排行榜
106403	åĿļå®Ī	坚守
106404	å¥½å¤Ħ	好处
106405	çŁ³å¤´	石头
106406	å¹¶å°Ĩ	并将
106407	èĪ±	舱
106408	æŃĩ	歇
106409	ä¸¤å²¸	两岸
106410	å¤ļä¹ħ	多久
106411	è±¡å¾ģ	象征
106412	ä¸ªæĢ§åĮĸ	个性化
106413	çļĦè§Ĵåº¦	的角度
106414	å¸Ĩ	帆
106415	ç¦ıå·ŀ	福州
106416	æŁ¥å¤Ħ	查处
106417	ä¸¤åĽ½	两国
106418	åĲ¸å¼ķäºĨ	吸引了
106419	é¦ĸå¸Ń	首席
106420	å¤§åĵ¥	大哥
106421	é¤Ĭ	養
106422	æ¶¨å¹ħ	涨幅
106423	éĢīçĶ¨	选用
106424	è¨±å¤ļ	許多
106425	èĲ½æĪ·	落户
106426	åĵĪå°Ķ	哈尔
106427	åĵĪå°Ķæ»¨	哈尔滨
106428	åģļä»Ģä¹Ī	做什么
106429	ä»¥åħį	以免
106430	é¾į	龍
106431	æĹłéľĢ	无需
106432	åĪ°åºķæĺ¯	到底是
106433	æĢ¡	怡
106434	åĳĬè¯īä½ł	告诉你
106435	éĺ²æ°´	防水
106436	è¿ĻæĹ¶åĢĻ	这时候
106437	æ¬¢ä¹Ĳ	欢乐
106438	è½¬åĲĳ	转向
106439	è¿Ļä¸ªåľ°åĽ¾	这个地图
106440	åħ¥é©»	入驻
106441	èįīåİŁ	草原
106442	æĹ¶ä»£çļĦ	时代的
106443	åıĺåĬ¨	变动
106444	åĬłå¼ºå¯¹	加强对
106445	åģ¶å°Ķ	偶尔
106446	å®ĪæĬ¤	守护
106447	æ°Ķæ¸©	气温
106448	äººéĹ´	人间
106449	æľĿé²ľ	朝鲜
106450	ç»ıè´¹	经费
106451	åĽŃæŀĹ	园林
106452	å·¥åľ°	工地
106453	è§Ħæł¼	规格
106454	åĩłåįģ	几十
106455	è¯ķåĽ¾	试图
106456	å¦ĥ	妃
106457	éĤ£æĹ¶åĢĻ	那时候
106458	å¼ĺæī¬	弘扬
106459	ä¸ļçķĮ	业界
106460	çļĦéĢŁåº¦	的速度
106461	ä¼ļä¸įä¼ļ	会不会
106462	èĲ¥æĶ¶	营收
106463	å°ıå¾®ä¼ģä¸ļ	小微企业
106464	çľĭè¿ĩ	看过
106465	æĬĬä»ĸ	把他
106466	éģµå¾ª	遵循
106467	è¿Ļè¾¹	这边
106468	æ²¡æľīäºº	没有人
106469	å£¶	壶
106470	æ¹ĸåįĹçľģ	湖南省
106471	æŀģåħ¶	极其
106472	çļĦäººçĶŁ	的人生
106473	ä»ĸè¿ĺ	他还
106474	è½¬åĮĸä¸º	转化为
106475	èµ°è¿ĩ	走过
106476	æĬ±çĿĢ	抱着
106477	çīĽå¥¶	牛奶
106478	ä¸ĩäº©	万亩
106479	å¿ĥæĢģ	心态
106480	æĹ¥å¸¸çĶŁæ´»	日常生活
106481	ä½ĵæ£Ģ	体检
106482	æĻĥ	晃
106483	çŃīé¢ĨåŁŁ	等领域
106484	æĩīè©²	應該
106485	åı¯ä»¥çľĭåĪ°	可以看到
106486	æī¾ä¸įåĪ°	找不到
106487	èĢģå¹´	老年
106488	æĬĬæĪĳ	把我
106489	ç§¯åĪĨ	积分
106490	æ¢³çĲĨ	梳理
106491	ç»³	绳
106492	çļĦæĶ¿æ²»	的政治
106493	å¸ĿåĽ½	帝国
106494	éĻªä¼´	陪伴
106495	æ´Ľéĺ³	洛阳
106496	åħ¬æŃ£	公正
106497	å¼Ģåı£	开口
106498	çī¹èī²çļĦ	特色的
106499	åĽ°å¢ĥ	困境
106500	ä¸Ĭæľī	上有
106501	ç«ĭä½ĵ	立体
106502	æīĵå·¥	打工
106503	åķ¤éħĴ	啤酒
106504	åľ¨éĤ£éĩĮ	在那里
106505	éĤ£è¾¹	那边
106506	ä¸ªåĪ«	个别
106507	ä¸Ģå®ļæĺ¯	一定是
106508	çļĦéĩįè¦ģæĢ§	的重要性
106509	ä¸»å¼ł	主张
106510	åĴĮæľįåĬ¡	和服务
106511	ä¸Ĭç½ĳ	上网
106512	è¡¥åĬ©	补助
106513	åıªéľĢ	只需
106514	å¼¦	弦
106515	éģ®	遮
106516	åĬĽäºī	力争
106517	åº¦è¿ĩ	度过
106518	èĳ¬	葬
106519	é¡¿æĹ¶	顿时
106520	éĦī	鄉
106521	çººç»ĩ	纺织
106522	åľ°åĿĹ	地块
106523	ä¿¡çĶ¨åį¡	信用卡
106524	ç½ļæ¬¾	罚款
106525	åĳĬè¯īæĪĳ	告诉我
106526	éĽĻ	雙
106527	ä¹¦çĶ»	书画
106528	è¨Ńè¨Ī	設計
106529	æĢ»ä¼ļ	总会
106530	åĪ¤åĨ³	判决
106531	ä¿¡èªī	信誉
106532	ä¸ªèĤ¡	个股
106533	å¹³å¸¸	平常
106534	æĢİéº¼	怎麼
106535	ä½ĵçİ°åľ¨	体现在
106536	é»Ħæ²³	黄河
106537	åĽĽå·Ŀçľģ	四川省
106538	çľŁçĽ¸	真相
106539	åĲĦé¡¹å·¥ä½ľ	各项工作
106540	åĬ¨åĳĺ	动员
106541	å³°ä¼ļ	峰会
106542	ä¸ĢæľŁ	一期
106543	æľīä¸Ģå®ļçļĦ	有一定的
106544	é«ĺåº¦éĩįè§Ĩ	高度重视
106545	ç¹ģèį£	繁荣
106546	åıĳçİ°äºĨ	发现了
106547	ç½ĳçº¢	网红
106548	æīĭæ³ķ	手法
106549	å®¶åĽŃ	家园
106550	ä»ªåĻ¨	仪器
106551	è¾ĥä½İ	较低
106552	çļĦå®īåħ¨	的安全
106553	æ¡Ĳ	桐
106554	ä»ĺæ¬¾	付款
106555	æĬĳåĪ¶	抑制
106556	åįĵè¶Ĭ	卓越
106557	æŃ£éĿ¢	正面
106558	åĵĳ	哑
106559	å¼ºåĪ¶	强制
106560	ä»Ĭå¤©çļĦ	今天的
106561	æĪĺèĥľ	战胜
106562	æ¥¼å¸Ĥ	楼市
106563	æĭ¿ä¸ĭ	拿下
106564	é¢ľåĢ¼	颜值
106565	ä¸ľéĥ¨	东部
106566	çłĶåĪ¶	研制
106567	çļĦæĪĺçķ¥	的战略
106568	åľ¨ä¸Ģä¸ª	在一个
106569	ä¸īäºº	三人
106570	å®ĮäºĨ	完了
106571	æĸ°æĬĢæľ¯	新技术
106572	ç»ıæµİæķĪçĽĬ	经济效益
106573	å¯Įæľī	富有
106574	æ¾³æ´²	澳洲
106575	åĬ©çĲĨ	助理
106576	é¢Ĩåıĸ	领取
106577	è°Ń	谭
106578	çĩĥçĥ§	燃烧
106579	ç´łåħ»	素养
106580	éĤĦæľī	還有
106581	è¿ĽèĢĮ	进而
106582	ä»Ģä¹Īæĺ¯	什么是
106583	çłĶç©¶ä¸Ńå¿ĥ	研究中心
106584	éĢĤçĶ¨äºİ	适用于
106585	æİ¥æĶ¶	接收
106586	å¤±æľĽ	失望
106587	äºĮçº§	二级
106588	éĹ´çļĦ	间的
106589	åİŁæłĩé¢ĺ	原标题
106590	èªįçĤº	認為
106591	æį¡	捡
106592	å¯¹çĿĢ	对着
106593	å¯¹éĿ¢	对面
106594	ä¸ŃåİŁ	中原
106595	éĵĥ	铃
106596	çĶŁäº§çļĦ	生产的
106597	åıĳå¸ĥä¼ļ	发布会
106598	å£«åħµ	士兵
106599	è¿Ļåı¥è¯Ŀ	这句话
106600	ç¼´çº³	缴纳
106601	ä¸Ģä¸ªä¸ª	一个个
106602	åŃ¸çĶŁ	學生
106603	çĸĳéĹ®	疑问
106604	äº¤èŃ¦	交警
106605	ç¤ºèĮĥåĮº	示范区
106606	å¤©ä½¿	天使
106607	åľ¨ä¸Ĭæµ·	在上海
106608	åĲĮæĻĤ	同時
106609	è½»æĺĵ	轻易
106610	åĶ¯ä¸ĢçļĦ	唯一的
106611	çĥŃéĹ¹	热闹
106612	ä¹Ĳè§Ĥ	乐观
106613	çļĦèº«ä»½	的身份
106614	åĸĦäºİ	善于
106615	å¤§åİħ	大厅
106616	èĤ¯å®ļæĺ¯	肯定是
106617	éĺ²çģ«	防火
106618	å¤ĸåĩº	外出
106619	æį®è¯´	据说
106620	é¡¹çĽ®çļĦ	项目的
106621	ä¸Ģåı°	一台
106622	èĻļåģĩ	虚假
106623	ä¸Ģç¬Ķ	一笔
106624	ç«ĭæ³ķ	立法
106625	ä¸¥èĤĥ	严肃
106626	æī¿åĬŀ	承办
106627	åįģåĩł	十几
106628	çļĦç©ºéĹ´	的空间
106629	æľ¬ç½ĳç«Ļ	本网站
106630	åģļå¾Ĺ	做得
106631	ä¿Ŀæ¸©	保温
106632	æľĪåĪĿ	月初
106633	åľ¨ç½ĳä¸Ĭ	在网上
106634	åĲĦæĸ¹éĿ¢	各方面
106635	ä¸īå¤©	三天
106636	äº¤æĺĵæīĢ	交易所
106637	è§£æŀĲ	解析
106638	åħļä¸Ńå¤®	党中央
106639	è¿Ľåĩºåı£	进出口
106640	åĴĮç¤¾ä¼ļ	和社会
106641	æ¬¡æķ°	次数
106642	ä¹ĭå®¶	之家
106643	ç»´åº¦	维度
106644	æ´¾åĩºæīĢ	派出所
106645	äº§çĶŁäºĨ	产生了
106646	å¸¦æľī	带有
106647	å¾Īå¼º	很强
106648	æľīäºĽäºº	有些人
106649	å¹´åĲİ	年后
106650	äºĨè®¸å¤ļ	了许多
106651	å¯Ĩåº¦	密度
106652	åŃ¦æľŁ	学期
106653	çıłæµ·	珠海
106654	æľĢå¤ļçļĦ	最多的
106655	è¾¹ç¼ĺ	边缘
106656	å®¹éĩı	容量
106657	ç¬¬äºĮä¸ª	第二个
106658	ä¸ĢçĽ´æĺ¯	一直是
106659	ä¸įç¦ģ	不禁
106660	æŃ²	歲
106661	ä»ĭç»įäºĨ	介绍了
106662	ä¼ĺéĽħ	优雅
106663	æ¯Ķè¼ĥ	比較
106664	èģĮä½į	职位
106665	æ¸©æŁĶ	温柔
106666	æľīéĴ±	有钱
106667	æľĢé«ĺçļĦ	最高的
106668	åįļè§Īä¼ļ	博览会
106669	ä¸įæĪĲ	不成
106670	éĶĻäºĨ	错了
106671	è¯ģçĽĳ	证监
106672	è¯ģçĽĳä¼ļ	证监会
106673	æĪĲäºº	成人
106674	åĿĩåĮĢ	均匀
106675	æľīåĪ©	有利
106676	è¶ĬåįĹ	越南
106677	æīĵäºĨ	打了
106678	å¥½åĲĥ	好吃
106679	ç³»çµ±	系統
106680	è·Łéļı	跟随
106681	çļĦåľ°ä½į	的地位
106682	æŃ£å¦Ĥ	正如
106683	ç¨įå¾®	稍微
106684	åį°åıĳ	印发
106685	åĪĽç«ĭ	创立
106686	é£İåħī	风光
106687	å°ĨæĪĲä¸º	将成为
106688	ä¸įé«ĺ	不高
106689	é¢ĳç¹ģ	频繁
106690	è®¾æľī	设有
106691	ä¼ŀ	伞
106692	æĭĨéĻ¤	拆除
106693	å½±åĥı	影像
106694	æ¸ĹéĢı	渗透
106695	å¹´å¼Ģå§ĭ	年开始
106696	ç½ĳæĺĵ	网易
106697	è¦ģåģļ	要做
106698	çĶµåĬ¨è½¦	电动车
106699	çľŁå¿ĥ	真心
106700	æµ·åĨĽ	海军
106701	ä¼łæĿ¥	传来
106702	å·®åĪ«	差别
106703	è°¨æħİ	谨慎
106704	çĥŁåı°	烟台
106705	åįĥå¹´	千年
106706	è¯ģå®ŀ	证实
106707	çĲª	琪
106708	çļĦåħ·ä½ĵ	的具体
106709	åĪ°å¤Ħ	到处
106710	ä¸įå®ľ	不宜
106711	èľĢ	蜀
106712	èĥ½åĬĽåĴĮ	能力和
106713	çīºçī²	牺牲
106714	çļĦéĴ±	的钱
106715	å¤§éĺŁ	大队
106716	é¦ĸè¦ģ	首要
106717	ä¸įæĦ¿	不愿
106718	çİ«çĳ°	玫瑰
106719	äººæ°ĳç½ĳ	人民网
106720	è¿ĺæĺ¯è¦ģ	还是要
106721	åĽĽå¹´	四年
106722	æįŁä¼¤	损伤
106723	çļĦåģļæ³ķ	的做法
106724	éĿĪ	靈
106725	è¡Ķæİ¥	衔接
106726	åĲĪæĪĲ	合成
106727	æ²¡äºº	没人
106728	éĹ¨æ§Ľ	门槛
106729	ä¿¡è´·	信贷
106730	çļĦçĽ¸åħ³	的相关
106731	ä¸ľé£İ	东风
106732	ç¤¾ä¿Ŀ	社保
106733	ä¸ĭæ¸¸	下游
106734	åĿĹéĴ±	块钱
106735	è¿ĩåĲİ	过后
106736	çļĦåºĶçĶ¨	的应用
106737	é¥¶	饶
106738	é¢ģåıĳ	颁发
106739	ä¸Ģå¤Ħ	一处
106740	åįİå¤ı	华夏
106741	ä¸ºä¼ģä¸ļ	为企业
106742	åıªä¼ļ	只会
106743	ä¾µå®³	侵害
106744	çļĦåĬŁèĥ½	的功能
106745	åŃ¸ç¿Ĵ	學習
106746	ä¸Ńåįİæ°ĳæĹı	中华民族
106747	åıĳå¸ĥäºĨ	发布了
106748	è¿İæİ¥	迎接
106749	æĪĳèĩªå·±	我自己
106750	è¿ĺéľĢè¦ģ	还需要
106751	å¤ªéĺ³èĥ½	太阳能
106752	åİ»ä¸ĸ	去世
106753	æĺ¯ä½ł	是你
106754	åĲĪåĬĽ	合力
106755	ç»ĺçĶ»	绘画
106756	åı°åĮĹ	台北
106757	çĿ£ä¿ĥ	督促
106758	åĮĹéĥ¨	北部
106759	æľīå¤ļå°ĳ	有多少
106760	å¾Īéĩįè¦ģ	很重要
106761	åĪĴåĪĨ	划分
106762	åı·çº¿	号线
106763	æĶ¾å¤§	放大
106764	ä¼ļè¢«	会被
106765	èİ·å¥ĸ	获奖
106766	ä¹ĭåĨħ	之内
106767	å¤±åİ»äºĨ	失去了
106768	çİ©å®¶ä»¬	玩家们
106769	éĩĩéĽĨ	采集
106770	å£¹	壹
106771	å®¶ä¼Ļ	家伙
106772	çĻ½å¤©	白天
106773	åĽłä¸ºä»ĸ	因为他
106774	ç¤¾ä¼ļæ²»çĲĨ	社会治理
106775	å¼ĢåĪĽ	开创
106776	çĶµç¼Ĩ	电缆
106777	æĸ°ä¸Ģä»£	新一代
106778	å¹¶è´Ń	并购
106779	å°±å·²ç»ı	就已经
106780	çļĦç¤¾ä¼ļ	的社会
106781	éĻ¤éĿŀ	除非
106782	åı¯ä»¥çĶ¨	可以用
106783	å©ī	婉
106784	æ¯Ķè¾ĥå¥½	比较好
106785	å®ŀä¸ļ	实业
106786	åĪĽåĬŀ	创办
106787	æıĲèµ·	提起
106788	é»ĥ	黃
106789	ä½ıåľ¨	住在
106790	å¸ĤæĶ¿	市政
106791	éĿ¢ä¸´çļĦ	面临的
106792	èĥ½åľ¨	能在
106793	çŁŃçŁŃ	短短
106794	çľŁäºº	真人
106795	æĺİæĺİ	明明
106796	èµĦåĬ©	资助
106797	çļĦä¸įåĲĮ	的不同
106798	å°ıæľĭåıĭ	小朋友
106799	é¢ĺæĿĲ	题材
106800	ç¾İåĳ³	美味
106801	æĺŁåº§	星座
106802	ä¸įä¸Ģæł·çļĦ	不一样的
106803	çľĭä¸Ĭåİ»	看上去
106804	ä¸Ģæł¹	一根
106805	å¹¿å·ŀå¸Ĥ	广州市
106806	åıĳçĶŁçļĦ	发生的
106807	é«ĺç§ĳæĬĢ	高科技
106808	ä¸Ģè¾ĪåŃĲ	一辈子
106809	äº¤åıī	交叉
106810	ä½ĵç³»å»ºè®¾	体系建设
106811	åĽłä¸ºæĪĳ	因为我
106812	çıįæĥľ	珍惜
106813	ä¸ĬåŃ¦	上学
106814	æĪĺæľ¯	战术
106815	æŃ¤ç±»	此类
106816	äº¤å¾Ģ	交往
106817	æĮīæĳ©	按摩
106818	äººä»¬çļĦ	人们的
106819	åħ¶å¯¦	其實
106820	åİŁæĿĲæĸĻ	原材料
106821	æ¸´æľĽ	渴望
106822	çĽ¸å¤Ħ	相处
106823	å¾®å¾®	微微
106824	æ®·	殷
106825	ä¹ĺåĿĲ	乘坐
106826	å¼Ģå±ķäºĨ	开展了
106827	é«ĺåĵģè´¨	高品质
106828	æĹłäººæľº	无人机
106829	ä¸įæĺ¯å¾Ī	不是很
106830	çļĦæĬķèµĦ	的投资
106831	èĬĤçľģ	节省
106832	èĩī	臉
106833	ç²¾éĢī	精选
106834	çļĦæłĩåĩĨ	的标准
106835	åįĹéĥ¨	南部
106836	è®¤è¯ĨåĪ°	认识到
106837	å¹³éĿĻ	平静
106838	èĹ¥	藥
106839	æī«é»ĳ	扫黑
106840	æī«é»ĳéĻ¤	扫黑除
106841	æī«é»ĳéĻ¤æģ¶	扫黑除恶
106842	éĢĻç¨®	這種
106843	å»ºçŃĳéĿ¢ç§¯	建筑面积
106844	ç¡®ç«ĭ	确立
106845	ç®¡çĲĨåĬŀæ³ķ	管理办法
106846	æĦıå¿Ĺ	意志
106847	ä¸¨	丨
106848	è®©åŃ©åŃĲ	让孩子
106849	æķĳçģ¾	救灾
106850	å½ĵä»Ĭ	当今
106851	çģ«çģ¾	火灾
106852	åĲĦéĥ¨éĹ¨	各部门
106853	ä¾µçĬ¯	侵犯
106854	æ¯ıåĳ¨	每周
106855	æı½	揽
106856	ä¸Ģæ¬¡æĢ§	一次性
106857	åħ¶ä»ĸäºº	其他人
106858	éĶĻè¿ĩ	错过
106859	ä¸İåħ¶	与其
106860	åĭĩæ°Ķ	勇气
106861	çĩĥæ°Ķ	燃气
106862	é¦ĸå±Ĭ	首届
106863	æľįé¥°	服饰
106864	ç²¥	粥
106865	å®Įæ¯ķ	完毕
106866	å°±æĬĬ	就把
106867	åĬŀäºĭå¤Ħ	办事处
106868	ä¸Ģä¼ļåĦ¿	一会儿
106869	ç¦»ä¸įå¼Ģ	离不开
106870	å¦ĤæŀľæĤ¨	如果您
106871	ä»ĵåºĵ	仓库
106872	å¯¼å¸Ī	导师
106873	åĲĪéĢĤçļĦ	合适的
106874	æ¯«ç±³	毫米
106875	å®īåħ¨æĢ§	安全性
106876	ä¾Ŀçħ§	依照
106877	äº§ä¸ļåĮĸ	产业化
106878	ä½łçľĭ	你看
106879	çľŁçļĦå¾Ī	真的很
106880	åŃ¤çĭ¬	孤独
106881	éĺ²å¾¡	防御
106882	å¾Īç®Ģåįķ	很简单
106883	é£İæ°´	风水
106884	ä½Ĩä¹Ł	但也
106885	æİ¨åĩºäºĨ	推出了
106886	æ°ĳèĲ¥ä¼ģä¸ļ	民营企业
106887	çłģå¤´	码头
106888	å¤įæĿĤçļĦ	复杂的
106889	ç»ĦæĪĲéĥ¨åĪĨ	组成部分
106890	åħħæ»¡äºĨ	充满了
106891	è¿ĳåĩłå¹´	近几年
106892	çľģæĶ¿åºľ	省政府
106893	æľīå¿ħè¦ģ	有必要
106894	éĻ³	陳
106895	ä¹ĭç±»	之类
106896	ä¹ĭç±»çļĦ	之类的
106897	æĢ§ä»·	性价
106898	æĢ§ä»·æ¯Ķ	性价比
106899	åķĨåºĹ	商店
106900	å¸ĤåĢ¼	市值
106901	äººæīįåŁ¹åħ»	人才培养
106902	æ·±åıĹ	深受
106903	ç®¡çĲĨå±Ģ	管理局
106904	æģĲæĥ§	恐惧
106905	ä»ħæľī	仅有
106906	æĬµè¾¾	抵达
106907	æµ·åħ³	海关
106908	èµĭäºĪ	赋予
106909	äºĭåĦ¿	事儿
106910	ä»·éĴ±	价钱
106911	æīĭä¸Ĭ	手上
106912	èĩªå¾ĭ	自律
106913	åħ³çĪ±	关爱
106914	äº«æľī	享有
106915	éģĹæĨ¾	遗憾
106916	å¾Īå¿«å°±	很快就
106917	æĽ´å¿«	更快
106918	æłĩè¯Ĩ	标识
106919	åºĨç¥Ŀ	庆祝
106920	ä¹Łå¥½	也好
106921	ä¸įæĺĵ	不易
106922	æĪĳå¾Ī	我很
106923	æĶ¹éĿ©åıĳå±ķ	改革发展
106924	å¤ĸåľ°	外地
106925	æĬµæĬ¼	抵押
106926	è¯Ĺäºº	诗人
106927	åİķæīĢ	厕所
106928	æĸ°åªĴä½ĵ	新媒体
106929	èĸĽ	薛
106930	è°Īè¯Ŀ	谈话
106931	ä¸Ģå®ļç¨ĭåº¦	一定程度
106932	èµ°åľ¨	走在
106933	æľĢå¼º	最强
106934	åĬŁçİĩ	功率
106935	åħ±è¯Ĩ	共识
106936	å¤§æ¡¥	大桥
106937	ä¸ĭæĸ¹	下方
106938	å¤ĸèµĦ	外资
106939	ç¢±	碱
106940	å·¡è§Ĩ	巡视
106941	æ¹ĸåĮĹçľģ	湖北省
106942	ä¸ªçĻ¾åĪĨ	个百分
106943	ä¸ªçĻ¾åĪĨçĤ¹	个百分点
106944	çļĦè´£ä»»	的责任
106945	çļĦåĵģçīĮ	的品牌
106946	åĬ©æİ¨	助推
106947	åĪĽéĢłäºĨ	创造了
106948	ä»»èģĮ	任职
106949	å¿«æį·	快捷
106950	æĿĳåºĦ	村庄
106951	åİ»çľĭ	去看
106952	æīįèĥ½å¤Ł	才能够
106953	å±¤	層
106954	æĪĳå®¶	我家
106955	æĺ¯ä¸Ģæ¬¾	是一款
106956	ç¾ħ	羅
106957	åĨ°éĽª	冰雪
106958	æŀģå¤§	极大
106959	çģ¯åħī	灯光
106960	éĨĭ	醋
106961	ä¸İåħ¶ä»ĸ	与其他
106962	æıĲåĩºçļĦ	提出的
106963	éĿłè¿ĳ	靠近
106964	è°ĥåĬ¨	调动
106965	å°½åı¯èĥ½	尽可能
106966	åıĳåĬĽ	发力
106967	ç»Ļå¥¹	给她
106968	éĢĤéĩı	适量
106969	è·¨åĽ½	跨国
106970	åħĪè¡Į	先行
106971	æĸ°æĿĲæĸĻ	新材料
106972	ä½ľäºĨ	作了
106973	æ»¡äºĨ	满了
106974	ä¸įæ»¡	不满
106975	çļĦçľ¼çĿĽ	的眼睛
106976	çľĭå¾Ĺ	看得
106977	è¿Ļä¸Ģæ¬¡	这一次
106978	é½Ĳåħ¨	齐全
106979	çļĦä¸Ģéĥ¨åĪĨ	的一部分
106980	ä¸Ļ	丙
106981	æ¸ħæĸ°	清新
106982	èªªæĺİ	說明
106983	èº«è¾¹çļĦ	身边的
106984	æīĢæľīäºº	所有人
106985	å½°æĺ¾	彰显
106986	è±¹	豹
106987	åį¿	卿
106988	è¿Ĳè½¬	运转
106989	æĮĩå¼ķ	指引
106990	å¸Ĥåħ¬å®īå±Ģ	市公安局
106991	åıĤå±ķ	参展
106992	ä¹ĭæĹ¶	之时
106993	éĩĳèŀįæľįåĬ¡	金融服务
106994	èµĦæľ¬å¸Ĥåľº	资本市场
106995	èĥ½è®©	能让
106996	å¿ĺäºĨ	忘了
106997	å¤©åłĤ	天堂
106998	æ¯Ķå¦Ĥè¯´	比如说
106999	éĬĢè¡Į	銀行
107000	èĽĭç³ķ	蛋糕
107001	çĶ©	甩
107002	æł¸å®ŀ	核实
107003	æĻ®äº¬	普京
107004	ä¼ĺç¾İ	优美
107005	åı£èħĶ	口腔
107006	æ¼«çĶ»	漫画
107007	çľ¼éĩĮ	眼里
107008	äºĨä¸ĭæĿ¥	了下来
107009	æĪĳä»¬ä¹Ł	我们也
107010	ä¾į	侍
107011	ä¸ºä¸Ńå¿ĥ	为中心
107012	å¥ĩè¿¹	奇迹
107013	éĿĴçĿĲ	青睐
107014	æĪªèĩ³çĽ®åīį	截至目前
107015	åĩºä¾Ĩ	出來
107016	æĢ»åħ¬åı¸	总公司
107017	å¼¥è¡¥	弥补
107018	ç®Ĺæ³ķ	算法
107019	å·¥ä½ľå®¤	工作室
107020	æīĢä»¥æĪĳ	所以我
107021	æ°´åĪĨ	水分
107022	æīĢå±ŀ	所属
107023	ä¸įè¯´	不说
107024	ä½Ĩæĺ¯åľ¨	但是在
107025	è¦ģåİ»	要去
107026	åĪĽä¸ļèĢħ	创业者
107027	ä¸įæ¸ħæ¥ļ	不清楚
107028	åĽĽåĳ¨	四周
107029	æĺ¯ä»İ	是从
107030	çļĦæł¹æľ¬	的根本
107031	çģ¶	灶
107032	æ¯Ľæ³½	毛泽
107033	æ¯Ľæ³½ä¸ľ	毛泽东
107034	æµ·åı£	海口
107035	åĽĽåįģ	四十
107036	ä¹Łè¢«	也被
107037	èģ·	職
107038	ä¸Ģæīĭ	一手
107039	ç»©æķĪ	绩效
107040	çļĦçĶ·äºº	的男人
107041	ä¹¦ç±į	书籍
107042	ä¸ĢèĦ¸	一脸
107043	å¤§äºİ	大于
107044	éĽ¶éĥ¨ä»¶	零部件
107045	åħ³æĢĢ	关怀
107046	å¹³ç±³	平米
107047	æļ´éľ²	暴露
107048	å¾Ĺå¤ļ	得多
107049	ä¸īçº§	三级
107050	æľ¬åĳ¨	本周
107051	ä¸¤èĢħ	两者
107052	å¯¹ä¸ŃåĽ½	对中国
107053	åıªè§ģ	只见
107054	æ¬§ç¾İ	欧美
107055	å¦Ĥæŀľæľī	如果有
107056	å·²ç»ıæĺ¯	已经是
107057	çľĭå®Į	看完
107058	çģ«éĶħ	火锅
107059	èµĲ	赐
107060	ä¸Ģéģį	一遍
107061	æĦŁåĨĴ	感冒
107062	ç»ĵå±Ģ	结局
107063	ä»ĵåĤ¨	仓储
107064	å®ŀåľ°	实地
107065	åī¯æĢ»ç»ıçĲĨ	副总经理
107066	ä¹Łä¸įçŁ¥éģĵ	也不知道
107067	ç¢°åĪ°	碰到
107068	åĲĪè®¡	合计
107069	å®¢æĪ·çļĦ	客户的
107070	ç½Ĺé©¬	罗马
107071	æĦīå¿«	愉快
107072	é£Ľ	飛
107073	çĥŃçĥĪ	热烈
107074	ä¼¦æķ¦	伦敦
107075	åĮ»ä¿Ŀ	医保
107076	éĺ¿éĩĮå·´å·´	阿里巴巴
107077	åĨįè¯´	再说
107078	ä¸ºåŁºç¡Ģ	为基础
107079	çĶŁäº§ç»ıèĲ¥	生产经营
107080	è¿ĻäºĽäºº	这些人
107081	åĪĹè½¦	列车
107082	æ²³åĮĹçľģ	河北省
107083	è¿Ļæ®µ	这段
107084	æ´»åĬ¨ä¸Ń	活动中
107085	å©·	婷
107086	çĶŁçĲĨ	生理
107087	ä¸ŃåĽ½äººæ°ĳ	中国人民
107088	éĦĤ	鄂
107089	åĲ¬åıĸ	听取
107090	å¤įä¹ł	复习
107091	æľīçĽĬ	有益
107092	æĶ¶æĭ¾	收拾
107093	å¾Īåı¯èĥ½	很可能
107094	ç½ĳç»ľæ¸¸æĪı	网络游戏
107095	ä»¬çļĦ	们的
107096	èµĭèĥ½	赋能
107097	éļ¾å¾Ĺ	难得
107098	åĪĨæīĭ	分手
107099	çľŁè¯ļ	真诚
107100	åħ¬åı¸åľ¨	公司在
107101	åĿĩè¡¡	均衡
107102	åı£åĳ³	口味
107103	çīµå¤´	牵头
107104	ä¸ĢèĪ¬çļĦ	一般的
107105	è½¿è½¦	轿车
107106	çŃīäºİ	等于
107107	æ²īé»ĺ	沉默
107108	æĪĳéĥ½	我都
107109	å°ıç¨ĭåºı	小程序
107110	ä¸Ģåī¯	一副
107111	æī¿è½½	承载
107112	åľ°è´¨	地质
107113	çķĮéĿ¢	界面
107114	çĶµæľº	电机
107115	çĦ¦èĻĳ	焦虑
107116	éĶĢåĶ®é¢Ŀ	销售额
107117	æĸ°è½¦	新车
107118	ä¸Ĭæ¸¸	上游
107119	ä¸»æ¼Ķ	主演
107120	éļĲç§ģ	隐私
107121	åıĳå±ķæĪĺçķ¥	发展战略
107122	çļĦåĬªåĬĽ	的努力
107123	å¼Ģåħ³	开关
107124	è§£åĨ³éĹ®é¢ĺ	解决问题
107125	çĿ£å¯¼	督导
107126	å¯¹æĬĹ	对抗
107127	å¾Īå¤ļäººéĥ½	很多人都
107128	æĹłæķĪ	无效
107129	äº§åĵģè´¨éĩı	产品质量
107130	å®īå¿ĥ	安心
107131	åįİäºº	华人
107132	ä¸įç¬¦åĲĪ	不符合
107133	èĩªå®¶	自家
107134	éĺµå®¹	阵容
107135	çļĦåĲĦç§į	的各种
107136	çļĦçĲĨå¿µ	的理念
107137	çļĦæĸĩåĮĸ	的文化
107138	ä¸ºèĩªå·±	为自己
107139	å±±æ°´	山水
107140	æ¸¸æ³³	游泳
107141	éľĩèį¡	震荡
107142	çĶŁæ´»æĸ¹å¼ı	生活方式
107143	è¿ľç¦»	远离
107144	çŁ³åĮĸ	石化
107145	æŃ¤äºĭ	此事
107146	æĺ¯çľŁçļĦ	是真的
107147	çļĦæ¯Ķä¾ĭ	的比例
107148	çĶ¨çĶµ	用电
107149	å¥¥è¿Ĳä¼ļ	奥运会
107150	ä¿Ŀå®ī	保安
107151	èĽĭçĻ½è´¨	蛋白质
107152	çļĦå¿ĥçĲĨ	的心理
107153	å·«	巫
107154	åı·çłģ	号码
107155	æ°Ķä½ĵ	气体
107156	åıĳæĶ¹	发改
107157	åıĳæĶ¹å§Ķ	发改委
107158	åĮ»å¸Ī	医师
107159	æ¶ĤæĸĻ	涂料
107160	æĺĬ	昊
107161	å¸Ĥçº§	市级
107162	ä¸ĸçķĮçļĦ	世界的
107163	åĪĨåĪ«æĺ¯	分别是
107164	çł´äº§	破产
107165	ä¸ĢæĿ¯	一杯
107166	æĭīå¼Ģ	拉开
107167	å¹³åĩ¡	平凡
107168	çļĦåıĳçĶŁ	的发生
107169	åĬ¨æīĭ	动手
107170	ä¸ĢçĽ´ä»¥æĿ¥	一直以来
107171	æīĭå·¥	手工
107172	éĩĮéĿ¢çļĦ	里面的
107173	æĹłåħ³	无关
107174	ä»ĭåħ¥	介入
107175	èµ°ä¸Ĭ	走上
107176	å°±æĺ¯è¦ģ	就是要
107177	å¹´éĹ´	年间
107178	åĩºçı¾	出現
107179	å½±éŁ¿	影響
107180	å¹ħåº¦	幅度
107181	éĽģ	雁
107182	éģĵåħ·	道具
107183	çĽ®çļĦåľ°	目的地
107184	åĲİèĢħ	后者
107185	ä¸Ĭæ¼Ķ	上演
107186	äºĨåĩł	了几
107187	æ®ĭçĸ¾äºº	残疾人
107188	å¿Ļç¢Į	忙碌
107189	æĺ¯åĲ¦æľī	是否有
107190	å¹¶å¯¹	并对
107191	ä¼ļå¯¼èĩ´	会导致
107192	æ°´åºĵ	水库
107193	ç»Ĩèĩ´	细致
107194	åĲİæĤĶ	后悔
107195	å¿ĥæĢĿ	心思
107196	åģļäºĭ	做事
107197	åİĤæĪ¿	厂房
107198	çĿ¿	睿
107199	è¿ĲèĲ¥åķĨ	运营商
107200	å¤´éĥ¨	头部
107201	çļĦè§Ĵèī²	的角色
107202	æĺ¯ä»ĸ	是他
107203	æĹ¢æľī	既有
107204	å°ıæĹ¶åĢĻ	小时候
107205	å¼ºåĬ²	强劲
107206	ä¸»æĴŃ	主播
107207	åħ¨åĽ½åĲĦåľ°	全国各地
107208	æįı	捏
107209	æįŁåĿı	损坏
107210	åķĨä¼ļ	商会
107211	ä¿Ŀç½Ĺ	保罗
107212	çľģå¸Ĥ	省市
107213	éļ§éģĵ	隧道
107214	æľīä¸įå°ĳ	有不少
107215	è¦ģåľ¨	要在
107216	å»ºè®¾é¡¹çĽ®	建设项目
107217	ç³ĸå°¿	糖尿
107218	ç³ĸå°¿çĹħ	糖尿病
107219	æĿ¡ä»¶ä¸ĭ	条件下
107220	ä¼ĺè´¨çļĦ	优质的
107221	é¦ĸåıĳ	首发
107222	å½ĵæĹ¶çļĦ	当时的
107223	ä¸°çĶ°	丰田
107224	å¤§çĽĺ	大盘
107225	çĽ¸ç»§	相继
107226	å®ģå¤ı	宁夏
107227	åħ¥ä½ı	入住
107228	æĪĳè¿ĺ	我还
107229	åħĭæĸ¯	克斯
107230	å®ļä»·	定价
107231	å¹³æĸ¹åħ¬éĩĮ	平方公里
107232	çļĦçŁ¥è¯Ĩ	的知识
107233	æĪĳä»¬ä¼ļ	我们会
107234	åħĥå®Ŀ	元宝
107235	ä½ĵéĩį	体重
107236	è³£	賣
107237	å¯¹æĪĳä»¬	对我们
107238	çŁ³å®¶	石家
107239	çŁ³å®¶åºĦ	石家庄
107240	ç²¾åįİ	精华
107241	å½¢çĬ¶	形状
107242	åıĹåĪ°äºĨ	受到了
107243	ä¿®è®¢	修订
107244	ç¾İåľĭ	美國
107245	é«ĺæ¸ħ	高清
107246	çľ¼éķľ	眼镜
107247	è§īå¾Ĺèĩªå·±	觉得自己
107248	å¸¦ç»Ļ	带给
107249	åĶ®ä»·	售价
107250	éĹ¨ç¥¨	门票
107251	åŃķå¦ĩ	孕妇
107252	çĶµè§Ĩåı°	电视台
107253	åıĳä½ľ	发作
107254	çļĦåĳ³éģĵ	的味道
107255	éķ¿è¿ľ	长远
107256	åħ¬åħ±æľįåĬ¡	公共服务
107257	æŃ£å¸¸çļĦ	正常的
107258	æľīè¿ĩ	有过
107259	é£İæĥħ	风情
107260	æ¯Ķéĩį	比重
107261	åĲ»	吻
107262	ç®¡çĲĨå·¥ä½ľ	管理工作
107263	ç»¼åĲĪæĢ§	综合性
107264	å·²è¢«	已被
107265	è¯´èµ·	说起
107266	æİĴæ°´	排水
107267	ä¸įæĸŃåľ°	不断地
107268	æĥħæĢĢ	情怀
107269	è¾ĵéĢģ	输送
107270	è¿ĩæķı	过敏
107271	çļĦåı¯èĥ½æĢ§	的可能性
107272	æľįçĶ¨	服用
107273	æľīè®¸å¤ļ	有许多
107274	å§Ķåī¯ä¹¦è®°	委副书记
107275	åĮĸå¦Ĩåĵģ	化妆品
107276	æļĤåģľ	暂停
107277	æĬķèµĦäºº	投资人
107278	çıŃçº§	班级
107279	è¯´çĿĢ	说着
107280	åįĹåĮĹ	南北
107281	åĪĨè¡Į	分行
107282	çıłå®Ŀ	珠宝
107283	å¯¶	寶
107284	å¢ŀå¤ļ	增多
107285	è¢«åĬ¨	被动
107286	çī¹æ®ĬçļĦ	特殊的
107287	éĹľä¿Ĥ	關係
107288	çļĦèĦ¸	的脸
107289	æĥŁ	惟
107290	ä¸įä¸Ģå®ļ	不一定
107291	ç¶Ń	維
107292	çģ«çĪĨ	火爆
107293	ç§Łéĩĳ	租金
107294	çŀ§	瞧
107295	éĩįå»º	重建
107296	è·ª	跪
107297	ä¸Ģç¨®	一種
107298	çļĦåĲĪä½ľ	的合作
107299	å®īæħ°	安慰
107300	ä»įæĺ¯	仍是
107301	ä¸ĵä¸ļåĮĸ	专业化
107302	è°ĥè§£	调解
107303	ä¸įå¦¨	不妨
107304	éĢĻæĺ¯	這是
107305	å¿ħéłĪ	必須
107306	ä¼ĬæľĹ	伊朗
107307	å¾ĹäºĨ	得了
107308	æľįåĬ¡å¹³åı°	服务平台
107309	å§¬	姬
107310	åħĪéĶĭ	先锋
107311	çİĭåŃĲ	王子
107312	çļĦä¸ĢåĪĩ	的一切
107313	æĢ»çĲĨ	总理
107314	åĵ¼	哼
107315	çªĳ	窑
107316	çļĦå¿ĥæĥħ	的心情
107317	çļĦéĩįå¤§	的重大
107318	çĳŁ	瑟
107319	ä¸Ģç¬ĳ	一笑
107320	åıĳå±ķä¸Ń	发展中
107321	åģ¥åº·åıĳå±ķ	健康发展
107322	åĵģçīĮçļĦ	品牌的
107323	ç¦®	禮
107324	ä½Ļäºº	余人
107325	ä»Ĭå¹´ä»¥æĿ¥	今年以来
107326	æķ°çłģ	数码
107327	çŃ¾è¯ģ	签证
107328	åİ»æī¾	去找
107329	åŁºéĩĳä¼ļ	基金会
107330	æĬ±æĢ¨	抱怨
107331	æŃ£å½ĵ	正当
107332	çıŃåŃĲæĪĲåĳĺ	班子成员
107333	ä¸įåĲĪæł¼	不合格
107334	åĪ¶å®ļäºĨ	制定了
107335	ç¼ĵæħ¢	缓慢
107336	åĪ¶çº¦	制约
107337	æłıçĽ®	栏目
107338	å¸Ĥåľºç»ıæµİ	市场经济
107339	ç»ĦæĪĲçļĦ	组成的
107340	ä¸¥å³»	严峻
107341	æĹ¥è®¯	日讯
107342	ä¸ĢçĤ¹çĤ¹	一点点
107343	æĺ¯æĢİä¹Ī	是怎么
107344	çļĦçħ§çīĩ	的照片
107345	éĺ»æŃ¢	阻止
107346	æ¨¡ç³Ĭ	模糊
107347	ç¼¸	缸
107348	éģķåıį	違反
107349	æĲ¬è¿ģ	搬迁
107350	éĩĳéĴ±	金钱
107351	å½¬	彬
107352	ä¸įå®ī	不安
107353	æĪĺçķ¥åĲĪä½ľ	战略合作
107354	å¡«åĨĻ	填写
107355	è®²ç©¶	讲究
107356	åħħåĪĨåĪ©çĶ¨	充分利用
107357	èĥ½å¤ł	能夠
107358	èĳ¡èĲĦéħĴ	葡萄酒
107359	éĩĩçĶ¨äºĨ	采用了
107360	åľ¨ä»Ĭå¹´	在今年
107361	ä¸Ńå°ıåŃ¦	中小学
107362	åľ¨æĦı	在意
107363	çļĦåİĭåĬĽ	的压力
107364	ä¸įå¹¸	不幸
107365	åĪ¶èį¯	制药
107366	åı¯ä»¥è®©	可以让
107367	è¢«è¯Ħä¸º	被评为
107368	ç»ĨèıĮ	细菌
107369	æĪıåī§	戏剧
107370	åįĬå¯¼	半导
107371	åįĬå¯¼ä½ĵ	半导体
107372	è§Ĩè§Ĵ	视角
107373	åĸľæŃ¡	喜歡
107374	å¾ģæĶ¶	征收
107375	è°ĭåĪĴ	谋划
107376	æŀģå¤§çļĦ	极大的
107377	çĤ¹èµŀ	点赞
107378	è®°èĢħä»İ	记者从
107379	ä¸¤åĲį	两名
107380	èĩªåĬ©	自助
107381	èµ·æŃ¥	起步
107382	æĬ¤å£«	护士
107383	å®Ŀé©¬	宝马
107384	å¤ªåŃĲ	太子
107385	å°ıå°ıçļĦ	小小的
107386	æ¸©æ³ī	温泉
107387	åĩºç§Łè½¦	出租车
107388	ç§ŁæĪ¿	租房
107389	ä¸¤å®¶	两家
107390	éľĩæĴ¼	震撼
107391	ç§īæī¿	秉承
107392	ä¸Ģä»¶äºĭ	一件事
107393	çĥĪå£«	烈士
107394	å®ĺåħµ	官兵
107395	è½¬èº«	转身
107396	ä¹ĲåĽŃ	乐园
107397	çĻĮçĹĩ	癌症
107398	æ¨¡èĮĥ	模范
107399	æĦ£	愣
107400	è¿ĩåİ»çļĦ	过去的
107401	ä»£ä»·	代价
107402	çļĦæ¦Ĥå¿µ	的概念
107403	åĩłçĻ¾	几百
107404	è´µéĺ³	贵阳
107405	æĭħå¿§	担忧
107406	éĢĤå®ľ	适宜
107407	çİ¯å¢ĥä¿ĿæĬ¤	环境保护
107408	çĥ«	烫
107409	ä½łæĥ³	你想
107410	æŃ¤åĲİ	此后
107411	ä½łä¹Ł	你也
107412	çįİ	獎
107413	éĻ¤æŃ¤	除此
107414	éĻ¤æŃ¤ä¹ĭå¤ĸ	除此之外
107415	è°ĥåº¦	调度
107416	ç§ĳçĽ®	科目
107417	æīĢè¯´çļĦ	所说的
107418	åĬĩ	劇
107419	å¿½è§Ĩ	忽视
107420	ä¸īæ¬¡	三次
107421	ä¸ĢæĹ¥	一日
107422	åŀĤçĽ´	垂直
107423	ç«ŀæĬĢ	竞技
107424	éĿ¢åĮħ	面包
107425	å¤§æĪĺ	大战
107426	æĲºå¸¦	携带
107427	å¦Ĥæŀľæ²¡æľī	如果没有
107428	åħ»æĪĲ	养成
107429	åĩºè¡Ģ	出血
107430	çĪ±å¥½èĢħ	爱好者
107431	æīĵéĢļ	打通
107432	èµ·è¯ī	起诉
107433	åĳĪçİ°åĩº	呈现出
107434	æŃĮæīĭ	歌手
107435	åľ¨å¤ĸ	在外
107436	é¢Ĩå¯¼å¹²éĥ¨	领导干部
107437	åĨ¥	冥
107438	èĪĨè®º	舆论
107439	æıĲåıĸ	提取
107440	éĺ¿å°Ķ	阿尔
107441	æľĽçĿĢ	望着
107442	ä¸īäºļ	三亚
107443	è²¡	財
107444	åĪ·æĸ°	刷新
107445	æĻļæĬ¥	晚报
107446	è¿ĺæľīä¸Ģä¸ª	还有一个
107447	åĨ°ç®±	冰箱
107448	ç½ĳçĤ¹	网点
107449	åĩºåħ·	出具
107450	å¼ºçĥĪçļĦ	强烈的
107451	æĪĳçĽ¸ä¿¡	我相信
107452	å¸ĮæľĽèĥ½	希望能
107453	çīĻé½¿	牙齿
107454	äºĭå®ľ	事宜
107455	ä¸ļåĨħäººå£«	业内人士
107456	ä»£æĽ¿	代替
107457	åıĺå½¢	变形
107458	éĽ²	雲
107459	è°ĥæİ§	调控
107460	åĪĽæĸ°åĪĽä¸ļ	创新创业
107461	æĭĨè¿ģ	拆迁
107462	æł¸æŁ¥	核查
107463	éĢĹ	逗
107464	åħ¥åŃ¦	入学
107465	æĦıåĲĳ	意向
107466	æıĽ	換
107467	ä¸ĭæ¬¡	下次
107468	ä¼łè¾ĵ	传输
107469	ä»ĸä»¬åľ¨	他们在
107470	èĢĮä¸Ķè¿ĺ	而且还
107471	æĹ¥åľ¨	日在
107472	æķĻè®Ń	教训
107473	æ´»çĿĢ	活着
107474	çļĦæľīæķĪ	的有效
107475	å¤įå·¥å¤į	复工复
107476	å¤įå·¥å¤įäº§	复工复产
107477	æĺ¯ä¸Ģä»¶	是一件
107478	çŃīçĿĢ	等着
107479	å¾©	復
107480	åĭĩæķ¢	勇敢
107481	éģŃåıĹ	遭受
107482	å¥Ķé©°	奔驰
107483	è®²åº§	讲座
107484	è¯´å®Į	说完
107485	ç»Ļåĩº	给出
107486	è°¦	谦
107487	è¯ĬçĸĹ	诊疗
107488	çĽ²çĽ®	盲目
107489	å®¢è¿Ĳ	客运
107490	å°±è¿ŀ	就连
107491	å¼Ģåħĥ	开元
107492	å¼Ģåħĥæ£ĭçīĮ	开元棋牌
107493	ä¸įæĸŃæıĲåįĩ	不断提升
107494	çĶ¨æĪ·çļĦ	用户的
107495	æĴķ	撕
107496	ä¾Ľæ°´	供水
107497	ç¶ĵæ¿Ł	經濟
107498	ä¸ŃåĮ»èį¯	中医药
107499	èģĶæĥ³	联想
107500	åħ¬äº¤è½¦	公交车
107501	èĪªçıŃ	航班
107502	æĬĢè¡ĵ	技術
107503	å¼ķèµ·çļĦ	引起的
107504	å°¹	尹
107505	èµĦæ·±	资深
107506	åĽ½èµĦå§Ķ	国资委
107507	èĺŃ	蘭
107508	é¼»åŃĲ	鼻子
107509	éĹ½	闽
107510	æİĴéĺŁ	排队
107511	è§Ĥåħī	观光
107512	éģĹåĿĢ	遗址
107513	ä¸ľäº¬	东京
107514	é¥ŃåºĹ	饭店
107515	ä¸įæĸŃçļĦ	不断的
107516	å°±æĺ¯ä¸Ģä¸ª	就是一个
107517	éķ¿ä¹ħ	长久
107518	çļĦè§ĤçĤ¹	的观点
107519	å¨¶	娶
107520	æĪĳçİ°åľ¨	我现在
107521	çķ°	異
107522	å¾Ĺåĩº	得出
107523	å¿ħå®ļ	必定
107524	ä¸įåıĹ	不受
107525	åıªéľĢè¦ģ	只需要
107526	åĽ°æī°	困扰
107527	ç§ĳåŃ¦æĬĢæľ¯	科学技术
107528	çīĽèĤī	牛肉
107529	è¾ĥé«ĺçļĦ	较高的
107530	è·ĳæŃ¥	跑步
107531	æ²¾	沾
107532	èı©èĲ¨	菩萨
107533	æľĢå¾Į	最後
107534	ä¿Ŀå¯Ĩ	保密
107535	æ²»å®ī	治安
107536	éĤ±	邱
107537	å¸¸è¯Ĩ	常识
107538	èĦ¸èī²	脸色
107539	åĮĹå¤§	北大
107540	æ±ĩèģļ	汇聚
107541	æĳĨèĦ±	摆脱
107542	é¾Ļå¤´ä¼ģä¸ļ	龙头企业
107543	å¥³åıĭ	女友
107544	çŃīå·¥ä½ľ	等工作
107545	ä¸Ńç¾İ	中美
107546	èģĮåľº	职场
107547	èĦĳè¢ĭ	脑袋
107548	åĨĻçļĦ	写的
107549	é¥²æĸĻ	饲料
107550	åĬ³åĬ¨åĬĽ	劳动力
107551	å±¯	屯
107552	æĮģèĤ¡	持股
107553	åĽ¾åĥı	图像
107554	è¿ĩåİ»äºĨ	过去了
107555	è²¨	貨
107556	è¾²	農
107557	éĹ®æĪĳ	问我
107558	è·Łä½ł	跟你
107559	çĶŁæŃ»	生死
107560	å®¡ç¾İ	审美
107561	é¢Ĺç²Ĵ	颗粒
107562	ä¸Ńæĸ¹	中方
107563	åĬłçĥŃ	加热
107564	æĹħè¡Įç¤¾	旅行社
107565	çĻ¼çĶŁ	發生
107566	ä¸įåłª	不堪
107567	åĤ·	傷
107568	æ¥ł	楠
107569	åĬŀæ¡Ī	办案
107570	æŁĦ	柄
107571	æĹ¢æĺ¯	既是
107572	å¤ĦåĪĨ	处分
107573	çľŁå®ŀçļĦ	真实的
107574	æĬ¥çº¸	报纸
107575	å¸ĪçĪ¶	师父
107576	å®īå¾½çľģ	安徽省
107577	åī¯ä¸»å¸Ń	副主席
107578	ä¹ĭéģĵ	之道
107579	å¯¼å¼¹	导弹
107580	åŃ¦æł¡çļĦ	学校的
107581	åŁİå¸ĤçļĦ	城市的
107582	è°ĪåĪ°	谈到
107583	æ¢Ĺ	梗
107584	å¹³éĿ¢	平面
107585	è¯´ä»Ģä¹Ī	说什么
107586	é¢ĳçİĩ	频率
107587	éķ¿ä¸īè§Ĵ	长三角
107588	çļĦåĪ©çĽĬ	的利益
107589	é»¨	黨
107590	è±ĨèħĲ	豆腐
107591	å®ŀéĻħæĥħåĨµ	实际情况
107592	æŀĹä¸ļ	林业
107593	çºªæ£ĢçĽĳå¯Ł	纪检监察
107594	ä½ıéĻ¢	住院
107595	çļĦæķ´ä½ĵ	的整体
107596	åīįè¡Į	前行
107597	æĮ¨	挨
107598	çħ¤çŁ¿	煤矿
107599	åī¯æĢ»è£ģ	副总裁
107600	å°ıåĲĥ	小吃
107601	æŀģç«¯	极端
107602	å©Ĩå©Ĩ	婆婆
107603	çİ°è´§	现货
107604	è¯ĹæŃĮ	诗歌
107605	éĴ¥åĮĻ	钥匙
107606	ç¼©çŁŃ	缩短
107607	ä½Ĩè¿Ļ	但这
107608	æĸ°åĵģ	新品
107609	è¿Ļå¯¹	这对
107610	çŁ¥åĲįåº¦	知名度
107611	å¿ĹæĦ¿æľįåĬ¡	志愿服务
107612	å¤§å±Ģ	大局
107613	è¡¡éĩı	衡量
107614	ä½ĵçİ°äºĨ	体现了
107615	æ¡ĥèĬ±	桃花
107616	åĲ¸å¼ķåĬĽ	吸引力
107617	åł¤	堤
107618	æĵħéķ¿	擅长
107619	åĴĴ	咒
107620	çĽ¸æľº	相机
107621	ä¸Ģç«Ļ	一站
107622	ä¸Ģç«Ļå¼ı	一站式
107623	æľĢç¾İ	最美
107624	æ°¸ä¹ħ	永久
107625	çļĦéĥ¨åĪĨ	的部分
107626	åĪĨå·¥	分工
107627	å·¥ç¨ĭå»ºè®¾	工程建设
107628	æĲŃè½½	搭载
107629	æ°´ä¸Ń	水中
107630	èĮ¨	茨
107631	çļĦæĵįä½ľ	的操作
107632	ç»Łæ²»	统治
107633	çķħéĢļ	畅通
107634	åħļçļĦåįģ	党的十
107635	è¼¸	輸
107636	æ¸¬	測
107637	ç¾İè§Ĥ	美观
107638	ä¸įåĪ©	不利
107639	åıįæĢĿ	反思
107640	éªĦåĤ²	骄傲
107641	æłĩçļĦ	标的
107642	æĿĢäºº	杀人
107643	éĺ¿å§¨	阿姨
107644	é£ŁæĿĲ	食材
107645	åĲĥçļĦ	吃的
107646	åĲİåĨį	后再
107647	çŁ£	矣
107648	ä¸¤ä¾§	两侧
107649	æ¸ħæ°´	清水
107650	è¿ĽçĲĥ	进球
107651	å¼Ģå§ĭäºĨ	开始了
107652	åĲ¬äºĨ	听了
107653	çĦĬæİ¥	焊接
107654	çŁ®	矮
107655	å¨Ł	娟
107656	ä¸ºäºº	为人
107657	éĢģç»Ļ	送给
107658	åĨĴéĻ©	冒险
107659	æķ·	敷
107660	ç»ĪæŃ¢	终止
107661	æīįçŁ¥éģĵ	才知道
107662	è¿Ĳæ°Ķ	运气
107663	éĢļé£İ	通风
107664	æĥĬè®¶	惊讶
107665	ç§ĳåŃ¦éĻ¢	科学院
107666	æıĲéĹ®	提问
107667	å¤ªåİŁ	太原
107668	çĽ¸åĲĮçļĦ	相同的
107669	ä»ķ	仕
107670	èģĸ	聖
107671	æĥħæ³ģ	情況
107672	é¢Ĩå¯¼äºº	领导人
107673	åĩºæĿ¥äºĨ	出来了
107674	æ²¿çº¿	沿线
107675	éĻ½	陽
107676	æĦŁè¦º	感覺
107677	ä»įåľ¨	仍在
107678	æ©Ļ	橙
107679	çº¦ä¸º	约为
107680	åĸĿéħĴ	喝酒
107681	çĶ¨èį¯	用药
107682	ä¸ĭä¸Ģ	下一
107683	æ³ķå®ĺ	法官
107684	é¡ºåºı	顺序
107685	åģļä¸Ģä¸ª	做一个
107686	åĭ¢	勢
107687	æŃª	歪
107688	çĶµç«ŀ	电竞
107689	ä¼´éļıçĿĢ	伴随着
107690	ä¹ĭåĬĽ	之力
107691	ä¹ĭäºº	之人
107692	äºĳè®¡ç®Ĺ	云计算
107693	åĪ«äººçļĦ	别人的
107694	ç§ĳåŃ¦åıĳå±ķ	科学发展
107695	ç¬¬åħ«	第八
107696	å¹²æī°	干扰
107697	å¥³ç¥ŀ	女神
107698	è¿Ļæł·åģļ	这样做
107699	å¤Ħåľ¨	处在
107700	æ°´è´¨	水质
107701	éķ¿æĺ¥	长春
107702	å¸ĤåľºéľĢæ±Ĥ	市场需求
107703	ç»´æĿĥ	维权
107704	èĢ³æľµ	耳朵
107705	æĸĩåĮĸçļĦ	文化的
107706	å¥¶ç²ī	奶粉
107707	ä¼łè¾¾	传达
107708	æīĭæľºçīĪ	手机版
107709	æĽ¾åľ¨	曾在
107710	äºĮæľŁ	二期
107711	åİŁåĽłæĺ¯	原因是
107712	æºĲå¤´	源头
107713	åıĪèĥ½	又能
107714	è£¸	裸
107715	æĬĢæľ¯åĪĽæĸ°	技术创新
107716	æĸĩåĮĸæĹħæ¸¸	文化旅游
107717	åıĳç¥¨	发票
107718	å¹´çº§	年级
107719	ä½łä¸į	你不
107720	ä¹ĭå¿ĥ	之心
107721	æķ°çĻ¾	数百
107722	åĲĳå¾Ģ	向往
107723	èĢģå®¶	老家
107724	åľĭéļĽ	國際
107725	çļĦé«ĺåº¦	的高度
107726	æľĿéĺ³	朝阳
107727	æ¸ħéĻ¤	清除
107728	èĩªæľī	自有
107729	ä¹¦ä¸Ń	书中
107730	æ¸¸æĪıè£ħå¤ĩ	游戏装备
107731	ä¸ĩå¤ļ	万多
107732	é©¾é©¶åĳĺ	驾驶员
107733	ä½łçŁ¥éģĵ	你知道
107734	åĽ½åºĨ	国庆
107735	é£ŁåłĤ	食堂
107736	æİ¥åı£	接口
107737	æĢ»æķ°	总数
107738	åħ¶ä»ĸçļĦ	其他的
107739	çĶŁåĳ½çļĦ	生命的
107740	ä½łåľ¨	你在
107741	çļĦçĽ®åħī	的目光
107742	è¿Ļæĸ¹éĿ¢	这方面
107743	éĥ½è¯´	都说
107744	çĸĹæ³ķ	疗法
107745	åĭĩå£«	勇士
107746	åľ¨åħ¨çĲĥ	在全球
107747	ä¿ĿéĻ©åħ¬åı¸	保险公司
107748	çĿ£æŁ¥	督查
107749	åĸĦèī¯	善良
107750	è¡¨å½°	表彰
107751	è¹²	蹲
107752	è·¯æ®µ	路段
107753	æľĥåĵ¡è¦ı	會員規
107754	æľĥåĵ¡è¦ıç¯Ħ	會員規範
107755	æĪ·åŀĭ	户型
107756	ä¿ĥä½¿	促使
107757	ä¿®å»º	修建
107758	é«ĺæ°´å¹³	高水平
107759	åģļåĩºäºĨ	做出了
107760	ä¸»åľº	主场
107761	è¡Įèµ°	行走
107762	ç©ºçĻ½	空白
107763	æľīäººè¯´	有人说
107764	è¿Ļä¸ªä¸ĸçķĮ	这个世界
107765	åĲįä¹ī	名义
107766	å®Įç¾İçļĦ	完美的
107767	ç¾¡æħķ	羡慕
107768	åıĬåħ¶ä»ĸ	及其他
107769	åı¯çĶ¨	可用
107770	æĭĲ	拐
107771	è¾ĥå¤§çļĦ	较大的
107772	æĬĢæľ¯åĴĮ	技术和
107773	å°¼äºļ	尼亚
107774	çĻ¾è´§	百货
107775	æıī	揉
107776	éĢīè´Ń	选购
107777	éĺŁåıĭ	队友
107778	ä¼łæĦŁ	传感
107779	ä¼łæĦŁåĻ¨	传感器
107780	åıªè¦ģä½ł	只要你
107781	ä¸ºä»Ģä¹Īè¦ģ	为什么要
107782	ä¸ĵæ³¨äºİ	专注于
107783	ä½Ļé¢Ŀ	余额
107784	åħ¸åŀĭçļĦ	典型的
107785	çĽ®åīįå·²	目前已
107786	æ¬²æľĽ	欲望
107787	èģĶç»ľ	联络
107788	æµģä¼ł	流传
107789	çļĦå®¶åºŃ	的家庭
107790	åı·åı¬	号召
107791	çıįè´µ	珍贵
107792	ä¼Łå¤§çļĦ	伟大的
107793	éī´äºİ	鉴于
107794	è·Łä»ĸ	跟他
107795	äº§çī©	产物
107796	ä¸įå·²	不已
107797	è¿Ŀæ³ķè¡Įä¸º	违法行为
107798	å¤´ä¸Ĭ	头上
107799	åĪĨè§£	分解
107800	åı¯ä»¥çľĭåĩº	可以看出
107801	æł¡åĮº	校区
107802	åŃĹä½ĵ	字体
107803	ä¿®çĤ¼	修炼
107804	çĶļèĩ³æĺ¯	甚至是
107805	å¾®ä¿¡åħ¬ä¼Ĺ	微信公众
107806	åıĸä»£	取代
107807	èĲ¥ä¸ļæĶ¶åħ¥	营业收入
107808	æ½įåĿĬ	潍坊
107809	ä½łèĥ½	你能
107810	ç¤¾ä¼ļä¿Ŀéļľ	社会保障
107811	æ¯ĶèµĽä¸Ń	比赛中
107812	æ±¡æ°´å¤ĦçĲĨ	污水处理
107813	å¤«å¦ĩ	夫妇
107814	ä¸Ģå¹ħ	一幅
107815	æ²¿æµ·	沿海
107816	åı£æĦŁ	口感
107817	ä½Ĩåį´	但却
107818	å½ĵæĹ¥	当日
107819	çļĦæľĢå¤§	的最大
107820	æ¯ıä¸Ģä½į	每一位
107821	æ²¡äºĭ	没事
107822	çī¹åĪ¥	特別
107823	å¼ĢåŃ¦	开学
107824	è·¯éĿ¢	路面
107825	å¿ĥçĲĨåŃ¦	心理学
107826	æĶ¾ç½®	放置
107827	éĩįåºĨå¸Ĥ	重庆市
107828	ä½łèĩªå·±	你自己
107829	æ¶Īè´¹èĢħçļĦ	消费者的
107830	ä¸Ģæ³¢	一波
107831	èŃ¦æĥķ	警惕
107832	åį§å®¤	卧室
107833	æ³¨å°Ħ	注射
107834	é£İéĽ¨	风雨
107835	æ²¿çĿĢ	沿着
107836	åĳĬè¨´	告訴
107837	è¡¨çİ°åĩº	表现出
107838	åĽĽæĺ¯	四是
107839	åı¤åħ¸	古典
107840	æĽ´éĩįè¦ģçļĦ	更重要的
107841	å¥½äºĭ	好事
107842	çľ¼æ³ª	眼泪
107843	æ¨ĵ	樓
107844	å®¡åĪ¤	审判
107845	ç¢°æĴŀ	碰撞
107846	è½¦ç«Ļ	车站
107847	è¿Ľåħ¥äºĨ	进入了
107848	éĽĨåĲĪ	集合
107849	æł¼å¤ĸ	格外
107850	å®¾é¦Ĩ	宾馆
107851	æĶ¯ä»ĺå®Ŀ	支付宝
107852	å¥¹æĺ¯	她是
107853	æĺ¯å¦Ĥä½ķ	是如何
107854	äººæ¬¡	人次
107855	çļĦæĪĲåĬŁ	的成功
107856	æĹłåĬĽ	无力
107857	æµ·æĭĶ	海拔
107858	æĺ¥åŃ£	春季
107859	éĥ½ä¸įä¼ļ	都不会
107860	çŃīå¤ļç§į	等多种
107861	ä¸Ģä¸ªå°ı	一个小
107862	åģľè½¦åľº	停车场
107863	è®©æĽ´å¤ļ	让更多
107864	è¿ĻçĤ¹	这点
107865	æĪĲåĵģ	成品
107866	éĴī	钉
107867	éģĩè§ģ	遇见
107868	çıŃä¸»ä»»	班主任
107869	æĦıæĦ¿	意愿
107870	çļĦåĲĮåŃ¦	的同学
107871	æ¸¸è§Ī	游览
107872	åİĭç¼©	压缩
107873	åľ¨ä¼łå¥ĩ	在传奇
107874	å¼¹æĢ§	弹性
107875	æĹ¥åĨħ	日内
107876	ç¦ıå»ºçľģ	福建省
107877	è§ĴèĲ½	角落
107878	åĪĨå¼Ģ	分开
107879	ä¼ļè®©	会让
107880	å¤ĸåĽ´	外围
107881	çĨŁæĤīçļĦ	熟悉的
107882	çĨĶ	熔
107883	ä¸ĩè¾Ĩ	万辆
107884	å¤ľéĹ´	夜间
107885	è½¦èº«	车身
107886	ä¸ŃæľŁ	中期
107887	å®ĮåĸĦçļĦ	完善的
107888	åĵģç±»	品类
107889	åıĭè°Ĭ	友谊
107890	éĢīæĭĶ	选拔
107891	éªĳå£«	骑士
107892	å½¦	彦
107893	çļĦçľĭæ³ķ	的看法
107894	åĽ½çİĭ	国王
107895	è¾£æ¤Ĵ	辣椒
107896	åıĳå¸ĥæĹ¶éĹ´	发布时间
107897	åı¤åŁİ	古城
107898	éļıæľº	随机
107899	ç«ĸ	竖
107900	å¼Ģè¾Ł	开辟
107901	ä¼ĹçĶŁ	众生
107902	æ²¡åĬŀæ³ķ	没办法
107903	åįĥéĩĮ	千里
107904	æĿ¥æºĲäºİ	来源于
107905	çļĦæĿĥåĪ©	的权利
107906	æ¯ĶåĪĨ	比分
107907	æ»¡æĦıçļĦ	满意的
107908	ä¿®è¡Į	修行
107909	åĿł	坠
107910	å¤§æµ·	大海
107911	èİ¹	莹
107912	åĩºèº«	出身
107913	è«ĩ	談
107914	åħ³èĬĤ	关节
107915	åĲįäºº	名人
107916	éľĢè¦ģæ³¨æĦı	需要注意
107917	æĹ©æĻ¨	早晨
107918	å¤ĸåįĸ	外卖
107919	åıĪè¦ģ	又要
107920	æ¶īæ¡Ī	涉案
107921	çĶ³è¯·äºº	申请人
107922	éĻĦè¿ĳçļĦ	附近的
107923	åĬłå¿«æİ¨è¿Ľ	加快推进
107924	æĸ°å¹´	新年
107925	å¤§è¡Ĺ	大街
107926	ä¸Ģé»ŀ	一點
107927	èĭıå®ģ	苏宁
107928	æĤĦæĤĦ	悄悄
107929	èĦ¾æ°Ķ	脾气
107930	å¸ĮèħĬ	希腊
107931	éļıåį³	随即
107932	æķ¢äºİ	敢于
107933	å®ŀè·µä¸Ń	实践中
107934	æĺ¯æ²¡æľī	是没有
107935	æľīè¶£çļĦ	有趣的
107936	æĿ¥èĩªäºİ	来自于
107937	è£ģåĪ¤	裁判
107938	å¥³åŃ©åŃĲ	女孩子
107939	èĩ³åħ³	至关
107940	èĩ³åħ³éĩįè¦ģ	至关重要
107941	æĻºåĬĽ	智力
107942	èµ°åĩºåİ»	走出去
107943	çŁŃæĿ¿	短板
107944	å¤§åĽ½	大国
107945	çļĦè®¤è¯Ĩ	的认识
107946	å¹´å¤ľ	年夜
107947	åĨįåĪ°	再到
107948	åĲĮæł·çļĦ	同样的
107949	å¯Ĩå°ģ	密封
107950	å¤ĸäº¤éĥ¨	外交部
107951	çĶŁæķĪ	生效
107952	æĤ¨åı¯ä»¥	您可以
107953	ä½łåĢĳ	你們
107954	è¿ĩå¹´	过年
107955	å¼ĵ	弓
107956	è¡ĮæĿİ	行李
107957	æ¯Ķèµ·	比起
107958	èº«é«ĺ	身高
107959	è¿Ļä¸ªäºº	这个人
107960	ä¸Ńå¤ĸ	中外
107961	éģĵæŃī	道歉
107962	çĽ¯çĿĢ	盯着
107963	äº²åŃĲ	亲子
107964	éĹ¸	闸
107965	çĻ½äºĳ	白云
107966	èĦĸåŃĲ	脖子
107967	ä¸ĢåĪĩéĥ½	一切都
107968	æ·ĳ	淑
107969	è°ľ	谜
107970	åģ¶çĦ¶	偶然
107971	éĿłè°±	靠谱
107972	é«ĺç®¡	高管
107973	ä¸ĭåıĳ	下发
107974	æĶ¾åĪ°	放到
107975	ç±»åĪ«	类别
107976	ä¸ĭåĪĹ	下列
107977	æ··ä¹±	混乱
107978	åĲĪæ³ķæĿĥçĽĬ	合法权益
107979	çİ¯çĲĥ	环球
107980	æľīæķĪåľ°	有效地
107981	åķĨæĪ·	商户
107982	æ¹ĸäºº	湖人
107983	æµ·å²¸	海岸
107984	æĬķäº§	投产
107985	ä¸¤ä¸ªæľĪ	两个月
107986	éĥ½éĿŀå¸¸	都非常
107987	å¢ŀå¼ºäºĨ	增强了
107988	æĿ¥åĪ°äºĨ	来到了
107989	åī©ä½Ļ	剩余
107990	æĤ¨çļĦåŃ©åŃĲ	您的孩子
107991	æµģæ°´	流水
107992	æŃ£ä¹ī	正义
107993	å¤©çĮ«	天猫
107994	åģļè¿ĩ	做过
107995	ä½ķæĹ¶	何时
107996	æĪĳåİ»	我去
107997	çľģä»½	省份
107998	å¥ĸéĩĳ	奖金
107999	è¯¥å¦Ĥä½ķ	该如何
108000	ä¸ĭçıŃ	下班
108001	åģ¶åĥı	偶像
108002	æĳĨæĶ¾	摆放
108003	æĸ°æ¨¡å¼ı	新模式
108004	æĬķè³ĩ	投資
108005	è·¯åı£	路口
108006	åĨľæ°ĳå·¥	农民工
108007	å¤§åŃ¸	大學
108008	ä»¶äºĭ	件事
108009	æł¹æľ¬ä¸į	根本不
108010	æµĵåº¦	浓度
108011	æµĵåİļ	浓厚
108012	è½®èĥİ	轮胎
108013	æĪ¿ä¼ģ	房企
108014	éĿŀå¸¸å¥½	非常好
108015	ä»İä¸Ń	从中
108016	äººæł¼	人格
108017	ç¿ģ	翁
108018	æĹ¶éĹ´åĴĮ	时间和
108019	è¿Ļä¸įæĺ¯	这不是
108020	åĪ¸åķĨ	券商
108021	æĥĬäºº	惊人
108022	åĻ¨å®ĺ	器官
108023	åĩĨåĪĻ	准则
108024	æĥħæĻ¯	情景
108025	æĽ´é«ĺçļĦ	更高的
108026	åŃ¦å®¶	学家
108027	æ³¡æ²«	泡沫
108028	åľ°æĸ¹æĶ¿åºľ	地方政府
108029	å°±çŁ¥éģĵ	就知道
108030	åĳ¼åĲģ	呼吁
108031	ç»ıè´¸	经贸
108032	èĬ±éĴ±	花钱
108033	æľīä¸Ģæ¬¡	有一次
108034	æĦŁæħ¨	感慨
108035	ä¸Ģåįĥ	一千
108036	å¤ľæĻļ	夜晚
108037	è©¹å§Ĩ	詹姆
108038	è©¹å§Ĩæĸ¯	詹姆斯
108039	è¦ģéĹ»	要闻
108040	ç»Ĵ	绒
108041	æºĲäºİ	源于
108042	çļĦè´¨éĩı	的质量
108043	æ³¨æĦıäºĭé¡¹	注意事项
108044	æħ¢æĢ§	慢性
108045	ç¨³å®ļçļĦ	稳定的
108046	å»ºè®¾åĴĮ	建设和
108047	æĻ¯è±¡	景象
108048	éĩıåĮĸ	量化
108049	çļĦè©±	的話
108050	è¯Ħçº§	评级
108051	æºľ	溜
108052	çº¢åĮħ	红包
108053	éĢļéģİ	通過
108054	ç¤¾ä¼ļè´£ä»»	社会责任
108055	æĸ°äº§åĵģ	新产品
108056	åĨ·éĿĻ	冷静
108057	çľĭä¸įåĪ°	看不到
108058	èģĶéĤ¦	联邦
108059	éŃĦ	魄
108060	çļĦåīįæıĲ	的前提
108061	çļĦåīįæıĲä¸ĭ	的前提下
108062	è¾ĥå¥½	较好
108063	çļĦæĦŁæĥħ	的感情
108064	å®¢æĪ·æıĲä¾Ľ	客户提供
108065	çĭ¬èĩª	独自
108066	å¢ŀæĶ¶	增收
108067	æĸĩçĮ®	文献
108068	æĭ¼åĳ½	拼命
108069	ç®¡çĲĨåĴĮ	管理和
108070	æµģåĬ¨æĢ§	流动性
108071	åħ¨å®¶	全家
108072	ä¸Ĭæĸ¹	上方
108073	æİ¨åĩºçļĦ	推出的
108074	ä¸īåĽ½	三国
108075	ä¸Ģä¸ªæĺ¯	一个是
108076	æĸ°ä¸Ģè½®	新一轮
108077	æĸĩåĮĸéģĹäº§	文化遗产
108078	æ®º	殺
108079	å¤§æ¹¾åĮº	大湾区
108080	éĥ½éľĢè¦ģ	都需要
108081	çļĦå®ŀéĻħ	的实际
108082	ç·Ĭ	緊
108083	å¤§å¥ĸ	大奖
108084	åħīèĬĴ	光芒
108085	ä¾¿äºİ	便于
108086	çļĦè¡¨æĥħ	的表情
108087	æ¼Ķç»İ	演绎
108088	çº¢åĨĽ	红军
108089	å½ĵæĪĳ	当我
108090	æ²»æĦĪ	治愈
108091	é¢Ŀåº¦	额度
108092	éĿľ	靜
108093	ä»»ä½ķäºº	任何人
108094	è¡Ĺå¤´	街头
108095	çī¹æĸ¯	特斯
108096	çī¹æĸ¯æĭī	特斯拉
108097	åĮ»çĸĹæľºæŀĦ	医疗机构
108098	ç»ĻåŃ©åŃĲ	给孩子
108099	è§ĦçŁ©	规矩
108100	è£ľ	補
108101	çļĦèº«å½±	的身影
108102	ä¸ĵæłı	专栏
108103	æĿ¥ä¸´	来临
108104	ç«¥å¹´	童年
108105	å¤įèĭı	复苏
108106	è¨Ĥ	訂
108107	åŀĭåı·	型号
108108	åĽ¾æ¡Ī	图案
108109	ç®ĢåİĨ	简历
108110	æĭ±	拱
108111	èį·åħ°	荷兰
108112	ä»»æĦı	任意
108113	æī¿æİ¥	承接
108114	è¿Ļæīį	这才
108115	å®¢è½¦	客车
108116	æľĿçĿĢ	朝着
108117	éłħçĽ®	項目
108118	åı°é£İ	台风
108119	çļĦæĪ¿åŃĲ	的房子
108120	éªı	骏
108121	æĿ±è¥¿	東西
108122	éģĹä¼ł	遗传
108123	è¶Ĭå¤ļ	越多
108124	äºĨä»ĸçļĦ	了他的
108125	ä¸Ĭåĳ¨	上周
108126	ç®¡çĲĨåĪ¶åº¦	管理制度
108127	å¤±ä¸ļ	失业
108128	çĶ·åıĭ	男友
108129	æİ¥ç§į	接种
108130	å¨ģåĲį	威名
108131	çĴ°å¢ĥ	環境
108132	åıĳçĶŁåľ¨	发生在
108133	ä¸ªåĽ½å®¶	个国家
108134	åĪĽæĸ°åıĳå±ķ	创新发展
108135	æĶ¹åıĺäºĨ	改变了
108136	åģ¥åº·çļĦ	健康的
108137	åĢ¼å¾Ĺä¸Ģ	值得一
108138	åĢ¼å¾Ĺä¸ĢæıĲ	值得一提
108139	åĽ¢ä¼Ļ	团伙
108140	åģĩè®¾	假设
108141	åı°ä¸Ĭ	台上
108142	è§ĦèĮĥåĮĸ	规范化
108143	éĻªåĲĮ	陪同
108144	åº§æ¤ħ	座椅
108145	åı¯æĢľ	可怜
108146	åħĭæĢĿä¸»ä¹ī	克思主义
108147	æ³ķå¾ĭè´£ä»»	法律责任
108148	ä¸Ģé¡¿	一顿
108149	æĬ¬å¤´	抬头
108150	ä¸ºéĩįçĤ¹	为重点
108151	è¿ľæ´ĭ	远洋
108152	éĢıè¿ĩ	透过
108153	åħ¨çĲĥåĮĸ	全球化
108154	è¶£åĳ³	趣味
108155	ç¥¨æĪ¿	票房
108156	æ¯ıäºº	每人
108157	åĲĦç§įåĲĦæł·	各种各样
108158	äºĨåĩºæĿ¥	了出来
108159	ç»Ŀå¯¹æĺ¯	绝对是
108160	ä¸ĭå±ŀ	下属
108161	ä¸ĢåıĮ	一双
108162	è¿ĻåĿĹ	这块
108163	æĬĹçĸ«	抗疫
108164	è¦ģçĤ¹	要点
108165	å½¢æĪĲçļĦ	形成的
108166	æĪĳçľĭ	我看
108167	ä¸ĩéĩĮ	万里
108168	èĢĥçłĶ	考研
108169	ä¸ºåħ¶	为其
108170	æ°ĳå®¿	民宿
108171	å¤ļä½į	多位
108172	å¤§èĩ´	大致
108173	ä»ĺè´¹	付费
108174	åħ¥æīĭ	入手
108175	å±ħå®¶	居家
108176	æīĢåľ¨åľ°	所在地
108177	äººèº«	人身
108178	è¿ĩå¾Ĺ	过得
108179	è¯ķè¯ķ	试试
108180	è®¿è°Ī	访谈
108181	åĬłéĩį	加重
108182	å°±ä¸įä¼ļ	就不会
108183	çĶŁäº§ä¼ģä¸ļ	生产企业
108184	åĽŀåĽ½	回国
108185	åºķçº¿	底线
108186	èµ¶åĪ°	赶到
108187	æĶ¯éĺŁ	支队
108188	æĪĳä»¬éĥ½	我们都
108189	éĤ®æĶ¿	邮政
108190	çĽ´èĩ³	直至
108191	éĴ¢çĲ´	钢琴
108192	åħľ	兜
108193	çłĶè®¨ä¼ļ	研讨会
108194	æľĪäº®	月亮
108195	åĿļæĮģä»¥	坚持以
108196	åħ¬å®īéĥ¨	公安部
108197	éĴ¢ç®¡	钢管
108198	å°ıçĻ½	小白
108199	ç½®ä¸ļ	置业
108200	èģĭ	聋
108201	ä¹¦åĨĻ	书写
108202	æĿı	杏
108203	éħįæĸ¹	配方
108204	èĢĮåıĪ	而又
108205	çĳŀå£«	瑞士
108206	çķĮçļĦ	界的
108207	èĢģå¤§	老大
108208	æĪĲçĨŁçļĦ	成熟的
108209	å¹²ä»Ģä¹Ī	干什么
108210	ä¸ĵé¡¹æĸĹäºī	专项斗争
108211	çŃīå¤ļä¸ª	等多个
108212	èĦ±ç¦»	脱离
108213	ä¸īä¸ªæľĪ	三个月
108214	çłĶç©¶åĳĺ	研究员
108215	æĹĭè½¬	旋转
108216	æŀģèĩ´	极致
108217	åħįè´£	免责
108218	åħįè´£å£°æĺİ	免责声明
108219	å¾Īå¤ļçİ©å®¶	很多玩家
108220	è½¦ä¸Ĭ	车上
108221	äº¤äºĴ	交互
108222	å·²æĺ¯	已是
108223	ä¸Ģå°ı	一小
108224	çļĦéĩįçĤ¹	的重点
108225	èĬ±äºĨ	花了
108226	ä¸įæĺİ	不明
108227	æľīåħ³è§Ħå®ļ	有关规定
108228	çĬ¹å¦Ĥ	犹如
108229	çľ¸	眸
108230	å¯¡	寡
108231	çļĦè¡£æľį	的衣服
108232	åĮħè£¹	包裹
108233	èº«åŃĲ	身子
108234	å¸ĪèĮĥå¤§åŃ¦	师范大学
108235	äºĭåħĪ	事先
108236	çº¿æĿ¡	线条
108237	æ³ķåĪ¶	法制
108238	åħ»æĬ¤	养护
108239	ç¨³å®ļæĢ§	稳定性
108240	éĤµ	邵
108241	åŀĦæĸŃ	垄断
108242	é¡į	額
108243	èĢĥåı¤	考古
108244	æĿłæĿĨ	杠杆
108245	èĭıèģĶ	苏联
108246	æ°´çĶµ	水电
108247	åħ·ä½ĵçļĦ	具体的
108248	æ¿Ģæ´»	激活
108249	æĪĳæł¡	我校
108250	åĪļå¼Ģå§ĭ	刚开始
108251	åĩ¸æĺ¾	凸显
108252	ç¦¾	禾
108253	åħ¼èģĮ	兼职
108254	éĢıéģİ	透過
108255	åľ¨æ¸¸æĪıä¸Ń	在游戏中
108256	ç¤¾ä¼ļåıĳå±ķ	社会发展
108257	å¥½çİ©	好玩
108258	å¹»æĥ³	幻想
108259	ä¸įä»£è¡¨	不代表
108260	æ³¨æĦıåĬĽ	注意力
108261	æ£į	棍
108262	çĶ¨æīĭ	用手
108263	ç¾İäºº	美人
108264	è®¸å¤ļäºº	许多人
108265	å¾Īæĺ¯	很是
108266	çļĦçłĶåıĳ	的研发
108267	æīĵåĩº	打出
108268	åĲĪä¼Ļäºº	合伙人
108269	ä¸Ģå¤ľ	一夜
108270	ç¼ĵç¼ĵ	缓缓
108271	ä¿®æŃ£	修正
108272	æĦŁçŁ¥	感知
108273	ç»Īèº«	终身
108274	æ¿Ģç´ł	激素
108275	çİ¯å¢ĥä¸ĭ	环境下
108276	æ¬¡ä¼ļè®®	次会议
108277	ç»ıæµİå¢ŀéķ¿	经济增长
108278	æīĽ	扛
108279	åıĳéħµ	发酵
108280	åĪĨæŀĲå¸Ī	分析师
108281	åľ¨æľªæĿ¥	在未来
108282	ä¸»è¦ģæľī	主要有
108283	ä¸ĢåŃ£åº¦	一季度
108284	çļĦè¯´æ³ķ	的说法
108285	ä»İæĿ¥æ²¡æľī	从来没有
108286	è´§è½¦	货车
108287	ç¼©å°ı	缩小
108288	å¤ªè¿ĩ	太过
108289	æķĪåĬĽ	效力
108290	ä¸įä¸ĭ	不下
108291	æĬķç¨¿	投稿
108292	èį¯ä¸ļ	药业
108293	ç»Ħéķ¿	组长
108294	ç«ĻçĤ¹	站点
108295	å¾Īåĸľæ¬¢	很喜欢
108296	éĲµ	鐵
108297	åĬ¿å¤´	势头
108298	æ¼ıæ´ŀ	漏洞
108299	æĦ¤æĢĴ	愤怒
108300	åħħå®ŀ	充实
108301	åĪĽä¸ļæĿ¿	创业板
108302	çĪª	爪
108303	æľªå¿ħ	未必
108304	åºķéĥ¨	底部
108305	å¾ĹåĪĨ	得分
108306	äººæ°ĳåĮ»éĻ¢	人民医院
108307	äºĮæīĭæĪ¿	二手房
108308	å·²ç»ıè¢«	已经被
108309	å¤§æ¥¼	大楼
108310	æĸ°æĪ¿	新房
108311	è¾¦æ³ķ	辦法
108312	çĶ¨åĬĽ	用力
108313	æĭĵå®½	拓宽
108314	åĨħåľ¨	内在
108315	æĴŃåĩº	播出
108316	é¥°æ¼Ķ	饰演
108317	ä¹Łè®©	也让
108318	ä½ľçĤº	作為
108319	çī©ä¸ļç®¡çĲĨ	物业管理
108320	åį´ä¸į	却不
108321	ä¸ºä¸ŃåĽ½	为中国
108322	å±ĢåĬ¿	局势
108323	ä¸įèĤ¯	不肯
108324	æľĢæĸ°çļĦ	最新的
108325	åı¯ä»¥éĢīæĭ©	可以选择
108326	æĺ¾çİ°	显现
108327	å°±ç®Ĺæĺ¯	就算是
108328	åľ¨æł¡	在校
108329	é¾Ł	龟
108330	ä¸¤æĿ¡	两条
108331	çļĦå®ŀåĬĽ	的实力
108332	è¶Ĭå¥½	越好
108333	å¥¹åľ¨	她在
108334	å¿łè¯ļ	忠诚
108335	ä¹ŁéľĢè¦ģ	也需要
108336	æ¸¸æĪıæĵįä½ľ	游戏操作
108337	è¶ħåĩº	超出
108338	å¦Ĥæŀľä¸į	如果不
108339	æīĢåľ¨çļĦ	所在的
108340	ä½łè¿ĺ	你还
108341	ä»¥åĨħ	以内
108342	æľīä¸Ģå®ļ	有一定
108343	åı¯è¾¾	可达
108344	è·ĳåĪ°	跑到
108345	åīĽ	剛
108346	å»ºç«ĭåģ¥åħ¨	建立健全
108347	æķ´è½¦	整车
108348	åīįæĸ¹	前方
108349	éĹ´æİ¥	间接
108350	çŃ¹å¤ĩ	筹备
108351	çĸ²åĬ³	疲劳
108352	ç¦»å¼ĢäºĨ	离开了
108353	æ±Ŀ	汝
108354	éĿ¢éĥ¨	面部
108355	ä¹ĭåīįçļĦ	之前的
108356	åıĺä¸º	变为
108357	å¦Ĥæŀľè¯´	如果说
108358	å¯¹ä»ĺ	对付
108359	åĿĩåı¯	均可
108360	è¢«åĳĬäºº	被告人
108361	ç²¾ç¾İ	精美
108362	èģļä¼ļ	聚会
108363	çĿĢæĢ¥	着急
108364	è°·æŃĮ	谷歌
108365	ä¸Ģåı·	一号
108366	çº¢åĪ©	红利
108367	ä¼łå¥ĩæ¸¸æĪı	传奇游戏
108368	å»ĸ	廖
108369	è´ŀ	贞
108370	ä¹°åĪ°	买到
108371	éŃļ	魚
108372	ä½ĵè´¨	体质
108373	å°ĳäºĨ	少了
108374	æ³īå·ŀ	泉州
108375	åĲŁ	吟
108376	ç»Ŀä¸į	绝不
108377	é»ĳæģ¶	黑恶
108378	é»ĳæģ¶åĬ¿åĬĽ	黑恶势力
108379	ä¸Ĭæĺł	上映
108380	çļĦè¯Ŀé¢ĺ	的话题
108381	ä¸ĩäººæ¬¡	万人次
108382	ä¸ĸéĹ´	世间
108383	çĶ¨å·¥	用工
108384	è´¯ç©¿	贯穿
108385	å®ĿçŁ³	宝石
108386	ä½łå¥½	你好
108387	åĪĩåī²	切割
108388	å¼ºåĽ½	强国
108389	åĽŀèĲ½	回落
108390	æ°´æĻ¶	水晶
108391	æ¨¡ä»¿	模仿
108392	æ´ªæ°´	洪水
108393	éĢĻéº¼	這麼
108394	åįģä¸īäºĶ	十三五
108395	ä½ĳ	佑
108396	éĻĦä»¶	附件
108397	çļĦå¢ŀéķ¿	的增长
108398	éĻĦå±ŀ	附属
108399	çİ°å·²	现已
108400	å¸®ä½ł	帮你
108401	éĩĳçīĮ	金牌
108402	é«ĺåİŁ	高原
108403	åľ¨å®¶éĩĮ	在家里
108404	éĺ²èħĲ	防腐
108405	ç¡®å®ŀæĺ¯	确实是
108406	å®£è®²	宣讲
108407	å¤©æīį	天才
108408	ç»ıèĲ¥ç®¡çĲĨ	经营管理
108409	éĶħçĤī	锅炉
108410	åĲĪä¸Ģ	合一
108411	è§Ĥèµı	观赏
108412	éķ¿è¾¾	长达
108413	ä¸»ä¹īæĢĿæĥ³	主义思想
108414	éĤ£éº¼	那麼
108415	é£İäºĳ	风云
108416	ä¸ºä¸»çļĦ	为主的
108417	æļĳåģĩ	暑假
108418	æĮģä¹ħ	持久
108419	å¼Ĥåľ°	异地
108420	å¼ĢéĹ¨	开门
108421	æ¨¡æĿ¿	模板
108422	æī¹æ¬¡	批次
108423	ä¸įä¾¿	不便
108424	å¤©çĶŁ	天生
108425	åĩłä¸ªæľĪ	几个月
108426	ä¸ĵç§ĳ	专科
108427	åı¦æľī	另有
108428	åħ¬å¸ĥçļĦ	公布的
108429	æĩ·	懷
108430	åľºåĲĪ	场合
108431	çļĦå¿ĥæĢģ	的心态
108432	è¿ĺå¥½	还好
108433	å®ŀæĪĺ	实战
108434	èĢģå¸ĪçļĦ	老师的
108435	åħ©åĢĭ	兩個
108436	åı¯åľ¨	可在
108437	éĤ£ä½į	那位
108438	å¥łå®ļäºĨ	奠定了
108439	ä¿ĥéĶĢ	促销
108440	æı´åĬ©	援助
108441	ä¸ĩçī©	万物
108442	æĥħæĬ¥	情报
108443	é¦ĸåħĪè¦ģ	首先要
108444	æĸĩåĮĸåĴĮ	文化和
108445	éĥ½å·²ç»ı	都已经
108446	ä¸Ĭä¸ĸçºª	上世纪
108447	åĨľåľº	农场
108448	å¤§æī¹	大批
108449	æĺİçĻ½äºĨ	明白了
108450	çļĦæĪĲéķ¿	的成长
108451	çļĦæ¯ĶèµĽ	的比赛
108452	å¤±è¯¯	失误
108453	åģļæĪĲ	做成
108454	ä»Ĭå¤©å°ıç¼ĸ	今天小编
108455	é¢Ĩè¢ĸ	领袖
108456	æıĲåįĩäºĨ	提升了
108457	å¾Ĳå·ŀ	徐州
108458	ä»įæľī	仍有
108459	è¿ĩæ»¤	过滤
108460	å¹½é»ĺ	幽默
108461	çĥŃéĩı	热量
108462	ä¸Ģé¦ĸ	一首
108463	æ¼Ĥäº®çļĦ	漂亮的
108464	åĩłç§į	几种
108465	åĢ¡è®®	倡议
108466	å°±åı¯ä»¥äºĨ	就可以了
108467	æİĴåĪĹ	排列
108468	éĩįéĩį	重重
108469	ä¼ģä¸ļåĴĮ	企业和
108470	ä¸ĵå±ŀ	专属
108471	çħİ	煎
108472	äº²æĪļ	亲戚
108473	çĻ¾åĪĨä¹ĭ	百分之
108474	ç¨¿ä»¶	稿件
108475	è¿ĺå¾Ĺ	还得
108476	äººåĵ¡	人員
108477	äºīå¤º	争夺
108478	æĽ´å®¹æĺĵ	更容易
108479	å¤§èĩªçĦ¶	大自然
108480	éĽ»èħ¦	電腦
108481	å¤ªç©º	太空
108482	åľ°å¤Ħ	地处
108483	å¤¢	夢
108484	ä»ĸå¯¹	他对
108485	å¿ħå°Ĩ	必将
108486	ä¸įå½ĵ	不当
108487	ä¸¥è°¨	严谨
108488	åĩºåľº	出场
108489	å·²ç»ıæľī	已经有
108490	é¢ĨåĨĽ	领军
108491	é«ĺæ¡£	高档
108492	ä¸ĢæīĢ	一所
108493	æłĹ	栗
108494	è®©åŃ¦çĶŁ	让学生
108495	æĽ¹æĵį	曹操
108496	æŁĲä¸Ģ	某一
108497	ä¼¸åĩº	伸出
108498	èĬ±åįī	花卉
108499	æ¸ħéĨĴ	清醒
108500	èģĶç³»æĸ¹å¼ı	联系方式
108501	åĪĨå±Ģ	分局
108502	èħ³	腳
108503	æ©¡èĥ¶	橡胶
108504	éķ¿å¾Ĺ	长得
108505	ç»¿åľ°	绿地
108506	è¢į	袍
108507	çļĦèīºæľ¯	的艺术
108508	å¥³æľĭåıĭ	女朋友
108509	ä¸Ńè¶ħ	中超
108510	ç¦»åŃĲ	离子
108511	å¤ļæł·åĮĸ	多样化
108512	éĺ³åı°	阳台
108513	ä½İç¢³	低碳
108514	ä¸Ģç±»	一类
108515	çŃīæĸ¹éĿ¢çļĦ	等方面的
108516	å¾Ĺå¥½	得好
108517	æ¨¡åħ·	模具
108518	ä¸ĩäº¿	万亿
108519	çķĻæĦı	留意
108520	ä¸´æ²Ĥ	临沂
108521	å°ĳéĩı	少量
108522	çľĭåĲĳ	看向
108523	ç»ıèĲ¥èĢħ	经营者
108524	çķĻä¸ĭäºĨ	留下了
108525	åĿıäºĨ	坏了
108526	åĳĬåĪ«	告别
108527	çľŁçĲĨ	真理
108528	ç¼´è´¹	缴费
108529	æĬĬä½ł	把你
108530	çļĦä»»åĬ¡	的任务
108531	æĪĳå¯¹	我对
108532	ä¹°åħ¥	买入
108533	çĻ»ä¸Ĭ	登上
108534	æľīä¸¤ä¸ª	有两个
108535	ä¸Ģå¤´	一头
108536	æĵįæİ§	操控
108537	åħ¨è¦ĨçĽĸ	全覆盖
108538	çĿĢæīĭ	着手
108539	å¢ĻéĿ¢	墙面
108540	å¤ļæĸ¹	多方
108541	åı¯çĪ±çļĦ	可爱的
108542	ä¹Łåı¯èĥ½	也可能
108543	æľĢæľī	最有
108544	è¿ĻäºĽéĥ½æĺ¯	这些都是
108545	æĥ¡	惡
108546	å®®	宮
108547	å¾Īå°ı	很小
108548	éĹ®é¢ĺæĺ¯	问题是
108549	åĿĩæľī	均有
108550	å¾ģéĽĨ	征集
108551	è¯´åĩº	说出
108552	æľīæĦı	有意
108553	é¢Ĥ	颂
108554	æī¬å·ŀ	扬州
108555	åķĨä¸ļæ¨¡å¼ı	商业模式
108556	çĶŁèĤĸ	生肖
108557	æįĲæ¬¾	捐款
108558	å²Ĥ	岂
108559	ç¾İæĻ¯	美景
108560	è¿ĺçľŁ	还真
108561	æĭ¥æĬ±	拥抱
108562	èº«ä½ĵåģ¥åº·	身体健康
108563	æ·±å¤Ħ	深处
108564	çľ¼ç¥ŀ	眼神
108565	çļĦå½¢è±¡	的形象
108566	ä¼ĺè¶Ĭ	优越
108567	å½ĵæĪĲ	当成
108568	åĮºåĪĨ	区分
108569	åİ»éĻ¤	去除
108570	æ³¨å®ļ	注定
108571	å§Ĳå¦¹	姐妹
108572	åĮºåĨħ	区内
108573	é©ļ	驚
108574	æļĹç¤º	暗示
108575	æĺİäº®	明亮
108576	æħ°éĹ®	慰问
108577	å¸Ĥåľºä»½é¢Ŀ	市场份额
108578	çĮªèĤī	猪肉
108579	çļĦèµĦéĩĳ	的资金
108580	åİĨç»ı	历经
108581	å§ĭç»ĪåĿļæĮģ	始终坚持
108582	çĶŁæľº	生机
108583	ä¸įé¡¾	不顾
108584	éĩĳåĪļ	金刚
108585	å¤§å£°	大声
108586	éĻķè¥¿çľģ	陕西省
108587	é²į	鲍
108588	åĨľä¸ļåĨľæĿĳ	农业农村
108589	æľīå®³	有害
108590	éĹ¨è¯Ĭ	门诊
108591	æ¯ıä¸Ģæ¬¡	每一次
108592	çļĦåĽłç´ł	的因素
108593	é¢Ŀå¤ĸ	额外
108594	åİ¿çº§	县级
108595	çļĩåĲİ	皇后
108596	åĽ½ä¼ģ	国企
108597	é¦ĸéĢī	首选
108598	ç¼ĸåĨĻ	编写
108599	æĭ¿èµ·	拿起
108600	åģ·åģ·	偷偷
108601	ä¸İä¸ŃåĽ½	与中国
108602	åįĸå®¶	卖家
108603	ç»Ļä»ĸä»¬	给他们
108604	ç¥ŀè¯Ŀ	神话
108605	åŃ¸æł¡	學校
108606	æĪĳä¸ĢçĽ´	我一直
108607	çŁ¥éģĵäºĨ	知道了
108608	åįĴ	卒
108609	åĴĮåľ°åĮº	和地区
108610	ä»Ģä¹Īéĥ½	什么都
108611	çĶ»å®¶	画家
108612	æľ¬çĿĢ	本着
108613	ä½ĻåĲį	余名
108614	å®¡çĲĨ	审理
108615	ä¸ĢåĲĳ	一向
108616	åıĳå±ķè¶ĭåĬ¿	发展趋势
108617	åĮºéĹ´	区间
108618	æ³¨åĨĮèµĦæľ¬	注册资本
108619	çĲ¦	琦
108620	ä¸įåı¯ä»¥	不可以
108621	çļĦåĦ¿åŃĲ	的儿子
108622	åĢ¼çıŃ	值班
108623	ä¸¥æł¼çļĦ	严格的
108624	å®ŀä½ĵç»ıæµİ	实体经济
108625	æľīæĿĥ	有权
108626	æĪĳåıĪ	我又
108627	éĵ¶æ²³	银河
108628	ç«ĭé©¬	立马
108629	æĿĢäºĨ	杀了
108630	åĮħå®¹	包容
108631	ç®¡å®¶	管家
108632	èº«é«Ķ	身體
108633	éĵħ	铅
108634	å°ıåŃĲ	小子
108635	ç®¡çĲĨç³»ç»Ł	管理系统
108636	æľīçļĦäºº	有的人
108637	é£İçĶµ	风电
108638	æĻºèĥ½åĪ¶éĢł	智能制造
108639	ç²¾ç¡®	精确
108640	æĭĽåķĨå¼ķ	招商引
108641	æĭĽåķĨå¼ķèµĦ	招商引资
108642	äºĮæīĭè½¦	二手车
108643	åİ¿å§Ķ	县委
108644	èīºäºº	艺人
108645	å¥ķ	奕
108646	è¿İæĿ¥äºĨ	迎来了
108647	ç»ĵæĿŁäºĨ	结束了
108648	çļĦä¼łç»Ł	的传统
108649	æĭ¼æĲı	拼搏
108650	å¥¥è¿ª	奥迪
108651	çĸĳæĥĳ	疑惑
108652	ä¹ĭæĹ¥èµ·	之日起
108653	æłĩå¿ĹçĿĢ	标志着
108654	åľ°åįĢ	地區
108655	è¯łéĩĬ	诠释
108656	åĪ°æľŁ	到期
108657	åħ¨éĥ½	全都
108658	çŁŃæļĤ	短暂
108659	æĺ¯æĪĳåĽ½	是我国
108660	æĪĳå·²ç»ı	我已经
108661	æ»´æ»´	滴滴
108662	å¤©èµĭ	天赋
108663	å¯¹å¥¹	对她
108664	åį«çĶŁéĹ´	卫生间
108665	çĶŁäº§åŁºåľ°	生产基地
108666	æĹ¥è®°	日记
108667	çļĦæķĻåŃ¦	的教学
108668	åĵĩ	哇
108669	æ°ĳäºĭ	民事
108670	è¿ĺåİŁ	还原
108671	æīĭä¸ŃçļĦ	手中的
108672	çļĦèī¯å¥½	的良好
108673	æ·«	淫
108674	ä¸Ńåħ±ä¸Ńå¤®	中共中央
108675	åĪĥ	刃
108676	åĵĦ	哄
108677	åľ¨ä»ĸçļĦ	在他的
108678	å°Īæ¥Ń	專業
108679	åľºéĿ¢	场面
108680	éĤ»å±ħ	邻居
108681	çĹĴ	痒
108682	å¦Ħ	妄
108683	å¤ĸç§ĳ	外科
108684	ä¸įéĢĤ	不适
108685	ä¸¾åĬŀçļĦ	举办的
108686	éĤ¹	邹
108687	åħļçļĦå»ºè®¾	党的建设
108688	çĻ¼è¡¨	發表
108689	è·¨çķĮ	跨界
108690	æ²īæ·Ģ	沉淀
108691	å¤§çīĩ	大片
108692	è¶Ĭé«ĺ	越高
108693	å°Ĩæĺ¯	将是
108694	è§īéĨĴ	觉醒
108695	åĤ¨åŃĺ	储存
108696	å¢ŀå¤§	增大
108697	ä¸įè®©	不让
108698	æķ´å½¢	整形
108699	å¹³åı°ä¸Ĭ	平台上
108700	åĩłä½į	几位
108701	è¯īæ±Ĥ	诉求
108702	å¥½ä¸įå¥½	好不好
108703	åľį	圍
108704	æĸĩæľ¬	文本
108705	éĢ²åħ¥	進入
108706	ç´į	納
108707	æł¹æĵļ	根據
108708	èįīæ¡Ī	草案
108709	åħŃä¸ª	六个
108710	åĭ¿	勿
108711	åĪ¶æĪĲ	制成
108712	é¥®æ°´	饮水
108713	æ°¸æģĴ	永恒
108714	èĩªæĿĢ	自杀
108715	åı¸é©¬	司马
108716	éļ¾çĤ¹	难点
108717	ä¸ºæĪĳä»¬	为我们
108718	å¼§	弧
108719	åī©ä¸ĭçļĦ	剩下的
108720	åĩĨå¤ĩå¥½	准备好
108721	çļĦæľĢä½³	的最佳
108722	èģĶåĲĪä¼ļ	联合会
108723	æĤ£èĢħçļĦ	患者的
108724	æĪĳä¸įçŁ¥éģĵ	我不知道
108725	ä¸ĭä¸Ģä¸ª	下一个
108726	åıĳå±ķæĸ¹åĲĳ	发展方向
108727	ç¬¨	笨
108728	æīĢä»¥æĪĳä»¬	所以我们
108729	åĨĻäºĨ	写了
108730	éĢłæĪĲäºĨ	造成了
108731	æ²Ļæ¼ł	沙漠
108732	çŃĽéĢī	筛选
108733	çģ¾åĮº	灾区
108734	ä¸Ĭçľĭ	上看
108735	éħ¶	酶
108736	æ»ļåĬ¨	滚动
108737	éļ¾åħį	难免
108738	åĲīåĪ©	吉利
108739	ä¸Ģä¸Ģ	一一
108740	ç²¾å¯Ĩ	精密
108741	ä¼¸æīĭ	伸手
108742	ç¤¼ä»ª	礼仪
108743	åħ¨æĺ¯	全是
108744	è¶Ĭå¤§	越大
108745	ä¸Ńæłĩ	中标
108746	åıĸåĨ³	取决
108747	åıĸåĨ³äºİ	取决于
108748	éĢĶä¸Ń	途中
108749	è®¨åİĮ	讨厌
108750	æīĭåĨĮ	手册
108751	ç¬¬ä¹Ŀ	第九
108752	åŃĶåŃĲ	孔子
108753	çĦ¶å¾Į	然後
108754	ä¸Ģåħ±	一共
108755	æµ·æĬ¥	海报
108756	æ¬¾å¼ı	款式
108757	æķ´å¤©	整天
108758	è¾¹çķĮ	边界
108759	è·¯è¾¹	路边
108760	æĻĭçº§	晋级
108761	åĲĲæ§½	吐槽
108762	çļĦåħ³æ³¨	的关注
108763	æĪĳæ²¡æľī	我没有
108764	å°±æĺ¯åľ¨	就是在
108765	çĽ®çļĦæĺ¯	目的是
108766	åį³ä½¿æĺ¯	即使是
108767	é¡¶å°ĸ	顶尖
108768	å·²ç»ıåľ¨	已经在
108769	å®īåħ¨éļĲæĤ£	安全隐患
108770	æłĩæĿĨ	标杆
108771	åįĹéĢļ	南通
108772	ä¼ļå¯¹	会对
108773	åº§ä½į	座位
108774	èµ¢å¾ĹäºĨ	赢得了
108775	åİŁæĿ¥çļĦ	原来的
108776	èº«ä¸º	身为
108777	ä¹¦åºĹ	书店
108778	è¢Ńåĩ»	袭击
108779	ä»ĬæĻļ	今晚
108780	ä»¥èī²	以色
108781	ä»¥èī²åĪĹ	以色列
108782	æĬĸéŁ³	抖音
108783	åį´æ²¡æľī	却没有
108784	ä¸§å¤±	丧失
108785	çļĦå±ĢéĿ¢	的局面
108786	åįģåĽĽäºĶ	十四五
108787	çŃīçĽ¸åħ³	等相关
108788	æ±ĩæĢ»	汇总
108789	å¤ĸè¡¨	外表
108790	ä¸ºæ°ĳ	为民
108791	éľĩæĥĬ	震惊
108792	å¥Ĺè·¯	套路
108793	çĬ¯ç½ªå«Įçĸĳ	犯罪嫌疑
108794	å°Ĩä»¥	将以
108795	çİĩé¢Ĩ	率领
108796	éħĴåĲ§	酒吧
108797	è¡Įä¸ļåıĳå±ķ	行业发展
108798	å¹´èĩ³	年至
108799	åĻ¨æĿĲ	器材
108800	åĴĮæĬĢæľ¯	和技术
108801	æľĢå°ı	最小
108802	è¿Ļä¸ĢåĪĩ	这一切
108803	èģĮç§°	职称
108804	å½ĵä½ľ	当作
108805	æİĢèµ·	掀起
108806	åĴĭ	咋
108807	ä¸Ńéĥ¨	中部
108808	æīĭèĩĤ	手臂
108809	ç½¢äºĨ	罢了
108810	åª³å¦ĩ	媳妇
108811	æ´½è°Ī	洽谈
108812	æĹ¶ä»£ä¸ŃåĽ½	时代中国
108813	äººçĶŁçļĦ	人生的
108814	æŀģéĻĲ	极限
108815	ç¦Ħ	禄
108816	åĮºæĶ¿åºľ	区政府
108817	æľ¬éĴ±	本钱
108818	ç¤¼åĵģ	礼品
108819	çļĦéĤ£ä¸ª	的那个
108820	ä¾¦æŁ¥	侦查
108821	å¤ªå¤ļçļĦ	太多的
108822	å®ŀæĸ½æĸ¹æ¡Ī	实施方案
108823	é«ĺæłĩåĩĨ	高标准
108824	æĮĩæĮ¥éĥ¨	指挥部
108825	åĢ¾æĸľ	倾斜
108826	çī¹èī²ç¤¾ä¼ļ	特色社会
108827	çµĲæŀľ	結果
108828	éĴ»çŁ³	钻石
108829	ç§»æ¤į	移植
108830	çī¹ç§į	特种
108831	èĩªæĦ¿	自愿
108832	æĭľçĻ»	拜登
108833	åįķèº«	单身
108834	åį´åıĪ	却又
108835	åĪ¥äºº	別人
108836	åĲĪè§Ħ	合规
108837	æľºçĶµ	机电
108838	çī¹æĦı	特意
108839	å½ĵåīįä½įç½®	当前位置
108840	ä¹°å®¶	买家
108841	åĲĪçº¦	合约
108842	èĤ©èĨĢ	肩膀
108843	ä¸ºåĩĨ	为准
108844	å®¶è£ħ	家装
108845	çļĦçĥŃæĥħ	的热情
108846	éĿŀéģĹ	非遗
108847	çļĦéŃħåĬĽ	的魅力
108848	åİŁåĳĬ	原告
108849	ç¤¾ä¼ļåĲĦçķĮ	社会各界
108850	ä¹°çļĦ	买的
108851	å¤ļåĲĥ	多吃
108852	éĽķå¡ĳ	雕塑
108853	èµ·ä¹ī	起义
108854	åĬłåī§	加剧
108855	éĤ£ä¸ĢåĪ»	那一刻
108856	å°Ĩè¿Ľä¸ĢæŃ¥	将进一步
108857	æ¡ĤæŀĹ	桂林
108858	æĽ´å¼º	更强
108859	å¯¹ä¼ģä¸ļ	对企业
108860	æĹłæĦı	无意
108861	ä¹łè¿ĳå¹³æĸ°	习近平新
108862	æµģå¤±	流失
108863	å¾®è½¯	微软
108864	çĽ¸å¯¹äºİ	相对于
108865	åº§è°Īä¼ļ	座谈会
108866	ä¸»èĲ¥ä¸ļ	主营业
108867	ä¸»èĲ¥ä¸ļåĬ¡	主营业务
108868	ç§ģåĭŁ	私募
108869	å±ķç¤ºäºĨ	展示了
108870	å¸¸æĢģåĮĸ	常态化
108871	è²´	貴
108872	ç¬¦åı·	符号
108873	å¹´è½»çļĦ	年轻的
108874	å°±éľĢè¦ģ	就需要
108875	ä¹ŁæĽ¾	也曾
108876	çļĦæĥħç»ª	的情绪
108877	è¾¾æłĩ	达标
108878	èĩ¨	臨
108879	ä½įå±ħ	位居
108880	ä»ħä¸º	仅为
108881	é¦ĸå®¶	首家
108882	éĺ´éĺ³	阴阳
108883	ä¸įåĨįæĺ¯	不再是
108884	åĽłä¸ºå®ĥ	因为它
108885	ä¼ģä¸ļåľ¨	企业在
108886	çĺ¾	瘾
108887	åĲ¬è§ģ	听见
108888	åİŁæľī	原有
108889	åĪ¶è£ģ	制裁
108890	å¯Ĥå¯ŀ	寂寞
108891	éĢļè¿ĩå¯¹	通过对
108892	æ»ĳéĽª	滑雪
108893	è¿Ļå¼ł	这张
108894	çļĦçĲĨè§£	的理解
108895	æĸ°ä¸ŃåĽ½	新中国
108896	è¿ĻåĦ¿	这儿
108897	ä½İä»·	低价
108898	æĥ³è¿ĩ	想过
108899	çļĦä¿¡å¿ĥ	的信心
108900	å»ºçŃĳçī©	建筑物
108901	çļĦé¢ľèī²	的颜色
108902	ä¸įåºĶè¯¥	不应该
108903	æĹłçĸĳæĺ¯	无疑是
108904	å¼ķèµ·äºĨ	引起了
108905	åħ¨åĳĺ	全员
108906	æĿ°åĩº	杰出
108907	è¿Ļæĺ¯æĪĳ	这是我
108908	èª°	誰
108909	èĺĩ	蘇
108910	éĺµåľ°	阵地
108911	åħħåĢ¼	充值
108912	çŁ¿ä¸ļ	矿业
108913	çĿĢä»ĸ	着他
108914	ä¿¡è®¿	信访
108915	ä¸ĩè¾¾	万达
108916	æĳ©æĵ¦	摩擦
108917	å¼Ģç«¯	开端
108918	èı²å¾ĭ	菲律
108919	èı²å¾ĭå®¾	菲律宾
108920	è½¦åŃĲ	车子
108921	æľ¬èº«çļĦ	本身的
108922	çģ«è½¦ç«Ļ	火车站
108923	å¸¸å·ŀ	常州
108924	ä¸ºä»£è¡¨	为代表
108925	ä¸ºä»£è¡¨çļĦ	为代表的
108926	å¹¿çĶµ	广电
108927	äº²äºº	亲人
108928	åı³æīĭ	右手
108929	éĽĨè£ħ	集装
108930	éĽĨè£ħç®±	集装箱
108931	çļĦåį°è±¡	的印象
108932	æ©Łæľĥ	機會
108933	åĮĨåĮĨ	匆匆
108934	åħīçĶµ	光电
108935	å¤§æĸ¹	大方
108936	è¿ĺæľª	还未
108937	åĪ©å¥½	利好
108938	ç»Ŀå¤§å¤ļæķ°	绝大多数
108939	åľ¨è¿Ļç§į	在这种
108940	ä¸Ģç»Ħ	一组
108941	æĸ°èĤ¡	新股
108942	è½¬åıĳ	转发
108943	æ³ķåºŃ	法庭
108944	æĹłæīĢ	无所
108945	éģĵè·¯ä¸Ĭ	道路上
108946	çŁ¿å±±	矿山
108947	èĳī	葉
108948	æĶ¶åĽŀ	收回
108949	ç§°ä¹ĭ	称之
108950	ç§°ä¹ĭä¸º	称之为
108951	æıŃéľ²	揭露
108952	åı£å²¸	口岸
108953	åĲ¼	吼
108954	å¿ĥæĥ³	心想
108955	çļĦæ¢¦æĥ³	的梦想
108956	éĽ¯	雯
108957	ä¹ĭåĪĿ	之初
108958	å¥ĸé¡¹	奖项
108959	è®¢éĺħ	订阅
108960	èĵĿå¤©	蓝天
108961	åĿ¦åħĭ	坦克
108962	ç«ĭæ¡Ī	立案
108963	èģĶæīĭ	联手
108964	ä½Ĩæĺ¯æĪĳ	但是我
108965	å¸®æĪĳ	帮我
108966	ä»ħä»£è¡¨	仅代表
108967	è¯´æĪĳ	说我
108968	çļĦè¶ĭåĬ¿	的趋势
108969	æ¯Ķè¾ĥå¤§	比较大
108970	èµ°å»Ĭ	走廊
108971	éĩįçĤ¹é¡¹çĽ®	重点项目
108972	èµĮåľº	赌场
108973	åĲįçīĩ	名片
108974	æĦŁåı¹	感叹
108975	åľ¨åľ°ä¸Ĭ	在地上
108976	åıĳçĥŃ	发热
108977	èĮĥçķ´	范畴
108978	çļĦéģĵè·¯	的道路
108979	éĩĳèī²	金色
108980	ä»ĸåıĪ	他又
108981	ä¼ļäº§çĶŁ	会产生
108982	æ°ĳåĽ½	民国
108983	å®ĺæĸ¹ç½ĳç«Ļ	官方网站
108984	æĶ¶çĽĬçİĩ	收益率
108985	çļĦåĪ°æĿ¥	的到来
108986	çļĦåĬŀæ³ķ	的办法
108987	æĶ¹åĪ¶	改制
108988	ä¸ĩç§ĳ	万科
108989	ä¸įäºĪ	不予
108990	è¿ĻäºĽéĹ®é¢ĺ	这些问题
108991	çĪ±ä¸Ĭ	爱上
108992	çĲĥåľº	球场
108993	è´£ä»¤	责令
108994	æİĪè¯¾	授课
108995	åľ¨é¦Ļæ¸¯	在香港
108996	ç»Ĩèħ»	细腻
108997	å¤ļä¸ĩ	多万
108998	åĲĮå¹´	同年
108999	å¤§ä½¿	大使
109000	æĸĭ	斋
109001	ä¹Łä¸º	也为
109002	æĥłå·ŀ	惠州
109003	åĲīç¥¥	吉祥
109004	çĶ°åĽŃ	田园
109005	åĽ½å®¶éĺŁ	国家队
109006	éĩįçĶŁ	重生
109007	åľ¨åħ¶	在其
109008	é¦Ļåĳ³	香味
109009	è´Łèį·	负荷
109010	äº²åĪĩ	亲切
109011	èĩªè±ª	自豪
109012	æ²¡éĶĻ	没错
109013	åĽłä¸ºåľ¨	因为在
109014	æĺŁæĺŁ	星星
109015	éĤĳ	邑
109016	è¿ĺæľīå¾Īå¤ļ	还有很多
109017	æĳ©æīĺ	摩托
109018	æĳ©æīĺè½¦	摩托车
109019	æŃ¥è¡Į	步行
109020	ç®¡çĲĨä½ĵç³»	管理体系
109021	èĦļä¸ĭ	脚下
109022	éģİåİ»	過去
109023	æ±īè¯Ń	汉语
109024	å¯¹ä¸įèµ·	对不起
109025	çļĦç»ıåİĨ	的经历
109026	åıĬçĽ¸åħ³	及相关
109027	ä¸įå°ĳäºº	不少人
109028	éĩįç£ħ	重磅
109029	åĬ³åĬ¨èĢħ	劳动者
109030	å¤§åĬĽåıĳå±ķ	大力发展
109031	æĢİä¹Īåģļ	怎么做
109032	çĭĹçĭĹ	狗狗
109033	ä¸ľåįĹäºļ	东南亚
109034	åĭĩäºİ	勇于
109035	åħ¬éĸĭ	公開
109036	çĵ·çłĸ	瓷砖
109037	åıĤçħ§	参照
109038	å¹¿æĴŃçĶµè§Ĩ	广播电视
109039	ä¸¾åĬ¨	举动
109040	æ±Łè¥¿çľģ	江西省
109041	æķĪèĥ½	效能
109042	åĶ¯æľī	唯有
109043	éĿ¢è²Į	面貌
109044	èĩªåĬ¨é©¾é©¶	自动驾驶
109045	æ¦ľåįķ	榜单
109046	å½ĵæĪĳä»¬	当我们
109047	ä»²è£ģ	仲裁
109048	æľ¨æĿĲ	木材
109049	ç±³åħ°	米兰
109050	çĻ½éĵ¶	白银
109051	çļĦäººéĥ½	的人都
109052	å°±åĥıæĺ¯	就像是
109053	æŃ¥åħ¥	步入
109054	åįłçĶ¨	占用
109055	åĩ»è´¥	击败
109056	è®©å¤§å®¶	让大家
109057	ä¼ļè®©ä½ł	会让你
109058	åİ¿æĶ¿åºľ	县政府
109059	è¦ģçĶ¨	要用
109060	çŃīå½¢å¼ı	等形式
109061	åįĩé«ĺ	升高
109062	è´£ä»»æĦŁ	责任感
109063	å¤ĩçĶ¨	备用
109064	ä»ĸè®¤ä¸º	他认为
109065	æ¸ħåįİå¤§åŃ¦	清华大学
109066	ä»ĸèĩªå·±	他自己
109067	éĸ±è®Ģ	閱讀
109068	å¤ªå¹³æ´ĭ	太平洋
109069	éĶģå®ļ	锁定
109070	çŃĨ	筆
109071	è¿Ļçīĩ	这片
109072	æī§æĶ¿	执政
109073	è¿ĶåĽŀæĲľçĭĲ	返回搜狐
109074	å°±æŃ¤	就此
109075	éģĩåĪ°äºĨ	遇到了
109076	å¼Ģå¹ķå¼ı	开幕式
109077	ç®¡çĲĨéĥ¨éĹ¨	管理部门
109078	å§¿åĬ¿	姿势
109079	è®¾æĥ³	设想
109080	åĽĽåŃ£	四季
109081	æĬĢæľ¯äººåĳĺ	技术人员
109082	å·®çĤ¹	差点
109083	è¾ŀèģĮ	辞职
109084	èĢģå¸«	老師
109085	çļĦæĦŁåıĹ	的感受
109086	ä¹ŁéĿŀå¸¸	也非常
109087	å¹´ä¸ĬåįĬå¹´	年上半年
109088	æĢªçī©	怪物
109089	èĮĥæĸĩ	范文
109090	æĪĺå½¹	战役
109091	åĲ«ä¹ī	含义
109092	åħ¨è¿ĩç¨ĭ	全过程
109093	èĢĮéĿŀ	而非
109094	éĢļè®¯åĳĺ	通讯员
109095	è¿Ļæł·æīįèĥ½	这样才能
109096	æľºç»Ħ	机组
109097	è£ı	裏
109098	çķ¶çĦ¶	當然
109099	èµĮåįļ	赌博
109100	åĲĦæľī	各有
109101	å·¥ä½ľæľºåĪ¶	工作机制
109102	äºĭåĲİ	事后
109103	åī§éĻ¢	剧院
109104	å±ĬæĹ¶	届时
109105	åĺ´éĩĮ	嘴里
109106	ä¸»çº¿	主线
109107	ä¸ĢåľĪ	一圈
109108	ä¸»è¦ģåİŁåĽł	主要原因
109109	å°¸ä½ĵ	尸体
109110	åĮ»çĸĹåĻ¨æ¢°	医疗器械
109111	ä½łæĢİä¹Ī	你怎么
109112	ä½ĨçĶ±äºİ	但由于
109113	æĹ¶ç©º	时空
109114	çĶ·æľĭåıĭ	男朋友
109115	çĶľèľľ	甜蜜
109116	é«ĺåľ°	高地
109117	æĻĸ	晖
109118	èĴĲéĽĨ	蒐集
109119	åĩĿèģļåĬĽ	凝聚力
109120	å¤ĩåıĹ	备受
109121	æĸĩåĪĽ	文创
109122	é©¬æĿ¥	马来
109123	é©¬æĿ¥è¥¿äºļ	马来西亚
109124	æŁ´æ²¹	柴油
109125	ä½¿äºº	使人
109126	æķĻä¼ļ	教会
109127	ç§ĭå¤©	秋天
109128	æĺİçıł	明珠
109129	åħŃåįģ	六十
109130	çİ¯å¢ĥä¸Ń	环境中
109131	æ¸ħæĻ¨	清晨
109132	ç§¯æŀģåıĤä¸İ	积极参与
109133	å·ħå³°	巅峰
109134	ä¸ºæľŁ	为期
109135	çŃ¾åŃĹ	签字
109136	æĦŁæ¿Ģ	感激
109137	ç§ĭåŃ£	秋季
109138	æĿĳåŃĲ	村子
109139	æ¢ħè¥¿	梅西
109140	æļ´éĽ¨	暴雨
109141	çĶŁæ´»åľ¨	生活在
109142	çªĹæĪ·	窗户
109143	æģ¶åĬ£	恶劣
109144	çº¯ç²¹	纯粹
109145	åľ¨æİ¥åıĹ	在接受
109146	æ²¡èĥ½	没能
109147	è¡Įäºº	行人
109148	åĭº	勺
109149	æĭ¨æīĵ	拨打
109150	ä½ľåĩºäºĨ	作出了
109151	çļĦä¸»é¢ĺ	的主题
109152	æľªä¾Ĩ	未來
109153	ä¸ŃæľĢ	中最
109154	æ¾ľ	澜
109155	é«ĺè¡Ģåİĭ	高血压
109156	åħ´èµ·	兴起
109157	æŃ£èĥ½éĩı	正能量
109158	åŁ¹è®ŃçıŃ	培训班
109159	æİ¥åħ¥	接入
109160	çĦ¶åĲİåĨį	然后再
109161	åŃ¦çĶŁä»¬	学生们
109162	é¢ĨåħĪçļĦ	领先的
109163	çģ«çĥŃ	火热
109164	ä¸ĵèģĮ	专职
109165	æĪĸèĢħè¯´	或者说
109166	å»ºè¨Ń	建設
109167	é»ı	黏
109168	å¯¹åħ¬åı¸	对公司
109169	çī¹æľīçļĦ	特有的
109170	åħīèį£	光荣
109171	å½ĵåľº	当场
109172	éĿ¢åŃĲ	面子
109173	èµĦäº§ç®¡çĲĨ	资产管理
109174	æĹ¶æľŁçļĦ	时期的
109175	çŀİ	瞎
109176	åįİä¸ľ	华东
109177	åıĪä¸Ģæ¬¡	又一次
109178	èĥİåĦ¿	胎儿
109179	å®ļçĤ¹	定点
109180	å¤´çĹĽ	头痛
109181	æ¶²ä½ĵ	液体
109182	æĺ¯ä¸Ģä½į	是一位
109183	å¸½åŃĲ	帽子
109184	å¹´èµ·	年起
109185	ä¸įä½İäºİ	不低于
109186	è¾ĥå°ĳ	较少
109187	éĿ¢ä¸´çĿĢ	面临着
109188	å±Ĥå±Ĥ	层层
109189	èĿ´èĿ¶	蝴蝶
109190	èī°èĭ¦	艰苦
109191	éĺ¿æł¹	阿根
109192	éĺ¿æł¹å»·	阿根廷
109193	æ¦Ĥæĭ¬	概括
109194	è¯·éĹ®	请问
109195	èµ·åºĬ	起床
109196	å±Ģå±Ģéķ¿	局局长
109197	ç¨³åģ¥	稳健
109198	å¦ĤæŀľæĪĳä»¬	如果我们
109199	éħĴç²¾	酒精
109200	æĪ·åı£	户口
109201	æĦŁæĤŁ	感悟
109202	æĪĳä»¬éľĢè¦ģ	我们需要
109203	æĬĢèīº	技艺
109204	èĩªåªĴä½ĵ	自媒体
109205	è¿ĽåĮĸ	进化
109206	æ¿ĢçĥĪçļĦ	激烈的
109207	ä½ĵæ¸©	体温
109208	èļķ	蚕
109209	èĩ´è¾ŀ	致辞
109210	å®ªæ³ķ	宪法
109211	ä¸ĢçŃīå¥ĸ	一等奖
109212	çĵ¶é¢Ī	瓶颈
109213	æĥłæ°ĳ	惠民
109214	èµ°è·¯	走路
109215	çİ°ä»»	现任
109216	åķĨéĩı	商量
109217	ä¸ĭè½¦	下车
109218	åĪł	删
109219	è²¬ä»»	責任
109220	èŀįåĲĪåıĳå±ķ	融合发展
109221	ç´łæĿĲ	素材
109222	æ²¹ä»·	油价
109223	åģļäºº	做人
109224	çŀª	瞪
109225	æĶ¹éĿ©åĪĽæĸ°	改革创新
109226	çļĦåĮºåĪ«	的区别
109227	è·¨å¢ĥçĶµåķĨ	跨境电商
109228	æ¶īåıĬåĪ°	涉及到
109229	æīĺç®¡	托管
109230	æĪĳè¿ĺæĺ¯	我还是
109231	åĿĲæłĩ	坐标
109232	ç½ĳè®¯	网讯
109233	å½ĵåľ°çļĦ	当地的
109234	è¿½æº¯	追溯
109235	åľŁèĢ³	土耳
109236	åľŁèĢ³åħ¶	土耳其
109237	åºķä¸ĭ	底下
109238	åĩłåįģå¹´	几十年
109239	ç©¿è¿ĩ	穿过
109240	çĶŁæĢģæĸĩæĺİ	生态文明
109242	æİ¨èĸ¦	推薦
109243	éłĨ	順
109244	åĴ³åĹ½	咳嗽
109245	åĪĨæĪĲ	分成
109246	çĹķè¿¹	痕迹
109247	æĪ·ç±į	户籍
109248	éĥ½ä¸įèĥ½	都不能
109249	æĻļä¼ļ	晚会
109250	åĢ©	倩
109251	ä½ĵåĬĽ	体力
109252	è¿Ļä¸ªèģĮä¸ļ	这个职业
109253	æĹłå½¢	无形
109254	åıªæĥ³	只想
109255	è¿Ľåıĸ	进取
109256	æĿĢæŃ»	杀死
109257	èĦĬ	脊
109258	äºĳåįĹçľģ	云南省
109259	æľªçŁ¥	未知
109260	ç¾İèģĶ	美联
109261	ç¾İèģĶåĤ¨	美联储
109262	å¤ĸå½¢	外形
109263	è¯±æĥĳ	诱惑
109264	çĽ£	監
109265	è¡Įä½¿	行使
109266	åłĨç§¯	堆积
109267	çĨŁç»ĥ	熟练
109268	éĺĲè¿°	阐述
109269	æľĢå¤§éĻĲåº¦	最大限度
109270	å·¡æŁ¥	巡查
109271	å¤ºåĨł	夺冠
109272	ä¼ģä¸ļæĸĩåĮĸ	企业文化
109273	çĭ®åŃĲ	狮子
109274	ä¿Ŀå®Ī	保守
109275	ä¸ºæł¸å¿ĥçļĦ	为核心的
109276	æī©æķ£	扩散
109277	åĪ¶éĢłåķĨ	制造商
109278	æŁĶè½¯	柔软
109279	ä¸ºä¸Ģä½ĵçļĦ	为一体的
109280	æ¸¸çİ©	游玩
109281	çĶŁçĹħ	生病
109282	å¹«åĬ©	幫助
109283	åĶ±æŃĮ	唱歌
109284	æīįåı¯ä»¥	才可以
109285	å®½æĿ¾	宽松
109286	è¦ģæ¯Ķ	要比
109287	æĺ¯æĢİæł·	是怎样
109288	çģ°èī²	灰色
109289	çİĭåĽ½	王国
109290	æĲħæĭĮ	搅拌
109291	è®¡éĩı	计量
109292	åĳ¨åĽ´çļĦ	周围的
109293	æĻºèĥ½æīĭæľº	智能手机
109294	å¸¸åĬ¡	常务
109295	å¸¸åĬ¡åī¯	常务副
109296	é©´	驴
109297	å°Ĩè¿ĳ	将近
109298	å¯»å¸¸	寻常
109299	ä¸ŃåĽ½å¸Ĥåľº	中国市场
109300	å®¹åĻ¨	容器
109301	å±±ä¸Ĭ	山上
109302	èĥĮåĲİçļĦ	背后的
109303	äº²å¯Ĩ	亲密
109304	æīĢä»¥è¯´	所以说
109305	éİ®	鎮
109306	çļĦçĲĨçĶ±	的理由
109307	å¤§åŁİå¸Ĥ	大城市
109308	å¸¸å¹´	常年
109309	æĹħæ¸¸ä¸ļ	旅游业
109310	å°±æĺ¯è¿Ļæł·	就是这样
109311	åĨįæĿ¥	再来
109312	é«ĺä½į	高位
109313	åĨħé¥°	内饰
109314	æŀĦéĢł	构造
109315	ä¸Ģèµ·æĿ¥	一起来
109316	çĶ³è«ĭ	申請
109317	å·²ç»ıå¼Ģå§ĭ	已经开始
109318	çļĦåĬ¨ä½ľ	的动作
109319	è¢«è¿«	被迫
109320	éģįå¸ĥ	遍布
109321	åīĸæŀĲ	剖析
109322	å°ıäºĭ	小事
109323	å¿ĥä¸ŃçļĦ	心中的
109324	ä½ĵåĪ¶æĶ¹éĿ©	体制改革
109325	çļĩå®¶	皇家
109326	æķĻåłĤ	教堂
109327	åĲĥå®Į	吃完
109328	åĽ½æ°ĳåħļ	国民党
109329	æĺİç¡®äºĨ	明确了
109330	åıĳå±ķè§ĦåĪĴ	发展规划
109331	ç¬¬ä¸ĢæŃ¥	第一步
109332	å¾Ĺèµ·	得起
109333	åľ¨åĵª	在哪
109334	çļĦè·¯ä¸Ĭ	的路上
109335	é»Ķ	黔
109336	çķ¶æĻĤ	當時
109337	å¤§åĬĽæĶ¯æĮģ	大力支持
109338	åıĮéĩį	双重
109339	çŁ¥éģĵèĩªå·±	知道自己
109340	åĲĪä½ľåįıè®®	合作协议
109341	æ°ĶåĬ¿	气势
109342	éķ¿æķĪæľºåĪ¶	长效机制
109343	ç½ķè§ģ	罕见
109344	åĽŀæĿ¥äºĨ	回来了
109345	ä»ĸä¼ļ	他会
109346	ä¸Ńæĸ°	中新
109347	ä¸Ńæĸ°ç½ĳ	中新网
109348	çļĦåķĨåĵģ	的商品
109349	èµłéĢģ	赠送
109350	æ±ºå®ļ	決定
109351	å¸ĤåľºçĽĳç®¡	市场监管
109352	çķĻåŃ¦çĶŁ	留学生
109353	çĶµåİĭ	电压
109354	äºļé©¬	亚马
109355	äºļé©¬éĢĬ	亚马逊
109356	è¿ĺæĺ¯æ¯Ķè¾ĥ	还是比较
109357	ä¿ĥè¿ĽäºĨ	促进了
109358	æµģåħ¥	流入
109359	æĳĦåĥı	摄像
109360	æĳĦåĥıå¤´	摄像头
109361	æıĲåıĬ	提及
109362	åıĳæİĺ	发掘
109363	æī¾åĩº	找出
109364	æ¢Ŀä»¶	條件
109365	ç¹¼çºĮ	繼續
109366	æĪĳåĸľæ¬¢	我喜欢
109367	å¥İ	奎
109368	æ¦ľæł·	榜样
109369	å¼ĢèĬ±	开花
109370	æ²īéĩį	沉重
109371	åŁºåĩĨ	基准
109372	ä»ħä»ħæĺ¯	仅仅是
109373	è½¨éģĵäº¤éĢļ	轨道交通
109374	åĶĲå±±	唐山
109375	çŃīä¸Ģç³»åĪĹ	等一系列
109376	ä¸įè¿ĩæĺ¯	不过是
109377	åŃĺåľ¨çĿĢ	存在着
109378	èĬ±çĶŁ	花生
109379	å¤·	夷
109380	ç»Īç©¶	终究
109381	ä¹Łæĺ¯ä¸Ģä¸ª	也是一个
109382	åįģåŃĹ	十字
109383	èĸªéħ¬	薪酬
109384	ä¼¤å¿ĥ	伤心
109385	æĺ¥ç§ĭ	春秋
109386	åĨ·åį´	冷却
109387	ç²¾çģµ	精灵
109388	çļĦåľ°åĽ¾	的地图
109389	æ¯Ķçī¹	比特
109390	æ¯Ķçī¹å¸ģ	比特币
109391	æĢ§åĪ«	性别
109392	ä½Ļä¸ĩåħĥ	余万元
109393	ä¸įå¿ĺåĪĿå¿ĥ	不忘初心
109394	å¿ĥçĸ¼	心疼
109395	æĽ²çº¿	曲线
109396	é«ĺä½İ	高低
109397	è¦ıå®ļ	規定
109398	æĻ¯èī²	景色
109399	è¦ģè¯´	要说
109400	åħ¬åı¸å°Ĩ	公司将
109401	æ¶²åİĭ	液压
109402	è¿Ŀçº¦	违约
109403	åİļåº¦	厚度
109404	åºŀå¤§çļĦ	庞大的
109405	è¿ĺæĺ¯å¾Ī	还是很
109406	é¦ĸåħĪæĺ¯	首先是
109407	çµ²	絲
109408	åĬ¡å®ŀ	务实
109409	ä¸¦ä¸Ķ	並且
109410	å¢ŀè¿Ľ	增进
109411	ç»Ħç»ĩå¼Ģå±ķ	组织开展
109412	èµ·æĿ¥äºĨ	起来了
109413	è¾ĥå°ı	较小
109414	å¯¼æ¸¸	导游
109415	ä¸¤åľ°	两地
109416	ç¿ĺ	翘
109417	çģ¿çĥĤ	灿烂
109418	é£İéĩĩ	风采
109419	æĶ¯çº¿	支线
109420	æĶ¯çº¿ä»»åĬ¡	支线任务
109421	å¨±ä¹ĲåľĪ	娱乐圈
109422	å¤©æ´¥å¸Ĥ	天津市
109423	åĮħåĽ´	包围
109424	æľ¬èµĽåŃ£	本赛季
109425	éĩįè¦ģè®²è¯Ŀ	重要讲话
109426	åıĮåĲĳ	双向
109427	åįİä¸½	华丽
109428	éĶ¤	锤
109429	åĦ¿å¥³	儿女
109430	åįĸåĩº	卖出
109431	ä¾Ĩèªª	來說
109432	ä»ĭç»įä¸Ģä¸ĭ	介绍一下
109433	åĲ¦è®¤	否认
109434	åĭĿ	勝
109435	æĻ®éĢļäºº	普通人
109436	çļĦåĬ¨åĬĽ	的动力
109437	æ¶¨åģľ	涨停
109438	åŁºéĩĳç®¡çĲĨ	基金管理
109439	ä¸Ģä¸ªéĩįè¦ģ	一个重要
109440	è¿Ĳæ²³	运河
109441	çħŀ	煞
109442	è´¢æĶ¿éĥ¨	财政部
109443	è¡Įä¸ļåįıä¼ļ	行业协会
109444	éĥ½å°Ĩ	都将
109445	è¨Ģè®º	言论
109446	ä¸ĭä¾Ĩ	下來
109447	å¢¨è¥¿	墨西
109448	å¢¨è¥¿åĵ¥	墨西哥
109449	åĽłä¸ºä»ĸä»¬	因为他们
109450	æĢİä¹ĪåĽŀäºĭ	怎么回事
109451	åĬłå¤§å¯¹	加大对
109452	èĬŃ	芭
109453	çīĮåŃĲ	牌子
109454	ä¼ļä½¿	会使
109455	å¦¹åŃĲ	妹子
109456	ç«Ļéķ¿	站长
109457	å¿ħå¤ĩ	必备
109458	æłĳæľ¨	树木
109459	æģ¶æĦı	恶意
109460	æ²³éģĵ	河道
109461	å¯Įè£ķ	富裕
109462	ç¹ģåįİ	繁华
109463	ä»£è¡¨åĽ¢	代表团
109464	æµĳèº«	浑身
109465	é¦ĸä½į	首位
109466	èĪªç©ºåħ¬åı¸	航空公司
109467	éĽ»å½±	電影
109468	ä¸ĵè¾ĳ	专辑
109469	æ°´æºĲ	水源
109470	ä¸Ńæ¯Ĵ	中毒
109471	ä¸¦ä¸į	並不
109472	èĢĮåİ»	而去
109473	éĥĿ	郝
109474	äºİæŃ¤	于此
109475	æĸĩåĮĸå»ºè®¾	文化建设
109476	èĤ¯å®ļä¼ļ	肯定会
109477	å¸ĮæľĽå¤§å®¶	希望大家
109478	æııåĨĻ	描写
109479	ä½İè°ĥ	低调
109480	æĸ°åħ´äº§ä¸ļ	新兴产业
109481	æ·Ħåįļ	淄博
109482	æĶ¾å¼Ģ	放开
109483	çļĦæĢ§æł¼	的性格
109484	çĸ¾çĹħçļĦ	疾病的
109485	æķ´é¡¿	整顿
109486	çº¿ä¸Ĭçº¿ä¸ĭ	线上线下
109487	éĢīé¡¹	选项
109488	çļĦè®¤åı¯	的认可
109489	æķ´é½Ĳ	整齐
109490	çĶļä¹Ī	甚么
109491	çľģåĨħ	省内
109492	åı¤äºº	古人
109493	æ°ĳä¿Ĺ	民俗
109494	çī¡ä¸¹	牡丹
109495	éĹ¨çªĹ	门窗
109496	éĤ£æł·çļĦ	那样的
109497	çĽĳäºĭä¼ļ	监事会
109498	ç¿¡ç¿ł	翡翠
109499	ç¦¹	禹
109500	åįĥä¸ĩä¸įè¦ģ	千万不要
109501	æĶ¶ç¼©	收缩
109502	çļĦæĸĩåŃĹ	的文字
109503	åĴĮå°ļ	和尚
109504	æĮĩä»¤	指令
109505	åħ±äº§åħļåĳĺ	共产党员
109506	çļĦçĪ¶äº²	的父亲
109507	å®Įå·¥	完工
109508	åĬ¡å·¥	务工
109509	é©¬æĭī	马拉
109510	é©¬æĭīæĿ¾	马拉松
109511	æµĭè¯Ħ	测评
109512	å²ļ	岚
109513	ä¸įåģļ	不做
109514	ä¸ĥå¹´	七年
109515	åĿĩä»·	均价
109516	ä¸»è§Ĥ	主观
109517	å¾Īä¸įéĶĻ	很不错
109518	èĤ¡ä¸ľå¤§ä¼ļ	股东大会
109519	äºĶä¸Ģ	五一
109520	é£İåĲ¹	风吹
109521	å¼Ģéĩĩ	开采
109522	è¿Ļä¹Īå¤§	这么大
109523	èĥ½çľĭåĪ°	能看到
109524	èĢĥè¯Ħ	考评
109525	åį³ä¾¿æĺ¯	即便是
109526	çİ°ä»£åĨľä¸ļ	现代农业
109527	æ¯Ķè¾ĥé«ĺ	比较高
109528	è¦ģçľĭ	要看
109529	æ²¡äºĨ	没了
109530	è§£æ±º	解決
109531	çİ¯æ¯Ķ	环比
109532	åĨ²åĬ¨	冲动
109533	æ·±å¤ľ	深夜
109534	åĩłåįĥ	几千
109535	ä¿ı	俏
109536	ç½ĳæ°ĳ	网民
109537	å°±æ²¡	就没
109538	ä»ĸè¡¨ç¤º	他表示
109539	éĩıåŃĲ	量子
109540	æĹ©é¤ĲåĬłçĽŁ	早餐加盟
109541	åįĬå²Ľ	半岛
109542	æĲŀç¬ĳ	搞笑
109543	ä¸ĬæĬ¥	上报
109544	å¯©	審
109545	é¢Ħè®¢	预订
109546	èľĤèľľ	蜂蜜
109547	æŁ¥æī¾	查找
109548	ä¼ĹæīĢ	众所
109549	ä¼ĹæīĢåĳ¨	众所周
109550	ä¼ĹæīĢåĳ¨çŁ¥	众所周知
109551	æĹ©æĹ¥	早日
109552	åıĳæī¬	发扬
109553	åĴĮä¸ªäºº	和个人
109554	åĬłåħ¥äºĨ	加入了
109555	åĸ®ä½į	單位
109556	åĪĨæĺİ	分明
109557	ç¬¬ä¸Ģæī¹	第一批
109558	ç¾İåĨĽ	美军
109559	æĿĢæīĭ	杀手
109560	éĹ¨å¤ĸ	门外
109561	åķĨåľĪ	商圈
109562	ä¸ĢåĪ»	一刻
109563	çļĦçľ¼ç¥ŀ	的眼神
109564	éľĦ	霄
109565	äºĽä»Ģä¹Ī	些什么
109566	åĬłæ·±	加深
109567	æ¯ıä½į	每位
109568	å¸ĤéĿ¢ä¸Ĭ	市面上
109569	åıĶåıĶ	叔叔
109570	çļĦéĤ£ç§į	的那种
109571	ç²¤æ¸¯æ¾³	粤港澳
109572	è´´å¿ĥ	贴心
109573	æĸĩåĮĸäº§ä¸ļ	文化产业
109574	çº¢æĹĹ	红旗
109575	åĺīåħ´	嘉兴
109576	æĶ¶çĽĺ	收盘
109577	å®ĮæĪĲåĲİ	完成后
109578	ä¼ģä¸ļç®¡çĲĨ	企业管理
109579	çºµæ¨ª	纵横
109580	ä¸įä¿¡	不信
109581	æĪĲéĥ½å¸Ĥ	成都市
109582	æ´Ĺæ¾¡	洗澡
109583	ä¸¾è¡ĮçļĦ	举行的
109584	çĶ¢çĶŁ	產生
109585	ç©¿ä¸Ĭ	穿上
109586	åĪļå¥½	刚好
109587	åħīçº¿	光线
109588	æīĵæŀ¶	打架
109589	è¿Ļæľ¬ä¹¦	这本书
109590	åĶ®åĲİæľįåĬ¡	售后服务
109591	åĩłåĪĨ	几分
109592	ä¸Ĭæ¬¡	上次
109593	ä¸įåĪĨ	不分
109594	äº§åĲİ	产后
109595	éģ¿å¼Ģ	避开
109596	ç»Īæŀģ	终极
109597	ä»£è¡¨å¤§ä¼ļ	代表大会
109598	æ¼ĶæĬĢ	演技
109599	åĽŀè´Ń	回购
109600	åŃ¦è´¹	学费
109601	éĺ»ç¢į	阻碍
109602	ä¸Ģå¤§æī¹	一大批
109603	ç«£å·¥	竣工
109604	åĨ³å®ļäºĨ	决定了
109605	ä½Ĩå¦Ĥæŀľ	但如果
109606	çĶµæµģ	电流
109607	ä¸Ŀæ¯«	丝毫
109608	èĥ½å¤Łåľ¨	能够在
109609	éĶĢåĶ®æĶ¶åħ¥	销售收入
109610	åľ¨åŃ¦æł¡	在学校
109611	æ°´åĩĨ	水准
109612	è§Ĩçº¿	视线
109613	èĩªåľ¨	自在
109614	åķĨä¸ļéĵ¶è¡Į	商业银行
109615	ä¸ºäºĨè®©	为了让
109616	çį²å¾Ĺ	獲得
109617	çİ©å®¶æľĭåıĭ	玩家朋友
109618	éĿ¢èĨľ	面膜
109619	åĪĨåī²	分割
109620	åī§æľ¬	剧本
109621	ç«Ń	竭
109622	è¯´å¾Ĺ	说得
109623	æĥ³çŁ¥éģĵ	想知道
109624	çļĦäººçī©	的人物
109625	èĮħåı°	茅台
109626	åĲĮä¸Ģä¸ª	同一个
109627	æķ°æį®ä¸Ńå¿ĥ	数据中心
109628	çĶĦ	甄
109629	åĸľæĤ¦	喜悦
109630	ä¸ĭæĿ¥çļĦ	下来的
109631	å®ļåĲĳ	定向
109632	æŀģåħ·	极具
109633	çļĦåľŁåľ°	的土地
109634	éĤ£åĢĭ	那個
109635	æĳĦåħ¥	摄入
109636	äºĨæĪĳçļĦ	了我的
109637	é©¬è·¯	马路
109638	åħ¨ç¤¾ä¼ļ	全社会
109639	è®®æ¡Ī	议案
109640	å±ĭåŃĲ	屋子
109641	åĲįåı«	名叫
109642	åĮª	匪
109643	åľ¨å¤ĸéĿ¢	在外面
109644	åįİåįĹ	华南
109645	åıĳè´§	发货
109646	å¯ĴåĨ·	寒冷
109647	é«ĺçŃīæķĻèĤ²	高等教育
109648	è¯¦ç»ĨçļĦ	详细的
109649	ä¸ªé¡¹çĽ®	个项目
109650	çĶŁäº§åĬĽ	生产力
109651	æĹ¶å¸¸	时常
109652	å°±æľĥ	就會
109653	ä¸ĩèĤ¡	万股
109654	éĻĮçĶŁäºº	陌生人
109655	æııç»ĺ	描绘
109656	å½ĵçĦ¶æĺ¯	当然是
109657	æĭīåĬ¨	拉动
109658	éĵ¾æĿ¡	链条
109659	æī£éĻ¤	扣除
109660	ä¸ĢçĽ´éĥ½	一直都
109661	å°ıåŃ©åŃĲ	小孩子
109662	ä¼¤åı£	伤口
109663	ç¬¬äºĮå±Ĭ	第二届
109664	è´Ńç½®	购置
109665	çļĩé©¬	皇马
109666	æĹłèģĬ	无聊
109667	è¡¨åĨ³	表决
109668	è¯¸å¦Ĥ	诸如
109669	åĵįèµ·	响起
109670	é£İæļ´	风暴
109671	ä¸ĢæµģçļĦ	一流的
109672	ç·¨	編
109673	è§£æĶ¾åĨĽ	解放军
109674	å®¤å¤ĸ	室外
109675	å°±è¿Ļä¹Ī	就这么
109676	å³¶	島
109677	æīĢæľīäººéĥ½	所有人都
109678	æĲľç´¢å¼ķæĵİ	搜索引擎
109679	çļĦæĪĲæľ¬	的成本
109680	åħļæĶ¿	党政
109681	åıĳè¡Įäºº	发行人
109682	çļĦäºĭå®ŀ	的事实
109683	å¯¹è¯¥	对该
109684	åıĹæįŁ	受损
109685	ä¿Ħä¹Į	俄乌
109686	é²ľèĬ±	鲜花
109687	åĨľèį¯	农药
109688	æŀģéĢŁ	极速
109689	æĢ¥æĢ§	急性
109690	ä¸¤ä¼ļ	两会
109691	ä¸ĢèĪ¬æĿ¥è¯´	一般来说
109692	æµ·é²ľ	海鲜
109693	åĨĪ	冈
109694	çĶ¨äºº	用人
109695	çĶ¨äººåįķä½į	用人单位
109696	åĢª	倪
109697	åĦªæĥł	優惠
109698	æł¹æºĲ	根源
109699	åĽ¢è´Ń	团购
109700	ç¾İæ´²	美洲
109701	ä¸ĭè¡Į	下行
109702	å¹´æľ«	年末
109703	èľ¡	蜡
109704	è¯ģä»¶	证件
109705	åľ¨æĪĳåĽ½	在我国
109706	ä¸įåºĶ	不应
109707	æĮīæĹ¶	按时
109708	åłªç§°	堪称
109709	åľºä¸Ĭ	场上
109710	å¹²éĥ¨èģĮå·¥	干部职工
109711	æľīå¾Īå¤§çļĦ	有很大的
109712	æķ°åŃĹç»ıæµİ	数字经济
109713	æ¼Ķç»ĥ	演练
109714	æį®ç»Łè®¡	据统计
109715	å¾ĢæĿ¥	往来
109716	å¹¿åĳĬæľįåĬ¡	广告服务
109717	çļĦè·Ŀç¦»	的距离
109718	æŃ¸	歸
109719	è¨Ģè¯Ń	言语
109720	è¢«èªī	被誉
109721	è¢«èªīä¸º	被誉为
109722	åĭīå¼º	勉强
109723	å°Ĭæķ¬	尊敬
109724	ä¸ĩäº¿åħĥ	万亿元
109725	ä¸ŃåĽ½åĽ½éĻħ	中国国际
109726	å¹²é¢Ħ	干预
109727	å¹´äº§	年产
109728	èĢķåľ°	耕地
109729	èĮİ	茎
109730	åį³æĺ¯	即是
109731	æĺ¨æĻļ	昨晚
109732	æĪĲä¸ºä¸Ģä¸ª	成为一个
109733	çºłæŃ£	纠正
109734	åĳ½åĲį	命名
109735	é¢ģå¸ĥ	颁布
109736	çĮľæµĭ	猜测
109737	ä¿ĿèŃ·æĶ¿çŃĸ	保護政策
109738	æĭ¢	拢
109739	æ´»æ³¼	活泼
109740	çŃīéĥ¨éĹ¨	等部门
109741	åŃ¦åĪ°	学到
109742	å¢ŀåĢ¼ç¨İ	增值税
109743	èĪªçº¿	航线
109744	åĨ¤	冤
109745	åįģåĩłå¹´	十几年
109746	æİ§èĤ¡èĤ¡ä¸ľ	控股股东
109747	ä¸ĢéĹ¨	一门
109748	ä¸ªå·¥ä½ľ	个工作
109749	ä¸ªå·¥ä½ľæĹ¥	个工作日
109750	æĸ°è¥¿	新西
109751	æĸ°è¥¿åħ°	新西兰
109752	è®ºè¯ģ	论证
109753	ä»Ĩ	仆
109754	åı¦å¤ĸä¸Ģä¸ª	另外一个
109755	æĶ¹ç¼ĸ	改编
109756	ä¸¥ç¦ģ	严禁
109757	åĸľå¥½	喜好
109758	ä¸ªäººä¿¡æģ¯	个人信息
109759	æ»¡æĦıåº¦	满意度
109760	åĵ¨	哨
109761	å¸ĪèµĦ	师资
109762	æĶ¹ä¸º	改为
109763	ç«ŀäºīå¯¹æīĭ	竞争对手
109764	åĩºçĤī	出炉
109765	åķĨäºº	商人
109766	å¤§æ£ļ	大棚
109767	æĮĩå¯¼ä¸ĭ	指导下
109768	å¦ĩç§ĳ	妇科
109769	è¼ª	輪
109770	æīģ	扁
109771	åĲĮæĹ¶è¿ĺ	同时还
109772	å¹¶éĢļè¿ĩ	并通过
109773	æĪĺéĺŁ	战队
109774	èĶĵå»¶	蔓延
109775	ä¿ŀ	俞
109776	éĢĤå½ĵçļĦ	适当的
109777	åīįè¾Ī	前辈
109778	åĵģåĳ³	品味
109779	æ¹¿åľ°	湿地
109780	æĪĲåŀĭ	成型
109781	ä¸įåıªæĺ¯	不只是
109782	æĥ©ç½ļ	惩罚
109783	åĩºåı°äºĨ	出台了
109784	çİ©æ¸¸æĪı	玩游戏
109785	æīįåıĳçİ°	才发现
109786	åºĶèģĺ	应聘
109787	å¤ĸæĿ¥	外来
109788	åįłé¢Ĩ	占领
109789	å±ķæľĽ	展望
109790	å«Ĥ	嫂
109791	æ¸¯èĤ¡	港股
109792	æ¡Įä¸Ĭ	桌上
109793	æĶ¯æŁ±	支柱
109794	çļĦæĥħå½¢	的情形
109795	å¹¿éĺĶçļĦ	广阔的
109796	æĶ¯è¡Į	支行
109797	å´©æºĥ	崩溃
109798	æľĪä¸Ń	月中
109799	æľĪä¸ŃæĹ¬	月中旬
109800	ç»įåħ´	绍兴
109801	ä¸´è¿ĳ	临近
109802	æĬ¤æłı	护栏
109803	æļ®	暮
109804	åįķèģĮä¸ļ	单职业
109805	è¾¹å¢ĥ	边境
109806	æĹ¥çħ§	日照
109807	ä¸ĢåłĨ	一堆
109808	çĽ´å¾Ħ	直径
109809	åħ±åĲĮä½ĵ	共同体
109810	æĸ°åįİç½ĳ	新华网
109811	æīĵå¥½	打好
109812	çĶµåĬ¨æ±½è½¦	电动汽车
109813	ä¸įæĺİçĻ½	不明白
109814	éĢĻè£¡	這裡
109815	çĽĽå¤§	盛大
109816	çİĭæľĿ	王朝
109817	åĨįä¸Ģæ¬¡	再一次
109818	åĬŀåħ¬åİħ	办公厅
109819	è´¨æĬ¼	质押
109820	åĲĪåĩ»	合击
109821	äººä»¬å¯¹	人们对
109822	éĽ¶é£Ł	零食
109823	éĥ½ä¸įçŁ¥éģĵ	都不知道
109824	çļĦè¯Ńè¨Ģ	的语言
109825	åĭŁéĽĨèµĦéĩĳ	募集资金
109826	åĬ¨èĦī	动脉
109827	å½¤	彤
109828	è¿Ļåĩłå¹´	这几年
109829	çŁŃè§Ĩé¢ĳ	短视频
109830	å¤ªé«ĺ	太高
109831	å¸¸å§Ķä¼ļ	常委会
109832	åĬłçıŃ	加班
109833	éĩįå¿ĥ	重心
109834	åªĴä½ĵæĬ¥éģĵ	媒体报道
109835	æ²¡æ³ķ	没法
109836	éĹ»åĲį	闻名
109837	çĥŃåº¦	热度
109838	å¹¿æ³ĽçļĦ	广泛的
109839	åħŃå¤§	六大
109840	çī©ä½ĵ	物体
109841	ä¸įè¯¥	不该
109842	é¢ĺä¸»	题主
109843	ç²¾å½©çļĦ	精彩的
109844	ä¸ºè¿Ľä¸ĢæŃ¥	为进一步
109845	èĻŀ	虞
109846	åĽºçĦ¶	固然
109847	è´µå·ŀçľģ	贵州省
109848	çºłç»ĵ	纠结
109849	ä»£çĲĨäºº	代理人
109850	æ³ķå®ļä»£è¡¨	法定代表
109851	åı¦ä¸Ģç§į	另一种
109852	ä¸įåĲ«	不含
109853	æĭ¯æķĳ	拯救
109854	ä¼ļç»Ļ	会给
109855	è¯Ĺè¯į	诗词
109856	åĲĮç±»	同类
109857	å¾Ĺä¸įåĪ°	得不到
109858	æĬĵç´§	抓紧
109859	ä»¥åħ¶	以其
109860	åħ¥åħļ	入党
109861	è¿ĺåı¯	还可
109862	æľŁåĪĬ	期刊
109863	å¾Īå¤ļæĹ¶åĢĻ	很多时候
109864	æĹ¥åĲİ	日后
109865	åħ¬çº¦	公约
109866	ä¸Ģä¸¾	一举
109867	æ¯Ķè¾ĥå¤ļ	比较多
109868	éĩĳæ²Ļ	金沙
109869	æįŀ	捞
109870	æİĴåĩº	排出
109871	æŃ¦æľ¯	武术
109872	ä¸įæĸ·	不斷
109873	ä¸ŃèĢĥ	中考
109874	ä¿¡èµĸ	信赖
109875	ä»İä¸ļäººåĳĺ	从业人员
109876	çģ«çĦ°	火焰
109877	éĨĴæĿ¥	醒来
109878	ä½İæ¸©	低温
109879	éĢ¾æľŁ	逾期
109880	åĬ±å¿Ĺ	励志
109881	éħ¥	酥
109882	åı¯è°ĵæĺ¯	可谓是
109883	è¿ĻæĦıåĳ³çĿĢ	这意味着
109884	é¢łè¦Ĩ	颠覆
109885	åĮĹäº¬å¤§åŃ¦	北京大学
109886	ä¸ĵçº¿	专线
109887	åıĬä»¥ä¸Ĭ	及以上
109888	è¨ª	訪
109889	èĢĮåĲİ	而后
109890	çŁ¥ä¹İ	知乎
109891	ä¸Ģå¯¹ä¸Ģ	一对一
109892	å¨ĥå¨ĥ	娃娃
109893	çģ¾éļ¾	灾难
109894	åħ¨å±Ģ	全局
109895	æīĢå¾Ĺç¨İ	所得税
109896	å®ŀæĥł	实惠
109897	èļĤèļģ	蚂蚁
109898	ä¹ŁçŁ¥éģĵ	也知道
109899	æ¸©åĴĮ	温和
109900	èĲ½ä¸ĭ	落下
109901	åŀĭä¼ģä¸ļ	型企业
109902	åĨįä¹Ł	再也
109903	ä¾ĽçĥŃ	供热
109904	é«ĺæ½®	高潮
109905	çĢıè¦½åĻ¨	瀏覽器
109906	çļĦå·¨å¤§	的巨大
109907	åħĪå¤©	先天
109908	å¹´ä¸ŃåĽ½	年中国
109909	ç±»ä¼¼çļĦ	类似的
109910	çĲĨäºĭä¼ļ	理事会
109911	ç©ºéĸĵ	空間
109912	çģµæĦŁ	灵感
109913	åĬĽæ°Ķ	力气
109914	å¸¦ä¸Ĭ	带上
109915	ä¸įå¥½æĦıæĢĿ	不好意思
109916	æľīä½ķ	有何
109917	å·²åľ¨	已在
109918	åıĸåĩº	取出
109919	è¿Ŀæ³ķçĬ¯ç½ª	违法犯罪
109920	åŃ¦ä¹łè´¯å½»	学习贯彻
109921	åľ°å¸¦	地带
109922	æ¥¼æ¢¯	楼梯
109923	çŃīæĥħåĨµ	等情况
109924	ä»İåīį	从前
109925	çļĦä¹łæĥ¯	的习惯
109926	ç³Łç³ķ	糟糕
109927	å°±èĥ½å¤Ł	就能够
109928	è©ķ	評
109929	ä¸Ģå¾ĭ	一律
109930	æĮ«æĬĺ	挫折
109931	åİŁæĸĩåľ°åĿĢ	原文地址
109932	å½ĵå±Ģ	当局
109933	ä¸įéĢļ	不通
109934	æķ°åįĥ	数千
109935	éĺŁä¼įå»ºè®¾	队伍建设
109936	æĹ¶èĬĤ	时节
109937	åģļèµ·	做起
109938	çļĦè®°å¿Ĩ	的记忆
109939	ç½ĳç»ľå®īåħ¨	网络安全
109940	åĩ¡æĺ¯	凡是
109941	æ°¯	氯
109942	éĽķåĪ»	雕刻
109943	åŁĥåıĬ	埃及
109944	æĪĳåı¯ä»¥	我可以
109945	çĽĳçĲĨ	监理
109946	æĽ´åħ·	更具
109947	åŁİç®¡	城管
109948	èĭ¯	苯
109949	åı¥åŃĲ	句子
109950	èĭ¥æľī	若有
109951	ä»İæĿ¥ä¸į	从来不
109952	çĽ¸åħ³è´Łè´£	相关负责
109953	å®īåħ¨æĦŁ	安全感
109954	æĽ´è¦ģ	更要
109955	çļĦæĥħæĦŁ	的情感
109956	çī¢çī¢	牢牢
109957	è¾ĥå¥½çļĦ	较好的
109958	æ°®	氮
109959	ç¬ĳè¯Ŀ	笑话
109960	è½¦å±ķ	车展
109961	ä¹ĭç¾İ	之美
109962	ç®Ģçº¦	简约
109963	ç±»åŀĭçļĦ	类型的
109964	èĢģåĮĸ	老化
109965	çľĭä½ł	看你
109966	è¿ĩåĪĨ	过分
109967	éĹ¨åīį	门前
109968	ä¸ĢéĹ´	一间
109969	æĥ³åİ»	想去
109970	åªĽ	媛
109971	åľŁè±Ĩ	土豆
109972	åıĪç§°	又称
109973	ä¸Ńä¿¡	中信
109974	åŃĺéĩı	存量
109975	é©¬äºĳ	马云
109976	èĩ´ä½¿	致使
109977	åħĪåīį	先前
109978	èĢģåŃĲ	老子
109979	æīĵæī®	打扮
109980	æ¯ķä¸ļäºİ	毕业于
109981	æ¯ķä¸ļåĲİ	毕业后
109982	ç¾İå¥½çĶŁæ´»	美好生活
109983	å·¥ä¸ļä¼ģä¸ļ	工业企业
109984	å°±å¥½äºĨ	就好了
109985	èħĲèļĢ	腐蚀
109986	çıįçıł	珍珠
109987	åĪ°è¿ĻéĩĮ	到这里
109988	æīĢéľĢçļĦ	所需的
109989	è¿Ļæĺ¯åĽłä¸º	这是因为
109990	çĲĨæĥ³çļĦ	理想的
109991	å·®å¼ĤåĮĸ	差异化
109993	é®®	鮮
109994	äºļå¤ª	亚太
109995	æĹłç©·	无穷
109996	æıĲçİ°	提现
109997	ä¸ĵä¸ļæĬĢæľ¯	专业技术
109998	çĶ¢æ¥Ń	產業
109999	åŃ¦åŃĲ	学子
110000	ç§ĳå¹»	科幻
110001	åįłåľ°éĿ¢ç§¯	占地面积
110002	ä¸įåĩĨ	不准
110003	æľªæĪĲå¹´äºº	未成年人
110004	æĶ¶å½ķ	收录
110005	è¿ĺæ¬¾	还款
110006	éĴ¢çŃĭ	钢筋
110007	æ¼¢	漢
110008	å¾ĹæĦı	得意
110009	ç»¼åĲĪä½ĵ	综合体
110010	æŀģé«ĺ	极高
110011	åįķè¯į	单词
110012	é«ĺæķĪçļĦ	高效的
110013	éª¨å¤´	骨头
110014	æī§çĿĢ	执着
110015	çĽĽä¸ĸ	盛世
110016	æ¨¡çī¹	模特
110017	æĽ´èĥ½	更能
110018	ç»ĿæľĽ	绝望
110019	å¯¹åºĶçļĦ	对应的
110020	æ¨Ĭ	樊
110021	æĸ°ä¸ī	新三
110022	æĸ°ä¸īæĿ¿	新三板
110023	æģ°æģ°	恰恰
110024	åĲįå®¶	名家
110025	æł¸å¿ĥæĬĢæľ¯	核心技术
110026	ä¸ªå°ı	个小
110027	æĢİä¹Īä¼ļ	怎么会
110028	è¯´ä¸įå®ļ	说不定
110029	è¥¿çĵľ	西瓜
110030	åĵİ	哎
110031	ç¢Ł	碟
110032	å¿ħä¸įåı¯	必不可
110033	å¿ħä¸įåı¯å°ĳ	必不可少
110034	ä¹ĭéĸĵ	之間
110035	åĪĨç®¡	分管
110036	äº¤éĢļäºĭæķħ	交通事故
110037	å¼ĢåĬŀ	开办
110038	å¾ģæ±ĤæĦıè§ģ	征求意见
110039	äº¨	亨
110040	éĽ»åŃĲéĥµ	電子郵
110041	éĽ»åŃĲéĥµä»¶	電子郵件
110042	ä¿¡æģ¯æľįåĬ¡	信息服务
110043	ä½łè§īå¾Ĺ	你觉得
110044	çĽ´è§Ĥ	直观
110045	å·²å®ĮæĪĲ	已完成
110046	åĪĨä¼ļ	分会
110047	åĽŀåįĩ	回升
110048	éļ»	隻
110049	å¥½äºº	好人
110050	äºĨè§£ä¸Ģä¸ĭ	了解一下
110051	åį«æµ´	卫浴
110052	æľĢçĪ±	最爱
110053	åºŀå¤§	庞大
110054	å®¢æĪ¿	客房
110055	çĳŀåħ¸	瑞典
110056	éĥ½ä¸įæĺ¯	都不是
110057	é¤¨	館
110058	èĹī	藉
110059	çļĦåĲĦé¡¹	的各项
110060	ä¸ºçĽ®æłĩ	为目标
110061	çļĦè®¤çŁ¥	的认知
110062	å½±åĵįåĬĽçļĦ	影响力的
110063	å¤¸å¼ł	夸张
110064	ä½©æĪ´	佩戴
110065	æ±ĩçİĩ	汇率
110066	çļĦçĪ±æĥħ	的爱情
110067	æĺ¥é£İ	春风
110068	æĺ¯æĪĳçļĦ	是我的
110069	æ¨¹	樹
110070	åįĬå°ıæĹ¶	半小时
110071	å±±åİ¿	山县
110072	å±±è¥¿çľģ	山西省
110073	èĢĮè¿Ļ	而这
110074	æĽ´å¤ļä¿¡æģ¯	更多信息
110075	è¿ĺæľīä¸ĢäºĽ	还有一些
110076	ç²¾ç»ĨåĮĸ	精细化
110077	ç¾İåŃ¦	美学
110078	çĶ±æĸ¼	由於
110079	ä»ħä¾ĽåıĤèĢĥ	仅供参考
110080	å¾Īé«ĺçļĦ	很高的
110081	åıłåĬł	叠加
110082	è¿Ļä¹Īè¯´	这么说
110083	å±ķåĩº	展出
110084	åĽĽå¤Ħ	四处
110085	ä¸ĩå®¶	万家
110086	æĭĽåĭŁ	招募
110087	çļĦå¼ºå¤§	的强大
110088	æĤ£æľī	患有
110089	å°ıäºİ	小于
110090	ä¹Łè®¸æĺ¯	也许是
110091	å¯¹èĩªå·±çļĦ	对自己的
110092	èģĮä¸ļæķĻèĤ²	职业教育
110093	æĿ¥è¿Ľè¡Į	来进行
110094	æ¡£æ¬¡	档次
110095	æīĵèµ¢	打赢
110096	éĥ½æľīçĿĢ	都有着
110097	åº¸	庸
110098	è¯Ńæ°Ķ	语气
110099	çĶ²éĨĽ	甲醛
110100	ç©ºåĨĽ	空军
110101	è½¦åĨħ	车内
110102	åĽłä¸ºä½ł	因为你
110103	å®ŀæķĪ	实效
110104	æĥħä¾£	情侣
110105	åıĳè¾¾åĽ½å®¶	发达国家
110106	éķľåŃĲ	镜子
110107	æ¯įå©´	母婴
110108	ä½Ĩæĺ¯ä»ĸ	但是他
110109	ç§¯æŀģæİ¨è¿Ľ	积极推进
110110	å¤§å¹ħåº¦	大幅度
110111	çļĦå¥³åĦ¿	的女儿
110112	é¤Ĳæ¡Į	餐桌
110113	åĲ¬å¾Ĺ	听得
110114	çļĦç§¯æŀģæĢ§	的积极性
110115	å¥½åĲ§	好吧
110116	æĹ¥æ¶Īæģ¯	日消息
110117	æľīä»»ä½ķ	有任何
110118	æ¯Ĵåĵģ	毒品
110119	æĹ©çĤ¹åĬłçĽŁ	早点加盟
110120	ç¬¬ä¸Ģå¤©	第一天
110121	å°½åĬĽ	尽力
110122	æłĸ	栖
110123	ä¸»æīĵ	主打
110124	æĺ¯ä¸ĢåĲį	是一名
110125	çĪĨæĸĻ	爆料
110126	äºĭä¸ļåıĳå±ķ	事业发展
110127	å¾®åķĨ	微商
110128	äºİä¸Ģä½ĵçļĦ	于一体的
110129	çĶŁçĮª	生猪
110130	èĩªçĦ¶èµĦæºĲ	自然资源
110131	çŀĦåĩĨ	瞄准
110132	è§Ħæ¨¡åĮĸ	规模化
110133	å¹¶ä¸İ	并与
110134	èĤ¥èĥĸ	肥胖
110135	å®¶çĶ¨	家用
110136	å¤§çĪ·	大爷
110137	é¢ĦåĳĬ	预告
110138	æĿ¥åģļ	来做
110139	éĺ³åİ¿	阳县
110140	æŀĦçŃĳ	构筑
110141	é¢ģå¥ĸ	颁奖
110142	åİĨåı²æĸĩåĮĸ	历史文化
110143	æľįåĭĻæĪĸ	服務或
110144	æĢ»åĨ³èµĽ	总决赛
110145	åıĳåŀĭ	发型
110146	æĪĳçľŁçļĦ	我真的
110147	æĽ¦	曦
110148	åıĤä¼ļ	参会
110149	èĦĨå¼±	脆弱
110150	åĩĨåħ¥	准入
110151	èħ¹éĥ¨	腹部
110152	åı¸ä»¤	司令
110153	æĤ²åī§	悲剧
110154	å¤©ä¸Ĭ	天上
110155	åı£ä¸Ń	口中
110156	ä¸ĩä¸ª	万个
110157	åŃ¦ä¸ļ	学业
110158	æıĲåĢ¡	提倡
110159	ä¸¤è¾¹	两边
110160	å¤§èĤ¡ä¸ľ	大股东
110161	åı¤éķĩ	古镇
110162	è¡Ģç³ĸ	血糖
110163	çļĦç¨ĭåº¦	的程度
110164	æ£īèĬ±	棉花
110165	åĲİåı°	后台
110166	å°±åĮ»	就医
110167	æķ´æķ´	整整
110168	èĴ²	蒲
110169	çĽĪåĪ©èĥ½åĬĽ	盈利能力
110170	ç±½	籽
110171	èĦ«	脫
110172	çľĭéĩį	看重
110173	å®¶éķ·	家長
110174	èģĺçĶ¨	聘用
110175	èµĽéģĵ	赛道
110176	åīįèĢħ	前者
110177	å»ºèŃ°	建議
110178	å¾ĭå¸ĪäºĭåĬ¡	律师事务
110179	èīºæľ¯åĵģ	艺术品
110180	æľīèĩªå·±çļĦ	有自己的
110181	åĲ¦å®ļ	否定
110182	ç¤¾åĽ¢	社团
110183	åĳ¨äºĶ	周五
110184	å¸¦åĪ°	带到
110185	å·¥ä½ľä¼ļè®®	工作会议
110186	èĤ¡æľ¬	股本
110187	å¤ĸåĮħ	外包
110188	å®¶åħ¬åı¸	家公司
110189	çĽĳçĭ±	监狱
110190	èĪĬ	舊
110191	åĲįæł¡	名校
110192	è¥¿æ¹ĸ	西湖
110193	è¶ħè¿ĩäºĨ	超过了
110194	åįĹå±±	南山
110195	ç»Ħä»¶	组件
110196	åĢ¼å¾Ĺæ³¨æĦı	值得注意
110197	æĮ£æīİ	挣扎
110198	äºĭè¿¹	事迹
110199	ç¶ĵçĩŁ	經營
110200	ç§ĳå®¤	科室
110201	å¥½åĲĹ	好吗
110202	æ¤ħåŃĲ	椅子
110203	åľĪåŃĲ	圈子
110204	ä½Ĩå¥¹	但她
110205	æµģçķħ	流畅
110206	åĲĦèĩªçļĦ	各自的
110207	èģĮåĳĺ	职员
110208	è¡įçĶŁ	衍生
110209	åħ¨åľº	全场
110210	æĴ¤éĶĢ	撤销
110211	åį´è¢«	却被
110212	å®ģéĿĻ	宁静
110213	åīįæīĢ	前所
110214	åīįæīĢæľª	前所未
110215	åīįæīĢæľªæľī	前所未有
110216	ä¸»ä¸ļ	主业
110217	åĮĹç¾İ	北美
110218	è¯Ħå®ļ	评定
110219	åĵģå°Ŀ	品尝
110220	å¤§å®¶éĥ½åľ¨	大家都在
110221	ä¸»å¸ħ	主帅
110222	ç»Ĩå¿ĥ	细心
110223	ä¿¡æģ¯æĬ«éľ²	信息披露
110224	çļĦç«ŀäºī	的竞争
110225	éĢĻæ¨£çļĦ	這樣的
110226	ç§ĳåĪĽæĿ¿	科创板
110227	éĩĩæĳĺ	采摘
110228	ç¥¨æį®	票据
110229	éĢĲå¹´	逐年
110230	èĭ±è¶ħ	英超
110231	è¡Įä¸ļåĨħ	行业内
110232	äººå¯¿	人寿
110233	åĲİåĭ¤	后勤
110234	å¦ĤæĦı	如意
110235	ç¬Ķè¯ķ	笔试
110236	æ·¡æ·¡çļĦ	淡淡的
110237	ä¸įèĪĴæľį	不舒服
110238	ä½ĵç§¯	体积
110239	ä¹Łä¸įè¦ģ	也不要
110240	éĿ¢æĸĻ	面料
110241	æł·æľ¬	样本
110242	ç¥ģ	祁
110243	æĮīè§Ħå®ļ	按规定
110244	å¤§æ¦Ĥæĺ¯	大概是
110245	æĥħåĨµè¿Ľè¡Į	情况进行
110246	åĲĦåįķä½į	各单位
110247	çļĦç¬ĳå®¹	的笑容
110248	åĩºèī²çļĦ	出色的
110249	ä»£è¡¨æĢ§	代表性
110250	çļĦç¾İå¥½	的美好
110251	éĴ¦	钦
110252	å¾®çĶŁçī©	微生物
110253	è¶Ĭæĺ¯	越是
110254	æĸ¹åı¯	方可
110255	å¹²èĦĨ	干脆
110256	éģĬæĪ²	遊戲
110257	çļĦåħ´è¶£	的兴趣
110258	éĹ®è´£	问责
110259	åĽłä¸ºæĪĳä»¬	因为我们
110260	èĢĥéĩı	考量
110261	çĶŁçĶŁ	生生
110262	éĺ»åĬĽ	阻力
110263	ä¸įåħģè®¸	不允许
110264	æıĲè®®	提议
110265	åĩıæĮģ	减持
110266	åıªæĺ¯ä¸Ģä¸ª	只是一个
110267	æĪĳæĬĬ	我把
110268	åıĳçİ°èĩªå·±	发现自己
110269	å¢ŀå¹ħ	增幅
110270	å¦į	妍
110271	èĹĿè¡ĵ	藝術
110272	ä¸Ģå®¶äºº	一家人
110273	åĪĨçº§	分级
110274	çļĦæķ°éĩı	的数量
110275	è½®èŀįèµĦ	轮融资
110276	çŃīåĽłç´ł	等因素
110277	å¤§å¤«	大夫
110278	èģĺè¯·	聘请
110279	é£İæľº	风机
110280	ç»½æĶ¾	绽放
110281	ä»»ä½ķä¸Ģä¸ª	任何一个
110282	éłĤ	頂
110283	éĺ¶çº§	阶级
110284	æĬĬå¥¹	把她
110285	è¿ĽåĨĽ	进军
110286	èĥ½åģļåĪ°	能做到
110287	åŁ¹è®ŃæľºæŀĦ	培训机构
110288	çī©æĸĻ	物料
110289	ç«¥è¯Ŀ	童话
110290	æĮĩå¯¼æĦıè§ģ	指导意见
110291	éĺ®	阮
110292	æ·±åħ¥æİ¨è¿Ľ	深入推进
110293	ä¸»æľº	主机
110294	æ¸Ķä¸ļ	渔业
110295	ä¸įæľį	不服
110296	æµĵéĥģ	浓郁
110297	è¡Ĺä¸Ĭ	街上
110298	ä¾Ŀæ¬¡	依次
110299	æĹ¶æ®µ	时段
110300	æ¢µ	梵
110301	çļĦåĸľçĪ±	的喜爱
110302	å¾Īéķ¿	很长
110303	åĪĿçº§	初级
110304	æŀľæĸŃ	果断
110305	æĬ¢æķĳ	抢救
110306	é¼ĵèĪŀ	鼓舞
110307	ä¾ĽéľĢ	供需
110308	æ·±åħ¥å¼Ģå±ķ	深入开展
110309	äº§ä¸ļéĽĨç¾¤	产业集群
110310	åĻªéŁ³	噪音
110311	åĲ¬çĿĢ	听着
110312	æ·±åĪ»çļĦ	深刻的
110313	å¿įåıĹ	忍受
110314	çĶµç£ģ	电磁
110315	å¼ºèĢħ	强者
110316	æ»ĭåĳ³	滋味
110317	æĽ¼èģĶ	曼联
110318	åı¯ä»¥çĽ´æİ¥	可以直接
110319	å¤§ç±³	大米
110320	æŃ·åı²	歷史
110321	æĶ¿åĬ¡æľįåĬ¡	政务服务
110322	åħ¬å¼ı	公式
110323	ç¤¾ç¾¤	社群
110324	éģĵå£«èģĮä¸ļ	道士职业
110325	ä¹ĭæĥħ	之情
110326	æµ·æ°´	海水
110327	æ¼Ķå¥ı	演奏
110328	åºĹéĩĮ	店里
110329	è¿¹è±¡	迹象
110330	åıĳå±ķçĲĨå¿µ	发展理念
110331	é«ĺç©º	高空
110332	åĳ¨åĪĬ	周刊
110333	åĽŀåĪ°äºĨ	回到了
110334	ä¸įéĢĤåĲĪ	不适合
110335	åłµå¡ŀ	堵塞
110336	åĬĪ	劈
110337	æ°´ä¸Ĭ	水上
110338	çĢĳå¸ĥ	瀑布
110339	çº³ç¨İäºº	纳税人
110340	çĩĥæ²¹	燃油
110341	å·¥ç¨ĭé¡¹çĽ®	工程项目
110342	å³¡è°·	峡谷
110343	æľīéĴĪå¯¹æĢ§	有针对性
110344	åľĨå½¢	圆形
110345	æľ¬å¸Ĥ	本市
110346	è¿Ļè¯Ŀ	这话
110347	ç®¡çĲĨèĢħ	管理者
110348	ç¡®è¯ĬçĹħä¾ĭ	确诊病例
110349	æĬĬæīĭ	把手
110350	å½©èī²	彩色
110351	ä¸Ĭåīį	上前
110352	å¤¯å®ŀ	夯实
110353	ç¾ĬèĤī	羊肉
110354	å¾Ģå¹´	往年
110355	æĵħèĩª	擅自
110356	è¿·äºº	迷人
110357	èĪªæ¯į	航母
110358	ç²¾ç»Ĩ	精细
110359	åľ¨æĪĳçļĦ	在我的
110360	åĪĽæĬķ	创投
110361	éº¦åħĭ	麦克
110362	æľĪç»ı	月经
110363	åĮĹæµ·	北海
110364	ä¹ĭæĺŁ	之星
110365	åı¶åŃĲ	叶子
110366	å¸Ĥåľºç«ŀäºī	市场竞争
110367	è¿Ļäºĭ	这事
110368	åıĥèĪĩ	參與
110369	äº§åľ°	产地
110370	åĶī	唉
110371	åķĨåĵģæĪ¿	商品房
110372	èĪªè¿Ĳ	航运
110373	ä¼ĺå¼Ĥ	优异
110374	ä»ĸä»¬æĺ¯	他们是
110375	éĽ¨æ°´	雨水
110376	è¯įæ±ĩ	词汇
110377	åĨľçĶ°	农田
110378	æ¬§éĺ³	欧阳
110379	çŁŃçº¿	短线
110380	ç®¡ç½ĳ	管网
110381	æł¹åŁº	根基
110382	åıªæľīä¸Ģä¸ª	只有一个
110383	éŀĭåŃĲ	鞋子
110384	å¸Ĥå§Ķä¹¦è®°	市委书记
110385	åĪ»æĦı	刻意
110386	è¡Įè½¦	行车
110387	åıĪè¢«	又被
110388	åı¯éĿłæĢ§	可靠性
110389	è´±	贱
110390	ä»»åĳ½	任命
110391	åºĶåľ¨	应在
110392	å°±å¾Ĺ	就得
110393	æľįåĬ¡ä½ĵç³»	服务体系
110394	æĶ¿æĿĥ	政权
110395	åıĳè¨Ģäºº	发言人
110396	è¿ĩå¾Ģ	过往
110397	ä¸¤åıª	两只
110398	èĻ½è¯´	虽说
110399	éĢģä¸Ĭ	送上
110400	ä»Ģä¹Īäºĭ	什么事
110401	æķ£æĸĩ	散文
110402	æİĮæİ§	掌控
110403	èĸĦå¼±	薄弱
110404	ä¸ĭéĿ¢å°±	下面就
110405	ä¸»è¦ģåĨħå®¹	主要内容
110406	å¾Īéĩįè¦ģçļĦ	很重要的
110407	å°±è¯´	就说
110408	çĻ½èī²çļĦ	白色的
110409	éĤ£ä¸ªæĹ¶åĢĻ	那个时候
110410	ç»ıçºªäºº	经纪人
110411	çļĦæ¯įäº²	的母亲
110412	ç¬Ķè®°æľ¬	笔记本
110413	åºķå±Ĥ	底层
110414	è¿ĳä»£	近代
110415	è§£è¯´	解说
110416	è²łè²¬	負責
110417	æľĢå¤§åĮĸ	最大化
110418	åķĨéĵº	商铺
110419	æł¡åıĭ	校友
110420	æ²ģ	沁
110421	ä¸įåĩºæĿ¥	不出来
110422	éĻ·éĺ±	陷阱
110423	ç¨ħ	稅
110424	åħ¬å¸ĥäºĨ	公布了
110425	åĩĢåĢ¼	净值
110426	çĽ¸å¯¹è¾ĥ	相对较
110427	ç¬Ľ	笛
110428	æł¸ç®Ĺ	核算
110429	åįİä¾¨	华侨
110430	æĢ¥æķĳ	急救
110431	æĮºå¥½	挺好
110432	åħĴç«¥	兒童
110433	äºĮèĥİ	二胎
110434	åĩºèĩª	出自
110435	åĿŁ	坟
110436	æīĭä¸ĭ	手下
110437	å±¡	屡
110438	åĪĽéĢłæĢ§	创造性
110439	ä¸¥æł¼æĮīçħ§	严格按照
110440	åĨįåİ»	再去
110441	ä¸ľçĽŁ	东盟
110442	äººæµģ	人流
110443	äºĨä¸Ģå£°	了一声
110444	å°ıæĹ¶åīį	小时前
110445	è´µæĹı	贵族
110446	éľĸ	霖
110447	ä¹Łæĺ¯éĿŀå¸¸	也是非常
110448	éĢ±	週
110449	çľĭäºĨçľĭ	看了看
110450	ç¹ģæ®ĸ	繁殖
110451	èĩ³æŃ¤	至此
110452	é¢Ħå¤ĩ	预备
110453	å¾Īæĺİæĺ¾	很明显
110454	æ¼Ķèīº	演艺
110455	åĿĲçĿĢ	坐着
110456	ä¿ĦåĨĽ	俄军
110457	åľ¨è¿ĩåİ»	在过去
110458	ä¹ĭäºĭ	之事
110459	æĬĵèİ·	抓获
110460	åĿĲä¸ĭ	坐下
110461	çĶ±ä¸ŃåĽ½	由中国
110462	ä¹Łå¼Ģå§ĭ	也开始
110463	çŃĶå¤į	答复
110464	åŀĥåľ¾åĪĨç±»	垃圾分类
110465	éĴĵé±¼	钓鱼
110466	åĲĦç¨®	各種
110467	çĽ¸éģĩ	相遇
110468	ä¸įåģľçļĦ	不停的
110469	æī¹éĩı	批量
110470	éĩįè¦ģä½ľçĶ¨	重要作用
110471	å§Ķå±Ī	委屈
110472	åħŃå¹´	六年
110473	ä¸ĥåįģ	七十
110474	ä¹ĭæĪĺ	之战
110475	é£İéĻ©ç®¡çĲĨ	风险管理
110476	éŁ³æ¨Ĥ	音樂
110477	è¡ĮæĶ¿å¤Ħç½ļ	行政处罚
110478	æľ¬äºĭ	本事
110479	æĴ°åĨĻ	撰写
110480	èģļåĲĪ	聚合
110481	éĢĤæĹ¶	适时
110482	æĲ¬å®¶	搬家
110483	ç¢İçīĩ	碎片
110484	çĽĽå®´	盛宴
110485	ç®Ģæ´ģ	简洁
110486	åı¬éĽĨ	召集
110487	ç®ĢåĮĸ	简化
110488	åĮĹäº¬æĹ¶éĹ´	北京时间
110489	ç¬¬ä¸īå±Ĭ	第三届
110490	æĿ¥åĽŀ	来回
110491	å¸¸çĶ¨çļĦ	常用的
110492	äº¬æ´¥	京津
110493	äº¬æ´¥åĨĢ	京津冀
110494	æ¢¦å¹»	梦幻
110495	è¯ķè¡Į	试行
110496	æľºåºĬ	机床
110497	åĪ°æľĢåĲİ	到最后
110498	åĬ©æīĭ	助手
110499	åĪĨå½©	分彩
110500	åĩºåĵģ	出品
110501	åĪ¹è½¦	刹车
110502	åĲ¯åıĳ	启发
110503	ä¾§éĿ¢	侧面
110504	æ¯ıå½ĵ	每当
110505	çĽ¸åħ³è§Ħå®ļ	相关规定
110506	ä¸ĸäºº	世人
110507	è´Ńè½¦	购车
110508	å¿ĥçĽ®	心目
110509	å¿ĥçĽ®ä¸Ń	心目中
110510	äºĶéĩĳ	五金
110511	è¿ĺè®°å¾Ĺ	还记得
110512	ä¾ĿçĦ¶æĺ¯	依然是
110513	æıĲæ¡Ī	提案
110514	çĶµåķĨå¹³åı°	电商平台
110515	åģļåĪ°äºĨ	做到了
110516	æĿľç»Ŀ	杜绝
110517	å®īåįĵ	安卓
110518	ä¸ĸçķĮåĲĦåľ°	世界各地
110519	åīįéĢĶ	前途
110520	æ´ĹåĩĢ	洗净
110521	å¥ĭåĬĽ	奋力
110522	åŁİå¸Ĥå»ºè®¾	城市建设
110523	å¤ļåĬŁèĥ½	多功能
110524	ä¼ļéĢłæĪĲ	会造成
110525	åıĳå¸ĥä¼ļä¸Ĭ	发布会上
110526	ç©¶ç«Łæĺ¯	究竟是
110527	åĪĨçº¢	分红
110528	çŁ¥èŃĺ	知識
110529	éĿ¢æĿ¿	面板
110530	æĹłå£°	无声
110531	æĢ¥éľĢ	急需
110532	å¤±çľł	失眠
110533	çĪ¸å¦Ī	爸妈
110534	äºĤ	亂
110535	åħ¨æĻ¯	全景
110536	ç»ıåħ¸çļĦ	经典的
110537	åī§ä¸Ń	剧中
110538	é¢Ĩå¯¼ä¸ĭ	领导下
110539	åħļåĨħ	党内
110540	åħ¥ä¾µ	入侵
110541	æĭīæĸ¯	拉斯
110542	ä¸Ģå¹ķ	一幕
110543	åĬłä¹ĭ	加之
110544	èĤĨ	肆
110545	èĭ±æł¼	英格
110546	èĭ±æł¼åħ°	英格兰
110547	å·§åħĭ	巧克
110548	å·§åħĭåĬĽ	巧克力
110549	ä¸Ģå¿ĥ	一心
110550	èģĤ	聂
110551	å¾Ģå¾Ģæĺ¯	往往是
110552	ç®¡çĲĨå±Ĥ	管理层
110553	çĻ»åħ¥	登入
110554	å»ºç«ĭèµ·	建立起
110555	å»ºåĽ½	建国
110556	åŃĲå®«	子宫
110557	åºĶä»ĺ	应付
110558	æİ¢ç©¶	探究
110559	ç¬¬ä¸Ģä½į	第一位
110560	ä½Ļå®¶	余家
110561	çŃīæ´»åĬ¨	等活动
110562	æīĢèĩ´	所致
110563	è¾ĥå¿«	较快
110564	æĺ¯éĿŀ	是非
110565	æıĲåĲį	提名
110566	äºĮèĢħ	二者
110567	åıªåī©ä¸ĭ	只剩下
110568	åħ¶ä¸ŃåĮħæĭ¬	其中包括
110569	ç¼ĸç¨ĭ	编程
110570	çł´ç¢İ	破碎
110571	ä¸Ńä¸ľ	中东
110572	å·¥ä½ľæĬ¥åĳĬ	工作报告
110573	çŃ¾åĲį	签名
110574	éħĴä¸ļ	酒业
110575	çŁ¥æĻĵ	知晓
110576	çĥŃå¿ĥ	热心
110577	éĿŀåĩ¡	非凡
110578	èĲ¥ä¸ļæī§	营业执
110579	èĲ¥ä¸ļæī§çħ§	营业执照
110580	äººå¤§ä»£è¡¨	人大代表
110581	ä¸Ģä¸ªæĸ°çļĦ	一个新的
110582	å¨ģæµ·	威海
110583	éĤ£äºº	那人
110584	æ¶¨ä»·	涨价
110585	æ¶ĪçģŃ	消灭
110586	éļ¾å¿ĺ	难忘
110587	ç¶ĵé©Ĺ	經驗
110588	åı£è¢ĭ	口袋
110589	ç³»æķ°	系数
110590	æĸĩä¸Ń	文中
110591	å¥½è½¬	好转
110592	æĸ°éĽ¶åĶ®	新零售
110593	è®²è¿°äºĨ	讲述了
110594	å¼ĢçĽĺ	开盘
110595	çķĻç»Ļ	留给
110596	æħ¢æħ¢çļĦ	慢慢的
110597	æĤ²ä¼¤	悲伤
110598	æľ¬æľŁ	本期
110599	äºĨå¤ļå°ĳ	了多少
110600	è¿Ļè®©	这让
110601	åĲĮçŃī	同等
110602	æ¸ħæĺİ	清明
110603	ä¸ªåŁİå¸Ĥ	个城市
110604	æºĸåĤĻ	準備
110605	åĩłä¹İæĺ¯	几乎是
110606	å¼ºåĬĽ	强力
110607	ä¿¯	俯
110608	æ°´ç¨»	水稻
110609	åĽºå®ļçļĦ	固定的
110610	æł¸åĩĨ	核准
110611	è¯´æľį	说服
110612	é¡¯ç¤º	顯示
110613	è¿Ļå¥Ĺ	这套
110614	æĻºæħ§åŁİå¸Ĥ	智慧城市
110615	å±ĭé¡¶	屋顶
110616	ä¸įæĿ¥	不来
110617	çĶŁé²ľ	生鲜
110618	çŁ¥æĥħ	知情
110619	æĬķèº«	投身
110620	åĳĬè¯īæĪĳä»¬	告诉我们
110621	ä¸īåĽĽ	三四
110622	ä¸ĩä¸Ģ	万一
110623	è¾Ĩè½¦	辆车
110624	ä¸ºä¹ĭ	为之
110625	åĪ°æĹ¶åĢĻ	到时候
110626	è¿Ļæīįæĺ¯	这才是
110627	åĲįçīĮ	名牌
110628	åºŁæ°´	废水
110629	åİ»å¹´åĲĮæľŁ	去年同期
110630	å¹´éĻĲ	年限
110631	éģĭåĭķ	運動
110632	åıĮçľ¼	双眼
110633	è¦ģç´§	要紧
110634	å¯¹çŃĸ	对策
110635	åľºé¦Ĩ	场馆
110636	çĻ¾ç§ĳ	百科
110637	è¶Ĭéĩİ	越野
110638	å¯ĮåĲ«	富含
110639	å¤§å¤ļæķ°äºº	大多数人
110640	æľĢå°ĳ	最少
110641	åı¬åĶ¤	召唤
110642	åħ¸èĮĥ	典范
110643	åĨľæľº	农机
110644	æŃ£æĸĩ	正文
110645	åºĶçĶ¨äºİ	应用于
110646	æ·±èĢķ	深耕
110647	ä¿Ń	俭
110648	ä»Ģä¹Īä¸ľè¥¿	什么东西
110649	å¥Ĺé¤Ĳ	套餐
110650	å½ĵéĢī	当选
110651	å·¦æīĭ	左手
110652	è°ĥçĲĨ	调理
110653	æĻļé¤Ĳ	晚餐
110654	éļ¾åħ³	难关
110655	åĩŃè¯ģ	凭证
110656	çĪ±äºº	爱人
110657	æĮĩè´£	指责
110658	è´£ç¼ĸ	责编
110659	çļĦä¸Ģæ¬¾	的一款
110660	éĵ²	铲
110661	åįģä¸ª	十个
110662	èĢ»	耻
110663	æľįåĬ¡åķĨ	服务商
110664	åľ°çĭ±	地狱
110665	è¿ŀå¿Ļ	连忙
110666	åĽ°æĥĳ	困惑
110667	çļĵ	皓
110668	ä¸įåĲĥ	不吃
110669	çİ°åľ¨å·²ç»ı	现在已经
110670	çĽĺçĤ¹	盘点
110671	ä¸įåģľåľ°	不停地
110672	ç®¡çĲĨæ¨¡å¼ı	管理模式
110673	è¿Ļæ®µæĹ¶éĹ´	这段时间
110674	æ¤°	椰
110675	ç¤¼åĮħ	礼包
110676	æµģè½¬	流转
110677	æī«çłģ	扫码
110678	éĽĨä¸Ńåľ¨	集中在
110679	æ±ĤåĬ©	求助
110680	åįĬä¸ª	半个
110681	å¿«éĢŁå¢ŀéķ¿	快速增长
110682	å¾Ģä¸ĭ	往下
110683	è¯ĦåĪĨ	评分
110684	å°±æĥ³	就想
110685	åķĨåĬ¡éĥ¨	商务部
110686	æľīéĹ®é¢ĺ	有问题
110687	èİ·åĪ©	获利
110688	æ¯ĽçĹħ	毛病
110689	æĦŁåºĶ	感应
110690	èī¯æĢ§	良性
110691	åĪĨæŃ§	分歧
110692	åĨī	冉
110693	æĪĳä»¬çİ°åľ¨	我们现在
110694	è¦ģåĬłå¼º	要加强
110695	å·§å¦Ļ	巧妙
110696	èŀºæĹĭ	螺旋
110697	åĪĩæį¢	切换
110698	çĭĦ	狄
110699	é¡ºçķħ	顺畅
110700	å°¤åħ¶æĺ¯åľ¨	尤其是在
110701	èĬĿéº»	芝麻
110702	éļ¾è¿ĩ	难过
110703	æĹĹå¸ľ	旗帜
110704	å¤įåį°	复印
110705	å¤įåį°ä»¶	复印件
110706	å¿ħéľĢ	必需
110707	å¯¹å¤ĸå¼ĢæĶ¾	对外开放
110708	éļ¾åıĹ	难受
110709	åİŁæĿ¥æĺ¯	原来是
110710	ç®ĹäºĨ	算了
110711	é«ĺå±±	高山
110712	ç¦»èģĮ	离职
110714	çµĦç¹Ķ	組織
110715	å±ģèĤ¡	屁股
110716	çĻ¾å®¶	百家
110717	éģĩä¸Ĭ	遇上
110718	æĺĶæĹ¥	昔日
110719	ä¸įå®¹	不容
110720	çĽĳç®¡éĥ¨éĹ¨	监管部门
110721	ä¸»æĦı	主意
110722	æµģåŁŁ	流域
110723	è·Įå¹ħ	跌幅
110724	èĩ³ä¸Ĭ	至上
110725	åĪ«è¯´	别说
110726	æĺ¯æ¯Ķè¾ĥ	是比较
110727	å®ıè§Ĥç»ıæµİ	宏观经济
110728	å¸Ĥåľºä¸»ä½ĵ	市场主体
110729	æ±¡æŁĵçī©	污染物
110730	æķĳæ²»	救治
110731	ä¸°æĶ¶	丰收
110732	åŃĺæĶ¾	存放
110733	åĩĦ	凄
110734	éĩĳå±±	金山
110735	æį¢äºĨ	换了
110736	ä¸ĵäºº	专人
110737	éĹľæĸ¼	關於
110738	æĹ¢è¦ģ	既要
110739	åĽ½è¶³	国足
110740	éļĭ	隋
110741	åıįåĩ»	反击
110742	èµ·èº«	起身
110743	åħĪæĺ¯	先是
110744	å¸ĮæľĽèĥ½å¤Ł	希望能够
110745	åĪ¶è®¢	制订
110746	åºĹéĿ¢	店面
110747	åĸĢ	喀
110748	æķĻä½ł	教你
110749	éĻįæ¸©	降温
110750	åĬĽæ±Ĥ	力求
110751	ä¸īçĻ¾	三百
110752	çī©ä»·	物价
110753	ä¸¢å¤±	丢失
110754	å¢Ļä¸Ĭ	墙上
110755	éĥ¨ä»½	部份
110756	æł·æĿ¿	样板
110757	ä¹ĭæĦı	之意
110758	ç½ĳå°ıç¼ĸ	网小编
110759	ä¸ĸä¸Ĭ	世上
110760	è°ĥè¯ķ	调试
110761	æ±¡æŁĵéĺ²æ²»	污染防治
110762	å½±éĻ¢	影院
110763	å®Įåħ¨åı¯ä»¥	完全可以
110764	éĢļåħ³	通关
110765	ä¹īåĬ¡æķĻèĤ²	义务教育
110766	æ²¡æľīåĬŀæ³ķ	没有办法
110767	èĢ¿	耿
110768	å¦³	妳
110769	æĹłæĥħ	无情
110770	å¾ĹçĽĬ	得益
110771	å¾ĹçĽĬäºİ	得益于
110772	æľŁçĽ¼	期盼
110773	å¨±ä¹Ĳåľº	娱乐场
110774	çĶ²æĸ¹	甲方
110775	ä¸Ģæ±½	一汽
110776	çĹ°	痰
110777	çĸĳä¼¼	疑似
110778	æĸ°æµªå¾®åįļ	新浪微博
110779	å¼ºè¡Į	强行
110780	å½ĵä»ĸ	当他
110781	èĥº	胺
110782	çĶ¨æĪ·æıĲä¾Ľ	用户提供
110783	åĮºå§Ķ	区委
110784	æĦ¿æĻ¯	愿景
110785	æĬĺæī£	折扣
110786	å¤±è¸ª	失踪
110787	è¿«åĪĩ	迫切
110788	åŃĹæ¯į	字母
110789	åĴ¯	咯
110790	èªįèŃĺ	認識
110791	ä»Ģä¹ĪæĦıæĢĿ	什么意思
110792	çĽĴåŃĲ	盒子
110793	å½ķéŁ³	录音
110794	å»ºè®¾å·¥ç¨ĭ	建设工程
110795	ä¸ļä½Ļ	业余
110796	å®ŀè·µæ´»åĬ¨	实践活动
110797	çľŁç©º	真空
110798	çĤĸ	炖
110799	åľ¨è·¯ä¸Ĭ	在路上
110800	ä¸»è¦ģåĮħæĭ¬	主要包括
110801	è¯¥æĢİä¹Ī	该怎么
110802	æĢ»æľī	总有
110803	æĢ§æĦŁ	性感
110804	æ°ĳèĪª	民航
110805	å¼ĢåºĹ	开店
110806	æ¬ºéªĹ	欺骗
110807	çªģåĩ»	突击
110808	ç¼ºå¤±	缺失
110809	æī§ä¸ļ	执业
110810	åľ°éģĵ	地道
110811	å¹¶æĹł	并无
110812	æ°ĳåĬŀ	民办
110813	ç»Ħç»ĩçĶŁæ´»	组织生活
110814	æĪĳå¦Ī	我妈
110815	è¨ĺèĢħ	記者
110816	ç®¡åĪ¶	管制
110817	æī¾ä¸ª	找个
110818	èĹ»	藻
110819	çĤİçĹĩ	炎症
110820	äºĴåĬ©	互助
110821	æµıè§ĪåĻ¨	浏览器
110822	çİ©å®¶æĿ¥è¯´	玩家来说
110823	éĻįä½İäºĨ	降低了
110824	è£Ķ	裔
110825	æĮ£éĴ±	挣钱
110826	åķĨæľº	商机
110827	æĶ¹è£ħ	改装
110828	æµģæµª	流浪
110829	æĶ¿æ³ķ	政法
110830	èĢģå¤´	老头
110831	çĶŁäº§åĴĮ	生产和
110832	ç©Ĺ	穗
110833	äº²çĪ±	亲爱
110834	äº²çĪ±çļĦ	亲爱的
110835	å±¥èģĮ	履职
110836	åŁİéĩĮ	城里
110837	ç»ĨåĪĨ	细分
110838	åĬ³åĬ¨åĲĪåĲĮ	劳动合同
110839	åľ¨æĹ¥æľ¬	在日本
110840	å¨ģå°Ķ	威尔
110841	åį«è§Ĩ	卫视
110842	éĢ£çµĲ	連結
110843	çĿĢéĩį	着重
110844	æĬĺç£¨	折磨
110845	åĽ¾ä¸º	图为
110846	çľ·	眷
110847	å·¥åºı	工序
110848	æĵģ	擁
110849	æĵģæľī	擁有
110850	ç½ĳç«Ļåľ°åĽ¾	网站地图
110851	çļĦä¸Ģå¤§	的一大
110852	ç»Ħç»ĩå®ŀæĸ½	组织实施
110853	æĬĽå¼ĥ	抛弃
110854	åĴĮæĶ¯æĮģ	和支持
110855	æ³ķåĪĻ	法则
110856	æµªæ½®	浪潮
110857	çİ°æľīçļĦ	现有的
110858	åĩłçİĩ	几率
110859	ä¸ºå®¢æĪ·	为客户
110860	åįģä¸ĩ	十万
110861	è¹Ħ	蹄
110862	çªģåĩºéĹ®é¢ĺ	突出问题
110863	åıĥåĬł	參加
110864	éĥ½ä¼ļæľī	都会有
110865	çĽ¤	盤
110866	è°ģéĥ½	谁都
110867	æīĭåĬ¨	手动
110868	çĽ´è¾¾	直达
110869	çĤ¹å¤ļ	点多
110870	éĺ¶å±Ĥ	阶层
110871	ä¸įä½³	不佳
110872	éĤ£æ®µ	那段
110873	æ»¨æµ·	滨海
110874	æĺ¯åĽ½åĨħ	是国内
110875	æĪĳå¸ĮæľĽ	我希望
110876	åĲĽåŃĲ	君子
110877	è§ĤéŁ³	观音
110878	åģļé¥Ń	做饭
110879	æ±½è»Ĭ	汽車
110880	åħ³ç¨İ	关税
110881	çľ¼åīįçļĦ	眼前的
110882	æ°´éĿ¢	水面
110883	èĢ³æľº	耳机
110884	è¿½è¸ª	追踪
110885	æİ¨éĢģ	推送
110886	éĴ±åĮħ	钱包
110887	æģ¶å¿ĥ	恶心
110888	æµ·åŁŁ	海域
110889	å·į	巍
110890	å¼ĢæĿ¥	开来
110891	è¡¨æĢģ	表态
110892	ä»ªè¡¨	仪表
110893	å¹³åİŁ	平原
110894	åįģå¤ļå¹´	十多年
110895	ä¹ŁæĹłæ³ķ	也无法
110896	åħ¼é¡¾	兼顾
110897	è¡£æŁľ	衣柜
110898	æł½åŁ¹	栽培
110899	æĪ¿æºĲ	房源
110900	è®¾ç«ĭäºĨ	设立了
110901	ä¸ĩåĲį	万名
110902	æķ°é¢Ŀ	数额
110903	è¦ģåĿļæĮģ	要坚持
110904	åĲīæŀĹçľģ	吉林省
110905	è¯·èģĶç³»	请联系
110906	ç»ıåİĨè¿ĩ	经历过
110907	çļĦæľ¬è´¨	的本质
110908	åħ¥éĹ¨	入门
110909	æľ¬æ¡Ī	本案
110910	çİĩè¾¾åĪ°	率达到
110911	åı°éĺ¶	台阶
110912	éĴŀ	钞
110913	æĪĳèĥ½	我能
110914	èİ²èĬ±	莲花
110915	éĴł	钠
110916	ä¸Ģäºĭ	一事
110917	åİŁæľīçļĦ	原有的
110918	æ¯ıåĢĭ	每個
110919	æ¯Ķäºļè¿ª	比亚迪
110920	æ£ĭçīĮæ¸¸æĪı	棋牌游戏
110921	ä¸įä¼ļæľī	不会有
110922	å½ĴæĿ¥	归来
110923	äºĶçĻ¾	五百
110924	è¿ĩé«ĺ	过高
110925	éĽ·è¾¾	雷达
110926	ä¸Ģèµ·åİ»	一起去
110927	æķĻå¯¼	教导
110928	å°±è¯Ĭ	就诊
110929	å°±å¾Ī	就很
110930	ä¸įåĲĮäºİ	不同于
110931	ä¿º	俺
110932	å¸ĸåŃĲ	帖子
110933	æĶ¿åįıå§Ķåĳĺ	政协委员
110934	çĸ«æĥħå½±åĵį	疫情影响
110935	åĪĨè£Ĥ	分裂
110936	ä¸ºä»Ģä¹Īä¼ļ	为什么会
110937	äºĶæĺŁ	五星
110938	å°ĳåĦ¿	少儿
110939	æĬ¢éĻ©	抢险
110940	æ¢¦è§ģ	梦见
110941	è®°èĢħéĩĩè®¿	记者采访
110942	å±±è·¯	山路
110943	æĪĳä¸ªäºº	我个人
110944	æ²Ļæ»©	沙滩
110945	è¹Ń	蹭
110946	æĶ¹è®Ĭ	改變
110947	æĸ°åŀĭåĨł	新型冠
110948	æĸ°åŀĭåĨłçĬ¶	新型冠状
110949	åĮ»æĬ¤	医护
110950	åĮ»æĬ¤äººåĳĺ	医护人员
110951	æµ·å°Ķ	海尔
110952	åħ³äºİæĪĳä»¬	关于我们
110953	éĻ¤å¤ĸ	除外
110954	åºļ	庚
110955	å®£åĳĬ	宣告
110956	ä¸īåįĥ	三千
110957	æ¦¨	榨
110958	ç§ĳæĬĢå¤§åŃ¦	科技大学
110959	ä¸ĥåħ«	七八
110960	é¡ºåºĶ	顺应
110961	çĪ¸çĪ¸å¦Īå¦Ī	爸爸妈妈
110962	éĢīåıĸ	选取
110963	åī§çĥĪ	剧烈
110964	ä¹¡æĿĳæĹħæ¸¸	乡村旅游
110965	ç§¯æŀģæİ¢ç´¢	积极探索
110966	è¡¨çİ°ä¸º	表现为
110967	å¾Īæ¸ħæ¥ļ	很清楚
110968	å¤§åĨĽ	大军
110969	æĿ¥çĶµ	来电
110970	å¥ĹæĪ¿	套房
110971	çİ°è¡Į	现行
110972	äº«åıĹåĪ°	享受到
110973	çľĭçĤ¹	看点
110974	åĽºå®ļèµĦäº§	固定资产
110975	ä»¥äººä¸º	以人为
110976	ä»¥äººä¸ºæľ¬	以人为本
110977	ä¸įå®Į	不完
110978	éĻįéĽ¨	降雨
110979	åģļçļĦäºĭæĥħ	做的事情
110980	å¹¶äºİ	并于
110981	é¡½å¼º	顽强
110982	èĢ¸	耸
110983	åĺ´å·´	嘴巴
110984	çĽ¸åħ³ä¿¡æģ¯	相关信息
110985	æĪĳæ²¡	我没
110986	æĪĺçķ¥æĢ§	战略性
110987	æĢĿå¿µ	思念
110988	åĪĺå¤ĩ	刘备
110989	åĬ©æĶ»	助攻
110990	é£İè²Į	风貌
110991	éĿ¢å¯¹éĿ¢	面对面
110992	ç§¯æŀģå¼Ģå±ķ	积极开展
110993	çĸĹæķĪ	疗效
110994	çľĭä¹¦	看书
110995	ç¼ºåı£	缺口
110996	åĽ½æ°ĳç»ıæµİ	国民经济
110997	ä½¿çĶ¨æĿĥ	使用权
110998	éģ¥è¿ľ	遥远
110999	å¡«è¡¥	填补
111000	ç¬¬ä¸īäºº	第三人
111001	åįĬå¤ľ	半夜
111002	æŃ¦æ±īå¸Ĥ	武汉市
111003	æĪĳåıĳçİ°	我发现
111004	ä¼ĺæĥłæĶ¿çŃĸ	优惠政策
111005	é£İåı£	风口
111006	å°±ä¸įèĥ½	就不能
111007	ä¸ºä¸»è¦ģ	为主要
111008	æµģåĩº	流出
111009	å´ĩæĭľ	崇拜
111010	å¹¶ä¸įèĥ½	并不能
111011	é«ĺä¸ī	高三
111012	ä¸ĸçķĮä¸ĬæľĢ	世界上最
111013	æĥ³å¿ħ	想必
111014	åħ¶æīĢ	其所
111015	åĢĻéĢī	候选
111016	åĢĻéĢīäºº	候选人
111017	ä¸įçĪ±	不爱
111018	åī¯ä½ľçĶ¨	副作用
111019	äººæ°ĳæĹ¥æĬ¥	人民日报
111020	æĪĳä¸įæĺ¯	我不是
111021	å®ŀçī©	实物
111022	çĶµåİĤ	电厂
111023	ä¹Łç®Ĺæĺ¯	也算是
111024	æľīéĹľ	有關
111025	æľīèĥ½åĬĽ	有能力
111026	æĮĤåľ¨	挂在
111027	çľ¼ä¸ĭ	眼下
111028	çº¦ç¿°	约翰
111029	å°ıåŃ¦çĶŁ	小学生
111030	èµ·åĪ°äºĨ	起到了
111031	å·¥å¤«	工夫
111032	åĲĮå¿ĥ	同心
111033	åĿ¦è¨Ģ	坦言
111034	çłĮ	砌
111035	åıĳæĮ¥äºĨ	发挥了
111036	èģĮä¸ļéģĵå¾·	职业道德
111037	è¿ĻäºĽå¹´	这些年
111038	å¿µå¤´	念头
111039	èĢģé¼ł	老鼠
111040	åħ¨èµĦ	全资
111041	åħ¨èµĦåŃĲ	全资子
111042	ä¸Ģåĳ³	一味
111043	å¤ļä¸ĩåħĥ	多万元
111044	æł¼æľĥ	格會
111045	éķ¿éĢĶ	长途
111046	å¸¦èµ°	带走
111047	èĭ±å¯¸	英寸
111048	æĸĩä½ĵ	文体
111049	å¯¹ä»ĸä»¬	对他们
111050	åĵŃäºĨ	哭了
111051	å¡«æĬ¥	填报
111052	çīĪæĿĥå£°æĺİ	版权声明
111053	çĶµçº¿	电线
111054	è´Ńçī©ä¸Ńå¿ĥ	购物中心
111055	é¥±æ»¡	饱满
111056	ä½İå¤´	低头
111057	å¼ºè¿«	强迫
111058	ä¿Ŀæ´ģ	保洁
111059	æ¬§åĨł	欧冠
111060	çĽ¸è¿ŀ	相连
111061	è®¤è´Ń	认购
111062	çģ«æĺŁ	火星
111063	é«ĺå°Ķ	高尔
111064	é«ĺå°Ķå¤«	高尔夫
111065	èĳ«èĬ¦	葫芦
111066	æłĩæ³¨	标注
111067	çļĦçĲĨæĥ³	的理想
111068	æł¸éħ¸	核酸
111069	æł¸éħ¸æ£Ģæµĭ	核酸检测
111070	åĬī	劉
111071	ä¸ĢèĪ¬æĺ¯	一般是
111072	æĢĿç´¢	思索
111073	è½¨è¿¹	轨迹
111074	çĥŃå¸¦	热带
111075	éĻ£	陣
111076	åĩĨç¡®æĢ§	准确性
111077	æĪ´çĿĢ	戴着
111078	åľ¨çĶŁæ´»ä¸Ń	在生活中
111079	æīĢèĥ½	所能
111080	æľ¯åĲİ	术后
111081	å¸¦ä½ł	带你
111082	ç¥ł	祠
111083	æ®ĭéħ·	残酷
111084	ä¹Łåıªæĺ¯	也只是
111085	çĶ³è´Ń	申购
111086	ä¸¾åĬŀäºĨ	举办了
111087	æľīæĦıä¹ī	有意义
111088	æĹºçĽĽ	旺盛
111089	åľ¨ç¶²	在網
111090	åľ¨ç¶²è·¯ä¸Ĭ	在網路上
111091	å¾Īå¤§ç¨ĭåº¦	很大程度
111092	ç®¡è¾ĸ	管辖
111093	çĸ«æĥħæľŁéĹ´	疫情期间
111094	è§¦æĳ¸	触摸
111095	éĺ¶æ®µæĢ§	阶段性
111096	ä¼ļè§īå¾Ĺ	会觉得
111097	çļĦçĶ»éĿ¢	的画面
111098	æİ¥åıĹäºĨ	接受了
111099	è¡¨è¾¾äºĨ	表达了
111100	éĤĵå°ı	邓小
111101	éĤĵå°ıå¹³	邓小平
111102	åħļé£İ	党风
111103	åħļé£İå»īæĶ¿	党风廉政
111104	åķĨåŃ¦éĻ¢	商学院
111105	åħĳæį¢	兑换
111106	é£Łåĵģèį¯åĵģ	食品药品
111107	éĿŀå¸¸å¥½çļĦ	非常好的
111108	çľ¯	眯
111109	çº³ç±³	纳米
111110	åĬ¨æĳĩ	动摇
111111	åĽŀéģ¿	回避
111112	çľĭèĳĹ	看著
111113	æ¬¾é¡¹	款项
111114	åħ«å¹´	八年
111115	åģļä¸ª	做个
111116	æĸĩæ¡£	文档
111117	éĩĳèŀįç§ĳæĬĢ	金融科技
111118	åħ¶ä¸Ńæľī	其中有
111119	äºĨä¸Ģç³»åĪĹ	了一系列
111120	æĹĹèĪ°åºĹ	旗舰店
111121	ç§°èµŀ	称赞
111122	éĽ¢éĸĭ	離開
111123	åĪ¶åĨ·	制冷
111124	å®¶éĹ¨åı£	家门口
111125	åįģå¤ļ	十多
111126	ä¼´ä¾£	伴侣
111127	çľĭçĹħ	看病
111128	æĭīçĿĢ	拉着
111129	æīĴ	扒
111130	çĸ²æĥ«	疲惫
111131	å°ĳæķ°æ°ĳæĹı	少数民族
111132	åĽ¾å½¢	图形
111133	è½§	轧
111134	å¢ŀéĩı	增量
111135	é¥²åħ»	饲养
111136	çģ«å±±	火山
111137	æ¯ıä¸ªæľĪ	每个月
111138	ä½ľä¸ºä¸ĢåĲį	作为一名
111139	è½´æī¿	轴承
111140	æĸĩä¹¦	文书
111141	ç¼ķ	缕
111142	åħ·ä½ĵæĥħåĨµ	具体情况
111143	çĹĽçĤ¹	痛点
111144	çĽ´éĶĢ	直销
111145	å¡Ĭ	塊
111146	ä¹Łæľĥ	也會
111147	çĥŃæ½®	热潮
111148	å¹³æ°ĳ	平民
111149	æ¼ĶåĶ±ä¼ļ	演唱会
111150	æķĻçłĶ	教研
111151	éĢĥéģ¿	逃避
111152	ä¸Ģè´¯	一贯
111153	å°±è¶Ĭ	就越
111154	å®ŀå®ŀåľ¨	实实在
111155	å®ŀå®ŀåľ¨åľ¨	实实在在
111156	ä¹łè¿ĳå¹³æĢ»	习近平总
111157	æºº	溺
111158	å¿ĥåºķ	心底
111159	éķ¿å¾ģ	长征
111160	åª½åª½	媽媽
111161	ç¬¬ä¸īæ¬¡	第三次
111162	åĩºæ¼Ķ	出演
111163	çĭĢæ³ģ	狀況
111164	å°Ķæĸ¯	尔斯
111165	ä»£çĲĨåķĨ	代理商
111166	çĨı	熏
111167	çļĦå¯¹è±¡	的对象
111168	çĶµéĩı	电量
111169	è¡ĮåĪĹ	行列
111170	åĽ½äºº	国人
111171	è·ĳäºĨ	跑了
111172	åįĶåĬ©	協助
111173	èĲ¥è¿Ĳ	营运
111174	å¸ĪåħĦ	师兄
111175	æ¦®	榮
111176	æĥ³åĥı	想像
111177	æĢ§å¼º	性强
111178	ç§ĳåŃ¦çłĶç©¶	科学研究
111179	å»¶å®ī	延安
111180	ä¸¥æł¼èĲ½å®ŀ	严格落实
111181	é¢Ĩä¼ļ	领会
111182	çĽ¸å·®	相差
111183	è·¯äºº	路人
111184	çĶ«	甫
111185	æľīä»·åĢ¼	有价值
111186	æľīä»·åĢ¼çļĦ	有价值的
111187	ç¾İåĽ¢	美团
111188	æ°ĳä¸»çĶŁæ´»	民主生活
111189	æĪĳæīį	我才
111190	ç¾İåĽ½äºº	美国人
111191	æ°Ķåĳ³	气味
111192	åıįå°Ħ	反射
111193	çļĦåĨ³å¿ĥ	的决心
111194	å¤§è±Ĩ	大豆
111195	äº¤ä»£	交代
111196	è¿Ľåĩº	进出
111197	åıįæĬĹ	反抗
111198	æĮĩçļĦæĺ¯	指的是
111199	ä»·ä½į	价位
111200	è¿Ľé©»	进驻
111201	ä¸ĬçĻ¾	上百
111202	ä½įåĪĹ	位列
111203	ä¸ŃåĽ½ä¼ģä¸ļ	中国企业
111204	çļĦå¥½å¤Ħ	的好处
111205	ä¸»ç¼ĸ	主编
111206	æ±½æ²¹	汽油
111207	ä½ĨæĪĳä»¬	但我们
111208	æĢİä¹Īçľĭ	怎么看
111209	é»Ħå±±	黄山
111210	å¤ļåªĴä½ĵ	多媒体
111211	åĲİåį«	后卫
111212	èİ·å¾ĹæĽ´å¤ļ	获得更多
111213	åĬ¡å¿ħ	务必
111214	ä¸ºå¥ĳæľº	为契机
111215	é¦ĸé¥°	首饰
111216	ä¸ĩåįļ	万博
111217	è¶ĬæĿ¥è¶Ĭå¤§	越来越大
111218	ä¸ĵé¡¹è¡ĮåĬ¨	专项行动
111219	å¥ĭè¿Ľ	奋进
111220	ä»įçĦ¶æĺ¯	仍然是
111221	è´¨æĦŁ	质感
111222	å¦Ĥæŀľä¸įæĺ¯	如果不是
111223	ç«Ļèµ·æĿ¥	站起来
111224	ä¹¾éļĨ	乾隆
111225	åı¯æĢķçļĦ	可怕的
111226	å¯Įè´µ	富贵
111227	æ¸ħç®Ĺ	清算
111228	åĲĳä¸ĭ	向下
111229	åĢļ	倚
111230	çļĦçŃĶæ¡Ī	的答案
111231	èĪ¹ä¸Ĭ	船上
111232	çļĦçľŁå®ŀæĢ§	的真实性
111233	çŃīåĬŁèĥ½	等功能
111234	åĸľåī§	喜剧
111235	å¨ģåĬĽ	威力
111236	æĸ°é¢ĸ	新颖
111237	æł¸çĶµ	核电
111238	æĬ¥éĶĢ	报销
111239	æķħä¹¡	故乡
111240	ä¼´éļı	伴随
111241	éŀŃ	鞭
111242	å¦Ĭå¨ł	妊娠
111243	åĪĨåĮĸ	分化
111244	æľīå¾Īå¤§	有很大
111245	æĢİä¹Īè¯´	怎么说
111246	æĻĤä»£	時代
111247	äº§åĩº	产出
111248	ä»ĭç»įè¯´	介绍说
111249	å¤ĦçĲĨåĻ¨	处理器
111250	èĨ¨èĥĢ	膨胀
111251	åī¯å¸Ĥéķ¿	副市长
111252	çļĦå¦»åŃĲ	的妻子
111253	æł·åĵģ	样品
111254	åĲĮæ¯Ķä¸ĭéĻį	同比下降
111255	åħĥå·¦åı³	元左右
111256	çĶ¨èĩªå·±çļĦ	用自己的
111257	é«ĺéĽĦ	高雄
111258	æĺ¥æĻļ	春晚
111259	ä¹Łæľīå¾Īå¤ļ	也有很多
111260	çľ¼çĲĥ	眼球
111261	æķ£æŃ¥	散步
111262	ä»ĸä»¬éĥ½	他们都
111263	ç¬¬ä¸Ģå®¶	第一家
111264	åĬŀå¥½	办好
111265	å®īéĺ²	安防
111266	ä¸Ģä¸ĩ	一万
111267	åľ¨éĩĮéĿ¢	在里面
111268	éŁ³é¢ĳ	音频
111269	åı£åı·	口号
111270	ä¸Ģè¶Ł	一趟
111271	ç¦ıçī¹	福特
111272	é³ŀ	鳞
111273	æĥĬèī³	惊艳
111274	æĸ°å¨ĺ	新娘
111275	ç»¿èī²åıĳå±ķ	绿色发展
111276	ä¸Ńå¼ı	中式
111277	ä¹Łåıªæľī	也只有
111278	çİ°èº«	现身
111279	åı¯ä¾Ľ	可供
111280	æ¯ıä¸Ģä¸ªäºº	每一个人
111281	ç¬¬ä¸īèĢħ	第三者
111282	åľ°å½¢	地形
111283	éĴ¢ç»ĵæŀĦ	钢结构
111284	çĽĳçĿ£æ£ĢæŁ¥	监督检查
111285	åı«æĪĳ	叫我
111286	èĩ´æķ¬	致敬
111287	æ´Ĺæīĭ	洗手
111288	ä¸ĭè°ĥ	下调
111289	åº·çĨĻ	康熙
111290	æĪĲäº¤éĩı	成交量
111291	ä¹ŁæĪĲä¸º	也成为
111292	åħīæ»ĳ	光滑
111293	å®Įæķ´æĢ§	完整性
111294	çģ¼	灼
111295	ç¶²éłģ	網頁
111296	éķ¿å¯¿	长寿
111297	éģ©çĶ¨	適用
111298	çļĦä¸Ģé¡¹	的一项
111299	çŀ©çĽ®	瞩目
111300	æĬĬèĩªå·±çļĦ	把自己的
111301	éĵ¶è¡Įåį¡	银行卡
111302	å°±å¿ħé¡»	就必须
111303	ç¾İçĻ½	美白
111304	éŀįå±±	鞍山
111305	æľ¬é¢Ĩ	本领
111306	ä¸Ģç¢Ĺ	一碗
111307	æīĵæ³ķ	打法
111308	æĤ¨å¥½	您好
111309	å¯¹åŃ©åŃĲ	对孩子
111310	æĬ¥éģĵç§°	报道称
111311	ä¼łåĩº	传出
111312	å¤§èĩ£	大臣
111313	ç¬ĭ	笋
111314	çĽı	盏
111315	é¾ļ	龚
111316	çĽ´çº¿	直线
111317	æĻºåºĵ	智库
111318	ç§Łè½¦	租车
111319	é£İåĳ³	风味
111320	çľĭä¸Ģä¸ĭ	看一下
111321	æİ¨éĶĢ	推销
111322	éĥ¨éĥ¨éķ¿	部部长
111323	è´¨éĩıåĴĮ	质量和
111324	åĪĬçĻ»	刊登
111325	å·¥ä¸ļåĮĸ	工业化
111326	çİĩä¸º	率为
111327	éĽ¶ä»¶	零件
111328	ç¡¬åĮĸ	硬化
111329	ä¸Ĭåįĥ	上千
111330	ç»ıéªĮåĢ¼	经验值
111331	å¹³è¡Į	平行
111332	å£°éģĵ	声道
111333	æľįåĬ¡è´¨éĩı	服务质量
111334	çĶŁçĶ¢	生產
111335	æľĢå®¹æĺĵ	最容易
111336	ä¸Ģæŀļ	一枚
111337	å¹´æĬ¥	年报
111338	åħ¬ç½ĳ	公网
111339	åħ¬ç½ĳå®ī	公网安
111340	åħ¬ç½ĳå®īå¤ĩ	公网安备
111341	çļĦèĥ½éĩı	的能量
111342	å®ŀéĻħè¡ĮåĬ¨	实际行动
111343	è¦ģä¸įè¦ģ	要不要
111344	æĹ¥æľ¬äºº	日本人
111345	èĢ¶ç¨£	耶稣
111346	ç¼ĸåī§	编剧
111347	æ¶©	涩
111348	åį°å°¼	印尼
111349	ä¸Ĭä¸ĭæ¸¸	上下游
111350	åĩłåı¥	几句
111351	ä¸Ńéĵģ	中铁
111352	ç°¡åĸ®	簡單
111353	èĩªå¸¦	自带
111354	çĶŁäºİ	生于
111355	ä¸Ģåı£æ°Ķ	一口气
111356	åĭ¤å¥ĭ	勤奋
111357	éĻįä»·	降价
111358	å±ķçİ°äºĨ	展现了
111359	å¸ĥæĭī	布拉
111360	ä¼ļéĢīæĭ©	会选择
111361	çļĦç»ıåħ¸	的经典
111362	å¥½æľĭåıĭ	好朋友
111363	è½¦éģĵ	车道
111364	æķ´åĢĭ	整個
111365	åľĵ	圓
111366	éķ¿æľŁä»¥æĿ¥	长期以来
111367	æĬķå½±	投影
111368	çļĩåĨł	皇冠
111369	è¿ĩå¤§	过大
111370	åĳĬè¯īä»ĸ	告诉他
111371	ä¼ģä¸ļæıĲä¾Ľ	企业提供
111372	æĬ½è±¡	抽象
111373	éĢĤåº¦	适度
111374	çļĦå¥³åŃ©	的女孩
111375	èµ·ä¼ı	起伏
111376	çļĦåĬŁæķĪ	的功效
111377	ä¸ĵé¡¹æķ´æ²»	专项整治
111378	åı¯éĢļè¿ĩ	可通过
111379	ä¸įåĲĮç¨ĭåº¦	不同程度
111380	å¼Ĥè®®	异议
111381	åĩĢèµĦäº§	净资产
111382	åĳĹ	呗
111383	ä»Ģä¹Īåĳ¢	什么呢
111384	å·¡éĢ»	巡逻
111385	è¸ıä¸Ĭ	踏上
111386	ä½Ĩå®ĥ	但它
111387	ç²¾åº¦	精度
111388	ç®¡å±Ģ	管局
111389	ç¬¬ä¸ĢåĲį	第一名
111390	åĨħåŃĺ	内存
111391	æĳĨåľ¨	摆在
111392	åī©ä¸ĭ	剩下
111393	ä¸»ä½ĵè´£ä»»	主体责任
111394	çĤ¹åįĬ	点半
111395	ä»¥èĩ³äºİ	以至于
111396	åħ»èĢģä¿ĿéĻ©	养老保险
111397	æĦŁåıĹåĪ°äºĨ	感受到了
111398	çŁ¥åĲįçļĦ	知名的
111399	å¯Įè±ª	富豪
111400	å¦¥åĸĦ	妥善
111401	åŃĻåŃĲ	孙子
111402	éĵĤ	铂
111403	è¯´èĩªå·±	说自己
111404	è®©æĤ¨	让您
111405	æķ°æİ§	数控
111406	çļĦçľ¼åħī	的眼光
111407	æ³¨éĶĢ	注销
111408	çļĦçģµéŃĤ	的灵魂
111409	è¿ĺä¸įéĶĻ	还不错
111410	éĹ®ä»ĸ	问他
111411	èĩªä¸»çłĶåıĳ	自主研发
111412	èĵĭ	蓋
111413	ç´«èī²	紫色
111414	åĽ½å®¶å®īåħ¨	国家安全
111415	è¾½å®ģçľģ	辽宁省
111416	ä¹Łæ¯Ķè¾ĥ	也比较
111417	ç¾İèĤ¡	美股
111418	ä¸įç¡®å®ļæĢ§	不确定性
111419	å¿ĥå¤´	心头
111420	æĪ³	戳
111421	çº§åĪ«çļĦ	级别的
111422	è®ºè¿°	论述
111423	çļĦåĽŀçŃĶ	的回答
111424	ä¿Ŀè¯ģéĩĳ	保证金
111425	çŃīè¡Įä¸ļ	等行业
111426	å¹¸ç¦ıæĦŁ	幸福感
111427	æŃ§è§Ĩ	歧视
111428	æľºç¥¨	机票
111429	æ´¾äºº	派人
111430	èĩ´åĳ½	致命
111431	åĺ´è§Ĵ	嘴角
111432	æĸ°éĹ»ä¸Ńå¿ĥ	新闻中心
111433	æĶ¾å¼ĥäºĨ	放弃了
111434	å®ľå±ħ	宜居
111435	åĨĻä¸ĭ	写下
111436	éĹ®çŃĶ	问答
111437	è¿ĻéĩĮæĺ¯	这里是
111438	å¤ļåľ°	多地
111439	åĮºåŁŁåĨħ	区域内
111440	åīµæĸ°	創新
111441	çľĭä»ĸ	看他
111442	æī§æ³ķäººåĳĺ	执法人员
111443	åĬ¨æľº	动机
111444	éŁ³åĵį	音响
111445	çļĦåĳ½è¿Ĳ	的命运
111446	é¡¶éĥ¨	顶部
111447	åĵŁ	哟
111448	éĥ½æľĥ	都會
111449	æīĵéĢłæĪĲ	打造成
111450	æĦıåĽ¾	意图
111451	çļĸ	皖
111452	åĢĴåħ¥	倒入
111453	å·´èĲ¨	巴萨
111454	åĬ©åŃ¦	助学
111455	å¤įåı¤	复古
111456	åĲ¯çĶ¨	启用
111457	åĽ½éĻħå¸Ĥåľº	国际市场
111458	åĤ¨èĥ½	储能
111459	é»ĳé¾Ļæ±Łçľģ	黑龙江省
111460	ä¹ĺè½¦	乘车
111461	è¿ĲåĬ¨ä¼ļ	运动会
111462	ä¿ĿåĪ©	保利
111463	çŁ³æĿĲ	石材
111464	çµ®	絮
111465	çĤĴä½ľ	炒作
111466	çļĦä¿¡ä»»	的信任
111467	å°±æĪĲäºĨ	就成了
111468	åı¯è§Ĥ	可观
111469	çļĩä¸Ĭ	皇上
111470	è¿Ļåĩłå¤©	这几天
111471	ä¸ĢéĶ®	一键
111472	åĨ·åĨ»	冷冻
111473	ä¿Ŀåį«	保卫
111474	æł¸æ¡ĥ	核桃
111475	åĲĪä½ľåħ³ç³»	合作关系
111476	éĢģåĩº	送出
111477	æĹĹä¸ĭçļĦ	旗下的
111478	åľ¨ä¹İ	在乎
111479	ä¸ºå¹¿å¤§	为广大
111480	åįĪé¤Ĳ	午餐
111481	ä¸ĵè®¿	专访
111482	æĪĸå°Ĩ	或将
111483	éĿĴå²Ľå¸Ĥ	青岛市
111484	å¥Ķè·ĳ	奔跑
111485	æĹ¥æĬ¥éģĵ	日报道
111486	å¥ĳåĲĪ	契合
111487	æĸ°æĺ¥	新春
111488	ä¸įå°ıå¿ĥ	不小心
111489	ä¸¤ä¸ī	两三
111490	æĦıæĢĿæĺ¯	意思是
111491	åĨ·èĹı	冷藏
111492	çļĦçĹĩçĬ¶	的症状
111493	æĢ§åĳ½	性命
111494	è¶ħæłĩ	超标
111495	å¯Ĩç¢¼	密碼
111496	ç§ĳæĬĢèĤ¡ä»½	科技股份
111497	äºĨä¸Ģæī¹	了一批
111498	çĿ£å¯Ł	督察
111499	åªĴä»ĭ	媒介
111500	å°Ħæīĭ	射手
111501	ä¿®åħ»	修养
111502	çīĩåĪ»	片刻
111503	éĢĤåĲĪèĩªå·±	适合自己
111504	åıªè¦ģæĺ¯	只要是
111505	åĲĥè¿ĩ	吃过
111506	éĩĳéĵ¶	金银
111507	çĽ´å±ŀ	直属
111508	åŃ¦éĹ®	学问
111509	åİĭåĪ¶	压制
111510	çªĹå¤ĸ	窗外
111511	æĶ¶åĪ°äºĨ	收到了
111512	åħ¨åĽ½äººå¤§	全国人大
111513	ä½Ĩæĺ¯å¯¹äºİ	但是对于
111514	åľ¨æķ´ä¸ª	在整个
111515	çļĦèĥĮåĲİ	的背后
111516	åĩıå°ĳäºĨ	减少了
111517	åıįèħĲ	反腐
111518	åıįèħĲåĢ¡	反腐倡
111519	åıįèħĲåĢ¡å»ī	反腐倡廉
111520	æĹ·	旷
111521	åĪĨæľŁ	分期
111522	åľ¨æ·±åľ³	在深圳
111523	æīĵçĿĢ	打着
111524	æī«ä¸Ģ	扫一
111525	æī«ä¸Ģæī«	扫一扫
111526	æĶ¿åºľéĥ¨éĹ¨	政府部门
111527	æİ¥è¿ŀ	接连
111528	å±ŀäºİèĩªå·±	属于自己
111529	åŃĲå¼¹	子弹
111530	åĲĮæł·æĺ¯	同样是
111531	æĢ»åħ±	总共
111532	è½¦ä¼ģ	车企
111533	æ¢ĵ	梓
111534	åħ¬é¡·	公顷
111535	åıĳå£°	发声
111536	éĴĽ	钛
111537	èµ°åĬ¿åĽ¾	走势图
111538	ä¸»èĲ¥	主营
111539	åĸĶ	喔
111540	æķ°æį®åĪĨæŀĲ	数据分析
111541	ä¸įè¿ľ	不远
111542	æľīåĲį	有名
111543	æľīåĲįçļĦ	有名的
111544	åģ¿è¿ĺ	偿还
111545	å¾Īä½İ	很低
111546	è®ĵäºº	讓人
111547	èĿī	蝉
111548	é«ĺè´µ	高贵
111549	å°ĳè®¸	少许
111550	æ°Ł	氟
111551	å¹¢	幢
111552	äº²æĥħ	亲情
111553	è¿Ļä»¶äºĭæĥħ	这件事情
111554	çĶ¨é¤Ĳ	用餐
111555	çĽ¸åħ³æĸ°éĹ»	相关新闻
111556	å°±åºĶè¯¥	就应该
111557	ç»ĪçĤ¹	终点
111558	æĺ¯å¤ļå°ĳ	是多少
111559	çĻ»åľº	登场
111560	è¯ķç®¡	试管
111561	è¯ķç®¡å©´åĦ¿	试管婴儿
111562	åģļå¤§	做大
111563	åģļå¤§åģļå¼º	做大做强
111564	çļĦä¾ĭåŃĲ	的例子
111565	åħ«ä¸ª	八个
111566	æĺİæĹ¥	明日
111567	çĤ³	炳
111568	èµ°åİ»	走去
111569	éģº	遺
111570	å¢©	墩
111571	ä½ĵä¼ļåĪ°	体会到
111572	åĴı	咏
111573	ä¸ĭè¾¾	下达
111574	å¤įåıĳ	复发
111575	è¿½éĢĲ	追逐
111576	æīĵåĵį	打响
111577	çļĦéļ±ç§ģæ¬Ĭ	的隱私權
111578	åħ·æľīä¸Ģå®ļ	具有一定
111579	è¿Ļä¹Īå¤ļå¹´	这么多年
111580	æłĳæŀĹ	树林
111581	æľĢéķ¿	最长
111582	åĲĮèĥŀ	同胞
111583	åħīæ³½	光泽
111584	åŁŁåĲį	域名
111585	æĮĩåĲĳ	指向
111586	åıĹå®³èĢħ	受害者
111587	æłĳèĦĤ	树脂
111588	æľīå¤ļå¤§	有多大
111589	å¤§éĿ¢ç§¯	大面积
111590	æĹłç¼Ŀ	无缝
111591	æĶ¹æŃ£	改正
111592	æĽ´å¤ļçļĦæĺ¯	更多的是
111593	æľŁæľ«	期末
111594	æŃ¼	歼
111595	ä¹īä¹Į	义乌
111596	éĤ£ä½ł	那你
111597	çļĦç¬¬ä¸Ģä¸ª	的第一个
111598	èĮµ	茵
111599	å°§	尧
111600	èį«	荫
111601	ä¸įä»ħåı¯ä»¥	不仅可以
111602	æ¶Įçİ°	涌现
111603	æĢ»éĿ¢ç§¯	总面积
111604	æĸ°éĹ»åıĳå¸ĥ	新闻发布
111605	æ°ĳçĶ¨	民用
111606	å°±è¯»	就读
111607	æīĵè´¥	打败
111608	å¤ĸè¯Ń	外语
111609	æĪĳä»¬ä¸Ģèµ·	我们一起
111610	é¢Ħå®ļ	预定
111611	çĥ¹é¥ª	烹饪
111612	æľĢä¸»è¦ģ	最主要
111613	æľĢä¸»è¦ģçļĦ	最主要的
111614	çīĮçħ§	牌照
111615	åĽłåħ¶	因其
111616	ä½İä¸ĭ	低下
111617	ä¼ļåĲĮ	会同
111618	è§ģè§£	见解
111619	éĹ´éļĶ	间隔
111620	æķĻç¨ĭ	教程
111621	å°ī	尉
111622	å¸Ĥä¸Ńå¿ĥ	市中心
111623	åħ³éĶ®æĺ¯	关键是
111624	æµ·åįĹçľģ	海南省
111625	çī¹åĪ«æĺ¯åľ¨	特别是在
111626	ä¸ŃåĽ½å¤§éĻĨ	中国大陆
111627	åħħè¶³çļĦ	充足的
111628	æĹ¢èĥ½	既能
111629	åĤ³çµ±	傳統
111630	çĳľä¼½	瑜伽
111631	åħ¥åĽ´	入围
111632	æħ¢æħ¢åľ°	慢慢地
111633	æĬ¥éħ¬	报酬
111634	æī¹å¤į	批复
111635	å·¥ä¸ļåĽŃåĮº	工业园区
111636	ä¸İåıĳå±ķ	与发展
111637	èĥ¸éĥ¨	胸部
111638	åľ¨ç½ĳç»ľ	在网络
111639	åľ¨ç½ĳç»ľä¸Ĭ	在网络上
111640	äº¤è°Ī	交谈
111641	æĽ´æĶ¹	更改
111642	åįłæľīçİĩ	占有率
111643	ä¸Ŀç»¸ä¹ĭè·¯	丝绸之路
111644	è¡Ľ	衛
111645	çłĶåĪ¤	研判
111646	åĪª	刪
111647	åĪªéĻ¤	刪除
111648	è¿Ļåıª	这只
111649	çļĦæ°Ķæģ¯	的气息
111650	åĬłå·ŀ	加州
111651	éĴ§	钧
111652	çĲĨäºĭéķ¿	理事长
111653	ä¸ĸå®¶	世家
111654	æµģè¡ĮçļĦ	流行的
111655	å¾Īæľīåı¯èĥ½	很有可能
111656	ä»¬éĥ½	们都
111657	ç»ıèĲ¥æ¨¡å¼ı	经营模式
111658	è¡Įä¸ļä¸Ń	行业中
111659	éĢļçŁ¥ä¹¦	通知书
111660	åĳ½é¢ĺ	命题
111661	æľ¬ç¶²ç«Ļ	本網站
111662	æ²Ļçī¹	沙特
111663	åıĳåħī	发光
111664	é«ĺä»·	高价
111665	å·²çĦ¶	已然
111666	åıĮåįģä¸Ģ	双十一
111667	ä¸Ĭè¯ī	上诉
111668	ç¿ħèĨĢ	翅膀
111669	è¿Ļä¸Ģå¹´	这一年
111670	å¤§ä¼ļä¸Ĭ	大会上
111671	éĩī	釉
111672	å®Įåħ¨æĺ¯	完全是
111673	å¾Ĺå¤ª	得太
111674	ä¸ĢèĪ¬äºº	一般人
111675	è¿ĺç®Ĺ	还算
111676	æĬĺåıł	折叠
111677	æĬķæľº	投机
111678	çĤ¹çĩĥ	点燃
111679	çİ°éĩĳæµģ	现金流
111680	åħĶåŃĲ	兔子
111681	ç½ĳæł¼	网格
111682	æİ¥è¿ĩ	接过
111683	ä¾Ľè´§	供货
111684	éĺ´å½±	阴影
111685	åİŁåħĪ	原先
111686	æį£	捣
111687	å·¦ä¾§	左侧
111688	åħĭæĭī	克拉
111689	æīĵåį¡	打卡
111690	ç§ĳæ¯Ķ	科比
111691	æ±ĩéĽĨ	汇集
111692	åľ°çĲĨä½įç½®	地理位置
111693	è¯Ħå§Ķ	评委
111694	ç»ĵåĲĪèµ·æĿ¥	结合起来
111695	è¿Ľåħ¥åĪ°	进入到
111696	åı¯è¡Į	可行
111697	åı¯è¡ĮæĢ§	可行性
111698	è®©å®ĥ	让它
111699	åĪ¶åº¦æĶ¹éĿ©	制度改革
111700	çĶĺèĤĥçľģ	甘肃省
111701	åĵĹ	哗
111702	åģıåģı	偏偏
111703	è¡£çī©	衣物
111704	ç¥Ŀè´º	祝贺
111705	æºĲèĩª	源自
111706	å¹¶ä¸įä»£è¡¨	并不代表
111707	åĽ½åº¦	国度
111708	å¥½åĿı	好坏
111709	æĿĸ	杖
111710	æĿŃå·ŀå¸Ĥ	杭州市
111711	æ¹¿åº¦	湿度
111712	é²¸	鲸
111713	åįļå½©	博彩
111714	æ³°å±±	泰山
111715	æĿĳèĲ½	村落
111716	æĸ°èģŀ	新聞
111717	èĤĭ	肋
111718	åı¤èĢģçļĦ	古老的
111719	çļĦç§ĺå¯Ĩ	的秘密
111720	ä¸Ģä¸ªéĹ®é¢ĺ	一个问题
111721	éģıåĪ¶	遏制
111722	åįĥäº¿	千亿
111723	è¿ĩç¡¬	过硬
111724	å°Ħåĩ»	射击
111725	èĩªçĦ¶æĺ¯	自然是
111726	äº§åĮº	产区
111727	çĤ¹çĤ¹å¤´	点点头
111728	åı¯ä»¥å¸®åĬ©	可以帮助
111729	è¯´å®ŀ	说实
111730	è¯´å®ŀè¯Ŀ	说实话
111731	æĪĳåıªæĺ¯	我只是
111732	ä¹ĭä½Ļ	之余
111733	åĲĮæĹ¶ä¹Łæĺ¯	同时也是
111734	ä¸ŃåĽ½éĺŁ	中国队
111735	å»ºæĪĲåĲİ	建成后
111736	ä¹Ĳè§Ĩ	乐视
111737	åĳ¨å²ģ	周岁
111738	èį¯åºĹ	药店
111739	éĩĳåįİ	金华
111740	ä¸¥éĩįå½±åĵį	严重影响
111741	è´¨åľ°	质地
111742	æĹħéģĬ	旅遊
111743	åħµåĻ¨	兵器
111744	æķĻèĤ²æķĻåŃ¦	教育教学
111745	ç¦»åİ»	离去
111746	åĲĦå¼ıåĲĦæł·	各式各样
111748	ä»ĭç´¹	介紹
111749	å¼Ģå¤´	开头
111750	å°Ĩèĩªå·±çļĦ	将自己的
111751	åĲ¬åĬĽ	听力
111752	ä¿¡æģ¯ç³»ç»Ł	信息系统
111753	ä»İæł¹æľ¬	从根本
111754	ä»İæł¹æľ¬ä¸Ĭ	从根本上
111755	æİĮå£°	掌声
111756	æ¬¢åĸľ	欢喜
111757	å±ķåĮº	展区
111758	åķ¸	啸
111759	å¤ªå¤ļäºĨ	太多了
111760	éĹ²ç½®	闲置
111761	èĥ¡èĲĿåįľ	胡萝卜
111762	å§Ķå®£ä¼ł	委宣传
111763	å§Ķå®£ä¼łéĥ¨	委宣传部
111764	åįĹéĺ³	南阳
111765	å·ŀåĮº	州区
111766	ä¸İæĹ¶	与时
111767	ä¸İæĹ¶ä¿±	与时俱
111768	ä¸İæĹ¶ä¿±è¿Ľ	与时俱进
111769	å«Įçĸĳäºº	嫌疑人
111770	èī¯å¿ĥ	良心
111771	å¤´é¡¶	头顶
111772	è´¢æĬ¥	财报
111773	ä½Ľæ³ķ	佛法
111774	å¾µ	徵
111775	åİŁä»¶	原件
111776	åĭŀ	勞
111777	çĶ·ç¯®	男篮
111778	å¤ĸåĽ½äºº	外国人
111779	è¿Ŀçºª	违纪
111780	æī¾äºĨ	找了
111781	æįķæįī	捕捉
111782	çĽ¸è¯Ĩ	相识
111783	æĲľéĽĨ	搜集
111784	çļĦä¼Łå¤§	的伟大
111785	ä¸īç»´	三维
111786	å°±è¡ĮäºĨ	就行了
111787	çĭĲæľĪ	狐月
111788	çĭĲæľĪå±±	狐月山
111789	å¸ĮæľĽéĢļè¿ĩ	希望通过
111790	èĢĮå¯¹äºİ	而对于
111791	éĿ¢å°į	面對
111792	åĨĽåĽ¢	军团
111793	è¡ĹåĮº	街区
111794	æĤ¬æĮĤ	悬挂
111795	ä¾¿ç§ĺ	便秘
111796	æľīä¸ĢçĤ¹	有一点
111797	ä¼ļè®®ä¸Ĭ	会议上
111798	ä¸ĭæīĭ	下手
111799	å»£åĳĬ	廣告
111800	äºĶè¡Į	五行
111801	çŃīåĢĻ	等候
111802	ç´§ç´§åĽ´ç»ķ	紧紧围绕
111803	æĭ¿äºĨ	拿了
111804	æ¡ĮéĿ¢	桌面
111805	ç¥ŀæĥħ	神情
111806	éĽĦåİļ	雄厚
111807	çŀ³	瞳
111808	æ¥¼ä¸ĭ	楼下
111809	å½ª	彪
111810	äºĭåıĳ	事发
111811	åĨįè§ģ	再见
111812	é¤ĺ	餘
111813	é¢ĦåĶ®	预售
111814	åİ»çľĭçľĭ	去看看
111815	æĪĳä»¬åºĶè¯¥	我们应该
111816	ä¸īå®¶	三家
111817	æµĬ	浊
111818	ä¹ĲéĺŁ	乐队
111819	çľĭä¸įè§ģ	看不见
111820	èĦĳåŃĲ	脑子
111821	æĮģæľīçļĦ	持有的
111822	çĻ½èıľ	白菜
111823	éĹªçĥģ	闪烁
111824	åĸĿæ°´	喝水
111825	æİ§åĪ¶ç³»ç»Ł	控制系统
111826	ä¸ĵåĮº	专区
111827	æľĿå»·	朝廷
111828	æĪĳå¿ĥéĩĮ	我心里
111829	å±ķåİħ	展厅
111830	èľĺèĽĽ	蜘蛛
111831	åĨ»ç»ĵ	冻结
111832	ç²ª	粪
111833	åºĲ	庐
111834	åĲĳç¤¾ä¼ļ	向社会
111835	åĨ³çŃĸéĥ¨ç½²	决策部署
111836	çŁŃæľŁåĨħ	短期内
111837	æĸ°ä¸ļæĢģ	新业态
111838	æľĶ	朔
111839	æĹ¶æĬ¥	时报
111840	ä½¿ä¹ĭ	使之
111841	åĽłåŃĲ	因子
111842	åıĤä¸İèĢħ	参与者
111843	çļĦå¹´è½»äºº	的年轻人
111844	æīĭè¡¨	手表
111845	å°ģéĶģ	封锁
111846	ä¸ºä»Ģä¹Īä¸į	为什么不
111847	åĲ¸çĥŁ	吸烟
111848	æ¯Ĵç´ł	毒素
111849	åĪĳæ³ķ	刑法
111850	çŁ«æŃ£	矫正
111851	èº«æĹģ	身旁
111852	åİŁè°ħ	原谅
111853	çĽĳæĬ¤	监护
111854	æŃ¤å¤Ħ	此处
111855	éļ¨æĻĤ	隨時
111856	æŀľå®ŀ	果实
111857	åĮ»çĸĹæľįåĬ¡	医疗服务
111858	ä¸įåĲĪçĲĨ	不合理
111859	æĲŀå¥½	搞好
111860	çļĦèĦļæŃ¥	的脚步
111861	å¤ĸå¥Ĺ	外套
111862	ç¶ĵéģİ	經過
111863	æĶ¾ç¼ĵ	放缓
111864	åģľçķĻ	停留
111865	æĺŁçĲĥ	星球
111866	çļĦä¸ĢéĿ¢	的一面
111867	åĩłä½ķ	几何
111868	è½®åĽŀ	轮回
111869	æ¯Ľå·¾	毛巾
111870	ä¿®çĲĨ	修理
111871	ä¸įçŁ¥ä¸į	不知不
111872	ä¸įçŁ¥ä¸įè§ī	不知不觉
111873	æķ´ä¸ªäºº	整个人
111874	æ¯ģçģŃ	毁灭
111875	åı°å·ŀ	台州
111876	ä½¿çĶ¨å¯¿åĳ½	使用寿命
111877	é»ĳçĻ½	黑白
111878	æĳ¸ç´¢	摸索
111879	é¼łæłĩ	鼠标
111880	éĿ©æĸ°	革新
111881	éºµ	麵
111882	ä¸ĵéĹ¨ä¸º	专门为
111883	å¾Īå¤ļæľĭåıĭ	很多朋友
111884	å·¥ä½ľç»Ħ	工作组
111885	åĲĪå½±	合影
111886	çĤºä»Ģéº¼	為什麼
111887	æŀģåº¦	极度
111888	çļĦè¿ĽæŃ¥	的进步
111889	å½ĵä¹ĭ	当之
111890	å½ĵä¹ĭæĹł	当之无
111891	å½ĵä¹ĭæĹłæĦ§	当之无愧
111892	è´´è¿ĳ	贴近
111893	å°ºåº¦	尺度
111894	åľ¨çİ°åľº	在现场
111895	éĻįä¸´	降临
111896	åħ»èĢģéĩĳ	养老金
111897	ç£ķ	磕
111898	åı¯ä»¥ä½¿	可以使
111899	ç®¡çĲĨæ°´å¹³	管理水平
111900	æľ¬æĬ¥è®°èĢħ	本报记者
111901	æ³ķä»¤	法令
111902	åį¡è½¦	卡车
111903	ä¸ľæµ·	东海
111904	å¤ļéĩį	多重
111905	åħ¶éĹ´	其间
111906	ç´Ļ	紙
111907	éĩįå¤§é¡¹çĽ®	重大项目
111908	æ±Ĺæ°´	汗水
111909	ç»Ħå§Ķä¼ļ	组委会
111910	ä¿¡æģ¯åħ¬å¼Ģ	信息公开
111911	ä¸įè®ºæĺ¯	不论是
111912	ä¸ĢåĲ¬	一听
111913	èĴ¸æ±½	蒸汽
111914	æıŃç§ĺ	揭秘
111915	è¶ħéģİ	超過
111916	è§¦åıĳ	触发
111917	å©¦	婦
111918	åħ³èģĶäº¤æĺĵ	关联交易
111919	å°±ç»Ļå¤§å®¶	就给大家
111920	å¥½ä¹ħ	好久
111921	åĢŁè´·	借贷
111922	æ¸¸æĪıè§Ĵèī²	游戏角色
111923	å¼ĢåĲ¯äºĨ	开启了
111924	æİł	掠
111925	åħļçļĦåįģä¹Ŀ	党的十九
111926	ä¸ĭéĽ¨	下雨
111927	çŁŃæĹ¶éĹ´åĨħ	短时间内
111928	å¯ħ	寅
111929	å¯¼åħ¥	导入
111930	å·¥ä½ľç»ıéªĮ	工作经验
111931	ä¹Łåıªèĥ½	也只能
111932	éĽ·éľĨ	雷霆
111933	è·Łè¿Ľ	跟进
111934	åį¡éĢļ	卡通
111935	é¢ĩæľī	颇有
111936	æľºä½ĵ	机体
111937	æĪĺå£«èģĮä¸ļ	战士职业
111938	å¥³ä¸»	女主
111939	ä½ĵåĪ¶æľºåĪ¶	体制机制
111940	è¶³åįı	足协
111941	èĪĴéĢĤçļĦ	舒适的
111942	åĢŁåı£	借口
111943	æī¹åĪ¤	批判
111944	æķ°åĢ¼	数值
111945	è«¾	諾
111946	éĺ¿æĭīä¼¯	阿拉伯
111947	åĺİ	嘎
111948	æħ¶	慶
111949	è¾¾äºº	达人
111950	å¼Ģæ°´	开水
111951	å¤§éĽ¨	大雨
111952	æ¸©å®¤	温室
111953	ä½İè¿·	低迷
111954	ä»įæĹ§	仍旧
111955	éªĹåŃĲ	骗子
111956	äº²å±ŀ	亲属
111957	çĲĨæĻº	理智
111958	æľ¬åŁºéĩĳ	本基金
111959	å¨ħ	娅
111960	åĨĻåŃĹæ¥¼	写字楼
111961	å¢Ļå£ģ	墙壁
111962	å®µ	宵
111963	èĻ½çĦ¶æĺ¯	虽然是
111964	é¡ºçĿĢ	顺着
111965	åħ«åį¦	八卦
111966	åķĨçĶ¨	商用
111967	ä¸įå¤±	不失
111968	è¿·èĮ«	迷茫
111969	é¡ºä¾¿	顺便
111970	æļĳæľŁ	暑期
111971	æ¬ºè´Ł	欺负
111972	é¢ĳé¢ĳ	频频
111973	è¯¥æł¡	该校
111974	æĸĻçĲĨ	料理
111975	æ·±æĥħ	深情
111976	åīįéĶĭ	前锋
111977	ä¿ĿèŃī	保證
111978	èģĮä¸ļçĶŁæ¶¯	职业生涯
111979	åħ¬å¼Ģåıĳ	公开发
111980	åħ¬å¼Ģåıĳè¡Į	公开发行
111981	åħ¥æĪ·	入户
111982	éłĵ	頓
111983	åĢ¾åĲ¬	倾听
111984	éŃģ	魁
111985	æĦīæĤ¦	愉悦
111986	åĽŀåĲĪ	回合
111987	åħ¨åĬĽä»¥	全力以
111988	åħ¨åĬĽä»¥èµ´	全力以赴
111989	åĥ¹åĢ¼	價值
111990	èĥ½åĬĽå¼º	能力强
111991	ç»ıå¼Ģ	经开
111992	ç»ıå¼ĢåĮº	经开区
111993	è¿ľæĸ¹	远方
111994	çļĦéģĵçĲĨ	的道理
111995	çĽ´åįĩ	直升
111996	çĽ´åįĩæľº	直升机
111997	ä¸ºä¸»é¢ĺçļĦ	为主题的
111998	ç»ĻæĤ¨	给您
111999	è¿ĺæĥ³	还想
112000	æ¯ĶæĪĳ	比我
112001	åĨľçī§	农牧
112002	æµ·åºķ	海底
112003	çŃ¾è®¢äºĨ	签订了
112004	å¯¹äºİæĪĳä»¬	对于我们
112005	æĹ¶è®¸	时许
112006	éĶ®çĽĺ	键盘
112007	å®ŀéĻħæİ§åĪ¶	实际控制
112008	çļĦæ¨¡æł·	的模样
112009	åıįæĺłäºĨ	反映了
112010	ä»£åĬŀ	代办
112011	åĮ»çĶ¨	医用
112012	éĽĨç»ĵ	集结
112013	åıĳå±ķåīįæĻ¯	发展前景
112014	æĮĩçĿĢ	指着
112015	åįİåĮĹ	华北
112016	è¿Ļåĩłä¸ª	这几个
112017	åĲįæ°Ķ	名气
112018	åĤįæĻļ	傍晚
112019	èĩªåıĳ	自发
112020	æ³¢åħ°	波兰
112021	å¤§åĬĽæİ¨è¿Ľ	大力推进
112022	èĩªç§°	自称
112023	èįĨå·ŀ	荆州
112024	æĲįå®³	損害
112025	äºĨä¸Ģåı¥	了一句
112026	æľĢåĪĿçļĦ	最初的
112027	éĩĳèŀįåį±æľº	金融危机
112028	æĢĢå¿µ	怀念
112029	è¡Įåĭķ	行動
112030	å¥³æİĴ	女排
112031	ä¸įè§£	不解
112032	ä¼łéĶĢ	传销
112033	è½¬è½½è¯·	转载请
112034	é¥°åĵģ	饰品
112035	åıªä¸º	只为
112036	ä¸İä¼Ĺ	与众
112037	ä¸İä¼Ĺä¸įåĲĮ	与众不同
112038	èĥ½èĢĹ	能耗
112039	èı©æıĲ	菩提
112040	è¿ĳä¸¤å¹´	近两年
112041	è¿Ķä¹¡	返乡
112042	é©¬ä¸Ĭå°±	马上就
112043	äºĮçŃīå¥ĸ	二等奖
112044	æ°´ç®¡	水管
112045	æ³ķåŃ¦	法学
112046	çģŃçģ«	灭火
112047	å¤§å§Ĳ	大姐
112048	åĳ¨è½¬	周转
112049	æľīæľŁ	有期
112050	æľīæľŁå¾Ĵ	有期徒
112051	æľīæľŁå¾ĴåĪĳ	有期徒刑
112052	å°įæĸ¹	對方
112053	ç¥ŀèī²	神色
112054	æ²¹èĦĤ	油脂
112055	ä¸īçĤ¹	三点
112056	ä¸įåĪ©äºİ	不利于
112057	äºĭä¸ļéĥ¨	事业部
112058	å°±è·Ł	就跟
112059	å¼ĢæĶ¯	开支
112060	å°ıå¥³åŃ©	小女孩
112061	åħ±åĲĮåĬªåĬĽ	共同努力
112062	çĶļèĩ³è¿ĺ	甚至还
112063	è¿ĻåĲį	这名
112064	è¿Ļç¬Ķ	这笔
112065	çİ¯åį«	环卫
112066	æľīç§į	有种
112067	è§ĨåĬĽ	视力
112068	çĨŁçŁ¥	熟知
112069	åħ¬ç§¯éĩĳ	公积金
112070	æ¶Īéĺ²å®īåħ¨	消防安全
112071	é¢ĩä¸º	颇为
112072	å¤§èħ¿	大腿
112073	éĿ¶	靶
112074	çī¹æķĪ	特效
112075	æľįåĬ¡åĮº	服务区
112076	å¼Ģåĩº	开出
112077	æ·±åº¦èŀįåĲĪ	深度融合
112078	æĹłå¿§	无忧
112079	æŁ¥éĺħ	查阅
112080	ç»Īç»ĵ	终结
112081	ä¿Ŀç¨İ	保税
112082	è¨İè«ĸ	討論
112083	å½ĵåģļ	当做
112084	è·³èĪŀ	跳舞
112085	å¯§	寧
112086	å¥³çİĭ	女王
112087	è®°èĢħåľ¨	记者在
112088	åħ¨äº§ä¸ļéĵ¾	全产业链
112089	è´¯éĢļ	贯通
112090	åħ´ä¸ļ	兴业
112091	éĻįåĪ°	降到
112092	å°ģéĿ¢	封面
112093	åħ¨éĿ¢æİ¨è¿Ľ	全面推进
112094	å¥¶èĮ¶	奶茶
112095	éĢīåĿĢ	选址
112096	äºĨä¸Ģåľº	了一场
112097	åĲĮä¼´	同伴
112098	è®®è®º	议论
112099	æĲĵ	搓
112100	è¯¸èĳĽ	诸葛
112101	è¯¸èĳĽäº®	诸葛亮
112102	å¹²åĺĽ	干嘛
112103	æµģæĦŁ	流感
112104	ä¸ĵä¸ļçŁ¥è¯Ĩ	专业知识
112105	çĶµç«Ļ	电站
112106	åĩıå¼±	减弱
112107	åĩºåħ¥	出入
112108	åĲĦçľģ	各省
112109	éĿŀå¸¸é«ĺ	非常高
112110	åľ°æ¯¯	地毯
112111	åıĳæĸĩ	发文
112112	çĦī	焉
112113	çĥ§çĥ¤	烧烤
112114	å£ģçº¸	壁纸
112115	æģ¶åĮĸ	恶化
112116	èĬ¸	芸
112117	èĥĸåŃĲ	胖子
112118	çĩĴ	燒
112119	çľģéĴ±	省钱
112120	çĻ¾å¼º	百强
112121	çĲĨå·¥å¤§åŃ¦	理工大学
112122	éĴ¢æĿĲ	钢材
112123	åĽ½æľīèµĦäº§	国有资产
112124	æĪĺæľº	战机
112125	æ³Ħéľ²	泄露
112126	åĲİéĿ¢çļĦ	后面的
112127	æ°´èµĦæºĲ	水资源
112128	æ¢ħèĬ±	梅花
112129	åĨĻçĿĢ	写着
112130	ä¹ĭå£°	之声
112131	æĹłåı¯	无可
112132	æĺİæľĿ	明朝
112133	ç«ĭæĸ¹ç±³	立方米
112134	ç·£	緣
112135	æĶ¾è¿ĩ	放过
112136	ç¦ıçĶ°	福田
112137	å¾Ĺä½ı	得住
112138	åıĹä¼Ĺ	受众
112139	ä¸Ńçº§	中级
112140	çĹħåıĺ	病变
112141	ä¸Ģçŀ¬éĹ´	一瞬间
112142	æĿĥéĩį	权重
112143	äººæĢ§åĮĸ	人性化
112144	åĮ»çĸĹåį«çĶŁ	医疗卫生
112145	ä¸įåĪ°ä½į	不到位
112146	æĻºèĥ½å®¶å±ħ	智能家居
112147	é¥®çĶ¨	饮用
112148	æ¼Ķåıĺ	演变
112149	é«ĺç´łè´¨	高素质
112150	ä¹Ļæĸ¹	乙方
112151	åģľçķĻåľ¨	停留在
112152	èİ·æī¹	获批
112153	ç©¿æ¢Ń	穿梭
112154	å®¢åľº	客场
112155	æĮ½åĽŀ	挽回
112156	äº¬åŁİ	京城
112157	çĶŁåĳ½åĬĽ	生命力
112158	å¯¦éļĽ	實際
112159	çĩĪ	燈
112160	åĨįçİ°	再现
112161	çİ°å®ŀä¸Ń	现实中
112162	æľīä¿¡å¿ĥ	有信心
112163	çĸıéĢļ	疏通
112164	åĺ´åĶĩ	嘴唇
112165	éĽ·éĶĭ	雷锋
112166	èıľåįķ	菜单
112167	éħ¯	酯
112168	è¶ħé«ĺ	超高
112169	å¾Īé«ĺåħ´	很高兴
112170	çĶŁæ®ĸ	生殖
112171	éĢłä»·	造价
112172	è¯¯åĮº	误区
112173	æĨĭ	憋
112174	å¥½æ¶Īæģ¯	好消息
112175	å´Ń	崭
112176	ä»¥èĩ´	以致
112177	å¼Ģçİ©ç¬ĳ	开玩笑
112178	çĽĳè§Ĩ	监视
112179	å·¡å¯Ł	巡察
112180	å¾·å·ŀ	德州
112181	æĹ©æĹ©	早早
112182	éĹªçĶµ	闪电
112183	æĪªåĽ¾	截图
112184	åı¯ä»¥æł¹æį®	可以根据
112185	æīĭèīº	手艺
112186	æİ¥è½¨	接轨
112187	ç§įæĹı	种族
112188	æĢĢéĩĮ	怀里
112189	åİ»åĮ»éĻ¢	去医院
112190	ä¸ĢäºĮ	一二
112191	å¼ĢéĺĶ	开阔
112192	åĩıéĢŁ	减速
112193	ä½Ĩä»İ	但从
112194	éĢĻä¸Ģ	這一
112195	åĩıåħį	减免
112196	ä¸»é¢ĺæķĻèĤ²	主题教育
112197	å¼Ģå·¥å»ºè®¾	开工建设
112198	è¹¦	蹦
112199	æľĪé¥¼	月饼
112200	ä¸ĭæ²ī	下沉
112201	å°Ĭä¸¥	尊严
112202	éĻĩ	陇
112203	å®ŀæľ¨	实木
112204	å»łåķĨ	廠商
112205	å£°ç§°	声称
112206	èĢĥåľº	考场
112207	å¸ĥé²ģ	布鲁
112208	èĩªæĿ¥	自来
112209	èĩªæĿ¥æ°´	自来水
112210	éĴ¾	钾
112211	å¹´ä»¥ä¸Ĭ	年以上
112212	å¤§åıĶ	大叔
112213	ä»ĸå·²ç»ı	他已经
112214	åħ¨æĿĳ	全村
112215	èģĶç³»çĶµè¯Ŀ	联系电话
112216	ä¸ºå¯¼åĲĳ	为导向
112217	åĪ¤å¤Ħ	判处
112218	å¯¹éĺµ	对阵
112219	çĽ®æ¨Ļ	目標
112220	åĲįé¢Ŀ	名额
112221	å®¢æ°Ķ	客气
112222	æ¨ªåĲĳ	横向
112223	çŃīåĨħå®¹	等内容
112224	åĩłçĤ¹	几点
112225	è°Īè®º	谈论
112226	ä¸įä¹ı	不乏
112227	å±ķçİ°åĩº	展现出
112228	è¾ĥéķ¿	较长
112229	éĢĨè½¬	逆转
112230	å°ıæĻĤ	小時
112231	æĺ¯å¤ļä¹Ī	是多么
112232	æľ¬æľĪ	本月
112233	è¿ĳè§Ĩ	近视
112234	æĪĲç«ĭä»¥æĿ¥	成立以来
112235	ä»£è¡¨çĿĢ	代表着
112236	æĬ¥å¤į	报复
112237	æĪıæĽ²	戏曲
112238	è¨ŃåĤĻ	設備
112239	åħ¥èĤ¡	入股
112240	å¾ģæľį	征服
112241	é«ĺåĩº	高出
112242	èĪŀåı°ä¸Ĭ	舞台上
112243	å¿ĥåĬ¨	心动
112244	ä¸¤çĤ¹	两点
112245	çĽ¸çķ¶	相當
112246	èĻĽ	虛
112247	ä¸»é¡µ	主页
112248	åĩłå®¶	几家
112249	æĹłä¸į	无不
112250	åįıå®ļ	协定
112251	æĸĲ	斐
112252	å¯ĵæĦı	寓意
112253	åħ¨çº¿	全线
112254	æįķé±¼	捕鱼
112255	åı¯ä»¥ä»İ	可以从
112256	æľīè¿Ļæł·çļĦ	有这样的
112257	æģ¶éŃĶ	恶魔
112258	åĮħåŃĲ	包子
112259	æģ¤	恤
112260	å¼Ģå¥ĸç»ĵæŀľ	开奖结果
112261	ä¸įæŃ»	不死
112262	èĹį	藍
112263	å¼¯æĽ²	弯曲
112264	æµ·å³¡	海峡
112265	éĶĢæ¯ģ	销毁
112266	çļĦçĭ¬çī¹	的独特
112267	ç¤ºæĦı	示意
112268	ä¸įèĥ½åĨį	不能再
112269	èĥ½æĬĬ	能把
112270	éĺ²çº¿	防线
112271	ä¸įå°ĳäºİ	不少于
112272	æ±Ģ	汀
112273	çļĦéĤ£ä¸Ģ	的那一
112274	çľŁæĥħ	真情
112275	åŀ®	垮
112276	è¢«æīĵ	被打
112277	åĽ½å®ī	国安
112278	ç¾İå¦Ļ	美妙
112279	è¿Ļåĩł	这几
112280	åĩºéģĵ	出道
112281	æľįåĬ¡äºİ	服务于
112282	æĪĲæŀľè½¬åĮĸ	成果转化
112283	æīįåįİ	才华
112284	å¤©é¹ħ	天鹅
112285	åĩłä¸ªäºº	几个人
112286	åĢĺèĭ¥	倘若
112287	èĢ½è¯¯	耽误
112288	æĬĹæĪĺ	抗战
112289	è¡ĮéĬ·	行銷
112290	æĿ¥è¢Ń	来袭
112291	åĢŁéĮ¢	借錢
112292	èįīèİĵ	草莓
112293	ä¸¥æł¼æī§è¡Į	严格执行
112294	ä¸¾è¡ĮäºĨ	举行了
112295	å¤ĸç±į	外籍
112296	å·²è¾¾	已达
112297	æĿĳåħļæĶ¯éĥ¨	村党支部
112298	è¡Ŀ	衝
112299	éĻįèĩ³	降至
112300	æµ·éĩı	海量
112301	é¤Ĳé¦Ĩ	餐馆
112302	æĢ¥å¿Ļ	急忙
112303	æ·±è¿ľ	深远
112304	å¾Ģè¿Ķ	往返
112305	ç¨İåĬ¡å±Ģ	税务局
112306	å¹¿æ³ĽåºĶçĶ¨	广泛应用
112307	è®®åĳĺ	议员
112308	æĹłæķĮ	无敌
112309	çľ¼åħī	眼光
112310	çĥŃè¡Ģä¼łå¥ĩ	热血传奇
112311	æŃĲ	歐
112312	äºĨäºĽ	了些
112313	è¿ĿèĥĮ	违背
112314	è¿Ļæĺ¯ä¸Ģç§į	这是一种
112315	ä¸įç¨³å®ļ	不稳定
112316	å¤§å®¶åĪĨäº«	大家分享
112317	è¡¨çı¾	表現
112318	åīįåįģ	前十
112319	è·¯è¿ĩ	路过
112320	æĴ©	撩
112321	åĲĮæĥħ	同情
112322	ä¹łä¿Ĺ	习俗
112323	åıĳè´¢	发财
112324	åºĶæľīçļĦ	应有的
112325	æĿİæŁĲ	李某
112326	èĤĽ	肛
112327	é©¬åħĭ	马克
112328	éĢļåĳĬ	通告
112329	å·¨äºº	巨人
112330	ä¸ĢåĽ¢	一团
112331	éĢĻæ¬¡	這次
112332	ä¸įäºĨè§£	不了解
112333	æĸ½è¡Į	施行
112334	èĳ¡èĲĦçīĻ	葡萄牙
112335	åıĺå¾ĹæĽ´åĬł	变得更加
112336	æı£	揣
112337	åĪĽæĸ°èĥ½åĬĽ	创新能力
112338	çķħéĶĢ	畅销
112339	è¡¨æī¬	表扬
112340	æ¯ĶåĪ©	比利
112341	æ¯ĶåĪ©æĹ¶	比利时
112342	åĮ»çĸĹä¿ĿéĻ©	医疗保险
112343	æĵįçºµ	操纵
112344	ä¼¤äº¡	伤亡
112345	æµİå®ģ	济宁
112346	åıĺäºĨ	变了
112347	æľ¬æ¬¡æ´»åĬ¨	本次活动
112348	åľŁè±ª	土豪
112349	æĥ³åĬŀæ³ķ	想办法
112350	æĺķ	昕
112351	å½ĵæĻļ	当晚
112352	åĩºå±Ģ	出局
112353	çĥŃè®®	热议
112354	è°Īè°Ī	谈谈
112355	æĻĭåįĩ	晋升
112356	åĬ¿å¿ħ	势必
112357	çĻ»å±±	登山
112358	éĤ£åĦ¿	那儿
112359	åĲĥåĪ°	吃到
112360	ä¹ĭåŁİ	之城
112361	å¿«æĿ¥	快来
112362	æ¹Ľæ±Ł	湛江
112363	ç¬¬ä¸īä¸ª	第三个
112364	åħ¨éĿ¢æıĲåįĩ	全面提升
112365	å¥ĸåŃ¦	奖学
112366	å¥ĸåŃ¦éĩĳ	奖学金
112367	æĬķåħ¥ä½¿çĶ¨	投入使用
112368	é½Ĳé²ģ	齐鲁
112369	åı¯ä»¥æĬĬ	可以把
112370	åĴĮä»ĸçļĦ	和他的
112371	è´ŃæĪ¿èĢħ	购房者
112372	æŃ£å¼ıåĲ¯åĬ¨	正式启动
112373	åįİæ¶¦	华润
112374	ä¸įæĸŃå®ĮåĸĦ	不断完善
112375	éĴ¢æĿ¿	钢板
112376	ç´¯ç§¯	累积
112377	æ»¡èĦ¸	满脸
112378	åĽĽæĸ¹	四方
112379	è´¢çī©	财物
112380	ä»ĸä»¬ä¼ļ	他们会
112381	å¤ıæĹ¥	夏日
112382	éĤ£ä¸ªäºº	那个人
112383	éĿłçĿĢ	靠着
112384	çĤ¹äºĨ	点了
112385	çĤ¹äºĨçĤ¹å¤´	点了点头
112386	æ©ĭ	橋
112387	åıĪå¥½	又好
112388	åıĪå¥½åıĪ	又好又
112389	åıĪå¥½åıĪå¿«	又好又快
112390	éĺµéĺµ	阵阵
112391	å°ģå»º	封建
112392	æľ¬çĶ°	本田
112393	çī©ä¸ļæľįåĬ¡	物业服务
112394	èĩªè´¸åĮº	自贸区
112395	åĲı	吏
112396	ä¾¿åĪ©åºĹ	便利店
112397	åĽ½å®¶æłĩåĩĨ	国家标准
112398	éĿ¢ç²ī	面粉
112399	èī°è¾Ľ	艰辛
112400	æĶ»åħ³	攻关
112401	æīĵåĮħ	打包
112402	è½¦éĺŁ	车队
112403	äººéĢī	人选
112404	åı¯ä¸įæĺ¯	可不是
112405	äºĮåįģå¹´	二十年
112406	åĲįå¸Ī	名师
112407	æµ¦ä¸ľ	浦东
112408	åħ¬è¯ģ	公证
112409	è¿ĲéĢģ	运送
112410	æĺ¯æľĢå¥½çļĦ	是最好的
112411	æŁĶåĴĮ	柔和
112412	çİĭæŁĲ	王某
112413	çĹħæĪ¿	病房
112414	åĨ¶éĩĳ	冶金
112415	ä¸Ģä»¶äºĭæĥħ	一件事情
112416	åį¤	卤
112417	åı¯æİ§	可控
112418	çīŁ	牟
112419	æĭĤ	拂
112420	å·²äºİ	已于
112421	äººéĢł	人造
112422	çĶŁçī©åĮ»èį¯	生物医药
112423	ä½ĵçİ°åĩº	体现出
112424	èĤ²åĦ¿	育儿
112425	èĢģå®ŀ	老实
112426	åľĸçīĩ	圖片
112427	è«¸	諸
112428	ç´¯äºĨ	累了
112429	æĦŁåħ´è¶£çļĦ	感兴趣的
112430	åĽ¾çīĩæĿ¥æºĲ	图片来源
112431	ä¹Łæĺ¯ä¸Ģç§į	也是一种
112432	æ¾İæ¹ĥæĸ°éĹ»	澎湃新闻
112433	æĹ¶è¡¨ç¤º	时表示
112434	åħīè¾ī	光辉
112435	æĬ¥åºŁ	报废
112436	å²ģæĹ¶	岁时
112437	éħ®	酮
112438	æ£Ģä¿®	检修
112439	åıĺéĢŁ	变速
112440	åıĺéĢŁç®±	变速箱
112441	åľ¨èģĮ	在职
112442	éı¡	鏡
112443	æįĤ	捂
112444	çĿ£åĬŀ	督办
112445	æ°¸ä¸į	永不
112446	åģļä¸ĢäºĽ	做一些
112447	åİĨæĹ¶	历时
112448	å·¥ç¨ĭæľºæ¢°	工程机械
112449	æģ°å½ĵ	恰当
112450	å°±åľ¨äºİ	就在于
112451	ç§°åĳ¼	称呼
112452	éĢļå¸¸æĺ¯	通常是
112453	æł·å¼ı	样式
112454	åĳ¨ä¸Ģ	周一
112455	èĭ±éķĳ	英镑
112456	åĿĩçº¿	均线
112457	ä¼łéĹ»	传闻
112458	çĶ¨æĪ·ä½ĵéªĮ	用户体验
112459	èµŀåĲĮ	赞同
112460	éª¨æĬĺ	骨折
112461	ä¸ºä¸»ä½ĵ	为主体
112462	æ±Łå±±	江山
112463	æ¸ħæľĿ	清朝
112464	æĶĢåįĩ	攀升
112465	ä¸įçĽ¸ä¿¡	不相信
112466	éĿ´	靴
112467	æŃ¦åĬŁ	武功
112468	åĭ¤åĬ³	勤劳
112469	æĿ¥æī¾	来找
112470	å°ĨæĮģç»Ń	将持续
112471	ä¸«å¤´	丫头
112472	æ¨Ļæºĸ	標準
112473	è£´	裴
112474	æ·±æ·±çļĦ	深深的
112475	åŃķèĤ²	孕育
112476	è§ĦåĪĴå»ºè®¾	规划建设
112477	æ¸ħçĪ½	清爽
112478	ç²¾åĩĨæī¶è´«	精准扶贫
112479	æīĵçł´äºĨ	打破了
112480	è¿Ļä¸Ģå¤©	这一天
112481	å·¥ä½ľæĢ»ç»ĵ	工作总结
112482	æĹħç¨ĭ	旅程
112483	ä¸ľèĲ¥	东营
112484	æĶ¾å°Ħ	放射
112485	æľīåĩłä¸ª	有几个
112486	éĿŀçī©è´¨	非物质
112487	åĲĥå¾Ĺ	吃得
112488	åĹ¨	嗨
112489	ä¼ļåıĳçĶŁ	会发生
112490	ç¯®æĿ¿	篮板
112491	å¼Ģå°ģ	开封
112492	éº»å°Ĩ	麻将
112493	èııæ³½	菏泽
112494	ä¸įåĲĪ	不合
112495	ç³»åĪĹäº§åĵģ	系列产品
112496	èŃ¬å¦Ĥ	譬如
112497	ç¾İèªī	美誉
112498	èĩªå·±åĸľæ¬¢	自己喜欢
112499	äº¤æĺĵä¸Ńå¿ĥ	交易中心
112500	åĲĪåĶ±	合唱
112501	ä½¿æĪĳ	使我
112502	åĥıç´ł	像素
112503	å¸¦éĺŁ	带队
112504	ä½Ĩå¯¹äºİ	但对于
112505	æĬĬè¿Ļä¸ª	把这个
112506	èĤĿèĦı	肝脏
112507	åįķçº¯çļĦ	单纯的
112508	æĶ»åĿļæĪĺ	攻坚战
112509	çĽĽä¼ļ	盛会
112510	åĳµæĬ¤	呵护
112511	æªĢ	檀
112512	èµ¶ä¸Ĭ	赶上
112513	æ¥Ĭ	楊
112514	ä¹ħäºĨ	久了
112515	ç¡Ŀ	硝
112516	çŃĶé¢ĺ	答题
112517	ä¿ĿæĮģçĿĢ	保持着
112518	è§ģè¯Ĩ	见识
112519	çĤ¹åĦ¿	点儿
112520	åįĬä¸ªæľĪ	半个月
112521	æ»ĩ	滇
112522	æµ¸æ³¡	浸泡
112523	ä¼łéĢģ	传送
112524	åľ¨å¸Ĥåľºä¸Ĭ	在市场上
112525	ä¹ĭä¹¡	之乡
112526	çī¹éķ¿	特长
112527	éĽŀ	雞
112528	èªł	誠
112529	èº«å¤Ħ	身处
112530	æŁłæª¬	柠檬
112531	èº«ç©¿	身穿
112532	çľģåħ¬å®ī	省公安
112533	çľģåħ¬å®īåİħ	省公安厅
112534	åıĻåĪ©äºļ	叙利亚
112535	åĩłåĪĨéĴŁ	几分钟
112536	äººåĢĳ	人們
112537	åľ°æ®µ	地段
112538	èĩªåŃ¦	自学
112539	ä¹Łè¶ĬæĿ¥è¶Ĭ	也越来越
112540	èģĮæĿĥ	职权
112541	æĸ§	斧
112542	èĩ»	臻
112543	å½Ĵçº³	归纳
112544	é©¾é©Ń	驾驭
112545	éĥ¨åĪĨåľ°åĮº	部分地区
112546	æ²¡æľīæĥ³åĪ°	没有想到
112547	æĴĩ	撇
112548	ä¹Įé²ģ	乌鲁
112549	ä¹Įé²ģæľ¨	乌鲁木
112550	ä¹Įé²ģæľ¨é½Ĳ	乌鲁木齐
112551	èĤ²äºº	育人
112552	çļĦæŃ¥ä¼Ĳ	的步伐
112553	å»¶æľŁ	延期
112554	æ²¹æ°Ķ	油气
112555	åģļå®Į	做完
112556	åľ£åľ°	圣地
112557	ä¸°åİļ	丰厚
112558	å®½å¸¦	宽带
112559	åı¯éĿłçļĦ	可靠的
112560	åºŃéĻ¢	庭院
112561	åŃľ	孜
112562	å°ıåº·ç¤¾ä¼ļ	小康社会
112563	å®īåħ¨ç®¡çĲĨ	安全管理
112564	å¹´ç¬¬	年第
112565	æİĴæ±¡	排污
112566	èĥĮåĮħ	背包
112567	å®¶ä½ı	家住
112568	åħ¶å®ŀå°±æĺ¯	其实就是
112569	ä¼ļè§ģ	会见
112570	å¸®åĬ©ä¼ģä¸ļ	帮助企业
112571	ç½ĳè´Ń	网购
112572	æĺ¯ä¸įä¼ļ	是不会
112573	é£¯åºĹ	飯店
112574	æŃ»åİ»	死去
112575	åħįçĸ«åĬĽ	免疫力
112576	æľķ	朕
112577	åĸĿäºĨ	喝了
112578	è½»å¾®	轻微
112579	ä¸ªæľĪåĨħ	个月内
112580	ç»ĦåĽ¢	组团
112581	åĴĮå®ĮåĸĦ	和完善
112582	é¸½	鸽
112583	æıĲéĢŁ	提速
112584	è¥¿å®īå¸Ĥ	西安市
112585	ä¸Ńå¿ĥä¸»ä»»	中心主任
112586	æĹ¶éĹ´ä¸º	时间为
112587	æľŁæĿĥ	期权
112588	è¶ķ	趕
112589	ä¸įä»ħè¦ģ	不仅要
112590	æľįä»İ	服从
112591	é¡ĺæĦı	願意
112592	ä¸įå°ı	不小
112593	ä¸įå°ıçļĦ	不小的
112594	ç°ĩ	簇
112595	çª¦	窦
112596	åĪĩæĪĲ	切成
112597	åĵĪåĪ©	哈利
112598	å¤©çľŁ	天真
112599	ä¸Ģæ¬¡æ¬¡	一次次
112600	éĩĳå¸ģ	金币
112601	æĢİä¹Īèĥ½	怎么能
112602	ç½ĳè´·	网贷
112603	ä¼ļè®¡å¸Ī	会计师
112604	çŁŃç¼º	短缺
112605	å¯¹æłĩ	对标
112606	åıĺå¾ĹæĽ´	变得更
112607	åīįåĩłå¤©	前几天
112608	éĺ²æ±Ľ	防汛
112609	å½©èĻ¹	彩虹
112610	åĵģä½į	品位
112611	è¡¨æł¼	表格
112612	ä¸¥å¯Ĩ	严密
112613	æ¯ĽåĪ©çİĩ	毛利率
112614	çļĦåį±å®³	的危害
112615	å½ķåĪ¶	录制
112616	æ°´åĬ¡	水务
112617	èĥ½å¤Łè®©	能够让
112618	å¹³æĿ¿	平板
112619	ä¹³æĪ¿	乳房
112620	è¸ıå®ŀ	踏实
112621	é¦ĸåĪĽ	首创
112622	é¦Ļèķī	香蕉
112623	æĬ¥è¡¨	报表
112624	ä¸ĢæĬ¹	一抹
112625	åĩºçĶŁäºİ	出生于
112626	è²»çĶ¨	費用
112627	åĩºè®©	出让
112628	åĲĪæ³ķæĢ§	合法性
112629	å°¼åħĭ	尼克
112630	åĨ°åĨ·	冰冷
112631	é¦Ļæ°Ķ	香气
112632	åı·ç§°	号称
112633	èµ·çłģ	起码
112634	åŁİåİ¿	城县
112635	çİ©èĢį	玩耍
112636	ä¸ĬéĻĲ	上限
112637	ä¼ļè®®ç²¾ç¥ŀ	会议精神
112638	æĹģè¾¹çļĦ	旁边的
112639	ä¾¿ä¼ļ	便会
112640	æıŃæĻĵ	揭晓
112641	çİ©æĦı	玩意
112642	éĽªå±±	雪山
112643	åĲĳçĿĢ	向着
112644	ä½ĵèĤ²åľ¨çº¿	体育在线
112645	è¯´æĺİä¹¦	说明书
112646	åĮĸèĤ¥	化肥
112647	åħļç»Ħä¹¦è®°	党组书记
112648	åĬ¨äºº	动人
112649	ä¹ĭæīĢ	之所
112650	æľĪèĩ³	月至
112651	æľĢå¿«çļĦ	最快的
112652	èĬĤåģĩæĹ¥	节假日
112653	ä¸ĵåľº	专场
112654	èĢĥä¸Ĭ	考上
112655	çªŁ	窟
112656	é²ľè¡Ģ	鲜血
112657	è¾ĥå¼ºçļĦ	较强的
112658	æĤĦçĦ¶	悄然
112659	å¤ļä¸ªåĽ½å®¶	多个国家
112660	çªĹå¸ĺ	窗帘
112661	æŀģå¤§åľ°	极大地
112662	ä¸įçĶ¨æĭħå¿ĥ	不用担心
112663	è¿Ļä¹Īåģļ	这么做
112664	åĥ¹æł¼	價格
112665	ç¾İä¸½ä¹¡æĿĳ	美丽乡村
112666	å°ıæĹ¶åĨħ	小时内
112667	ç´§è¿«	紧迫
112668	å¤§çģ«	大火
112669	èĥ³èĨĬ	胳膊
112670	æĵįä½ľç³»ç»Ł	操作系统
112671	æ®ĭçķĻ	残留
112672	åĨĻåĩº	写出
112673	ç¦ģå¿Į	禁忌
112674	åĬłçĽŁåºĹ	加盟店
112675	è¿ĳçĻ¾	近百
112676	ä¾¿åı¯	便可
112677	æķ´æĶ¹æİªæĸ½	整改措施
112678	éĩĩè®¿æĹ¶	采访时
112679	åĶĲä»£	唐代
112680	æ·±åĮĸæĶ¹éĿ©	深化改革
112681	çŁ¢	矢
112682	éĥ½åĸľæ¬¢	都喜欢
112683	è¶ĬæĿ¥è¶Ĭé«ĺ	越来越高
112684	èĬ±æľµ	花朵
112685	å¤´çĸ¼	头疼
112686	å®īåº·	安康
112687	å¢ŀéķ¿çİĩ	增长率
112688	çľ¼çľĭ	眼看
112689	å°±æĺ¯ä¸ºäºĨ	就是为了
112690	èĢĮå¯¼èĩ´	而导致
112691	åĬłå¿«å»ºè®¾	加快建设
112692	èĬ±æł·	花样
112693	åĨħå¿ĥçļĦ	内心的
112694	æĺĨå±±	昆山
112695	è³ĩæºĲ	資源
112696	åĽŀåĪ°å®¶	回到家
112697	èıĬèĬ±	菊花
112698	æ°´éĩı	水量
112699	å¾ģä¿¡	征信
112700	è¡ĮæĶ¿åĮº	行政区
112701	ä¹ĥæĺ¯	乃是
112702	æĬķèµĦé¡¹çĽ®	投资项目
112703	å«ģç»Ļ	嫁给
112704	ç¥ŀåľ£	神圣
112705	ç¨ł	稠
112706	æľ¬æĿ¥å°±	本来就
112707	éĢĲä¸Ģ	逐一
112708	èģĮä¸ļæĬĢæľ¯	职业技术
112709	ä¸įèī¯ä¿¡æģ¯	不良信息
112710	æīĺè¿Ĳ	托运
112711	åĲ¯ç¤º	启示
112712	ä¹ĭåħ§å®¹	之內容
112713	éŁ¶	韶
112714	å¥¢åįİ	奢华
112715	æıŃç¤º	揭示
112716	æĪĲä¸ºä¸ŃåĽ½	成为中国
112717	æ¶Īè´¹åĵģ	消费品
112718	åħ¬çĶ¨	公用
112719	æĲŀå®ļ	搞定
112720	è¯·ä½ł	请你
112721	æŁļ	柚
112722	åĨħè¡£	内衣
112723	ä½Ĩä»ĸä»¬	但他们
112724	ä¿Ŀæ¹¿	保湿
112725	è¯¥åİ¿	该县
112726	é¥±åĴĮ	饱和
112727	æİ¨åĲĳ	推向
112728	èµĦæĸĻæĺ¾ç¤º	资料显示
112729	ä¸įå½±åĵį	不影响
112730	äººäººéĥ½	人人都
112731	åıĳå±ķå£®å¤§	发展壮大
112732	åħ»èĢģæľįåĬ¡	养老服务
112733	çĶŁæ´»æ°´å¹³	生活水平
112734	åĲĦåİ¿	各县
112735	ä½łéľĢè¦ģ	你需要
112736	è¯´çļĦæĺ¯	说的是
112737	å¤ĸåªĴ	外媒
112738	æŃ¤äºº	此人
112739	æ¬¡è¦ģ	次要
112740	è¿½èµ¶	追赶
112741	åºĶè¯¥å¦Ĥä½ķ	应该如何
112742	æĹ¥åĩĮæĻ¨	日凌晨
112743	çķ¥æľī	略有
112744	éĥ½æĥ³	都想
112745	æ¸¸ä¹Ĳ	游乐
112746	è¿Ļæ¬¾æ¸¸æĪı	这款游戏
112747	å¹³æ·¡	平淡
112748	æĺ¯ä¸ĢåĢĭ	是一個
112749	å¤ĩèĢĥ	备考
112750	åĪ¶æŃ¢	制止
112751	ä¸Ģå®ļèĥ½	一定能
112752	å¾Ĵå¼Ł	徒弟
112753	ä»¥çĤº	以為
112754	åįĥåħĥ	千元
112755	äºĶåħŃ	五六
112756	è¿ªå£«	迪士
112757	è¿ªå£«å°¼	迪士尼
112758	éĺ³æĢ§	阳性
112759	åĨ¬å¥¥ä¼ļ	冬奥会
112760	å°±æĺ¯åĽłä¸º	就是因为
112761	æĮĤéĴ©	挂钩
112762	æ¦ĤåĨµ	概况
112763	åıªè¦ģæľī	只要有
112764	æ²¹çĶ»	油画
112765	åľ°æłĩ	地标
112766	ä¸Ĭè°ĥ	上调
112767	äº§ä¸ļåĽŃåĮº	产业园区
112768	åħ«åįģ	八十
112769	æ£±	棱
112770	æ¶²æĻ¶	液晶
112771	æĿĳå§Ķä¼ļ	村委会
112772	çŃ¾çº¦ä»ªå¼ı	签约仪式
112773	è¿Ļåħ¶ä¸Ń	这其中
112774	åĨĻéģĵ	写道
112775	ç¤ºèĮĥåŁºåľ°	示范基地
112776	éĩİçĶŁåĬ¨çī©	野生动物
112777	éĽ»åŃĲä¿¡ç®±	電子信箱
112778	åĽ½éĻħè´¸æĺĵ	国际贸易
112779	äººæĿĥ	人权
112780	ä¿Ŀç®¡	保管
112781	èĭ¥æĤ¨	若您
112782	åİĭæĬĳ	压抑
112783	é»Ľ	黛
112784	åľ°çľĭçĿĢ	地看着
112785	éĻ°	陰
112786	ä¸Ģå¹´å¤ļ	一年多
112787	ä»İå®¹	从容
112788	ä¸ŃæĸŃ	中断
112789	å¯Łè§ī	察觉
112790	ç§»äº¤	移交
112791	éĶ¯	锯
112792	æĪĸè®¸æĺ¯	或许是
112793	ç¶ł	綠
112794	ä¸¤é¡¹	两项
112795	æľĢåĸľæ¬¢	最喜欢
112796	æľĢåĸľæ¬¢çļĦ	最喜欢的
112797	å¤ľéĩĮ	夜里
112798	åĲĮä»ģ	同仁
112799	åĪĽæĸ°é©±åĬ¨	创新驱动
112800	è°ģèĥ½	谁能
112801	é£¾	飾
112802	åħīåŃ¦	光学
112803	åİĦ	厄
112804	èĦ±é¢ĸ	脱颖
112805	èĦ±é¢ĸèĢĮåĩº	脱颖而出
112806	è¿¦	迦
112807	æĺ¯ä¸įåı¯èĥ½	是不可能
112808	çª¥	窥
112809	èĥ½æ»¡è¶³	能满足
112810	å®½åº¦	宽度
112811	ä¼¦çĲĨ	伦理
112812	åı¯ä»¥èİ·å¾Ĺ	可以获得
112813	è½¬ä¼ļ	转会
112814	å±±æĿĳ	山村
112815	éĵºè®¾	铺设
112816	åĩºåĩ»	出击
112817	æĸĩåĮĸèīºæľ¯	文化艺术
112818	ä¼ļè®®å®¤	会议室
112819	æŃĮå£°	歌声
112820	æ»Ķ	滔
112821	èĲİç¼©	萎缩
112822	æľįåĬ¡åĳĺ	服务员
112823	åıĳè¡¨äºĨ	发表了
112824	æĸ¼æĺ¯	於是
112825	æĺİç¡®è§Ħå®ļ	明确规定
112826	ç»´å¥ĩ	维奇
112827	æ°´äº§	水产
112828	æĬķä¿Ŀ	投保
112829	éĺ´éģĵ	阴道
112830	èµ¶å¿«	赶快
112831	å¤ºå¾Ĺ	夺得
112832	ä¸ĭåįķ	下单
112833	çī©æµģåħ¬åı¸	物流公司
112834	çİ¯ç»ķ	环绕
112835	å½Ī	彈
112836	ä½ľé£İå»ºè®¾	作风建设
112837	æĹħæ¸¸æĻ¯åĮº	旅游景区
112838	æľīæĽ´å¤ļçļĦ	有更多的
112839	ä¸°å¯Įå¤ļå½©	丰富多彩
112840	çĲĨè´¢äº§åĵģ	理财产品
112841	åĩºå·®	出差
112842	ä»İä¸¥æ²»	从严治
112843	ä»İä¸¥æ²»åħļ	从严治党
112844	çĽ¸å¹²	相干
112845	æ»ĭæ¶¦	滋润
112846	ä¸»åĬŀæĸ¹	主办方
112847	åī§åľº	剧场
112848	æ»ļçĲĥ	滚球
112849	æ©Ħæ¦Ħ	橄榄
112850	èĩªä¸»åĪĽæĸ°	自主创新
112851	éĢļå¾Ģ	通往
112852	æł¼å°Ķ	格尔
112853	çļĦä¼ĺçĤ¹	的优点
112854	èĥĮä¸Ĭ	背上
112855	çªľ	窜
112856	çĪĨåĩº	爆出
112857	å¹³æķ´	平整
112858	ä¸ĢèĦļ	一脚
112859	åħ¨ä½ĵåĳĺå·¥	全体员工
112860	éĻĲå®ļ	限定
112861	åŁİéķĩåĮĸ	城镇化
112862	æ·³	淳
112863	éĢ®æįķ	逮捕
112864	è¡ĮåĬ¨è®¡åĪĴ	行动计划
112865	æīĵå¾Ĺ	打得
112866	åİļéĩį	厚重
112867	çºªå½ķçīĩ	纪录片
112868	åĿļä¿¡	坚信
112869	å¤®ä¼ģ	央企
112870	åĨįä¹Łä¸į	再也不
112871	å¤©æ¶¯	天涯
112872	åıĤèĢĥèµĦæĸĻ	参考资料
112873	æľīæ¯Ĵ	有毒
112874	åĲ¸çº³	吸纳
112875	è¶Ĭåıĳ	越发
112876	éĩįè¦ģæĦıä¹ī	重要意义
112877	åĽ½éĺ²éĥ¨	国防部
112878	è¿Ļä¸ªè¡Įä¸ļ	这个行业
112879	æĻ®æŁ¥	普查
112880	å¼ĤæĢ§	异性
112881	å»¶è¿Ł	延迟
112882	å°ıå¹ħ	小幅
112883	èī²æĥħ	色情
112884	ç»¼åĲĪæ²»çĲĨ	综合治理
112885	æŃ£æĺ¯åĽłä¸º	正是因为
112886	äº§ä¸ļç»ĵæŀĦ	产业结构
112887	çłĶç©¶æĬ¥åĳĬ	研究报告
112888	åģľä¸ĭ	停下
112889	éķ¿èĢģ	长老
112890	éĩĿå°į	針對
112891	åįĹäº¬å¸Ĥ	南京市
112892	çģĮæºī	灌溉
112893	è½¬è¿Ĳ	转运
112894	æ¬ºè¯Ī	欺诈
112895	éĢłåģĩ	造假
112896	åĪĨå¸ĥå¼ı	分布式
112897	æĦŁè§¦	感触
112898	æĪĳå½ĵæĹ¶	我当时
112899	åıĳè§ī	发觉
112900	åĽ¾çº¸	图纸
112901	æĶ¹èī¯	改良
112902	çĭłçĭł	狠狠
112903	åĨ²åĪº	冲刺
112904	æĸ°äº¬	新京
112905	æĸ°äº¬æĬ¥	新京报
112906	ç¥ŀåĻ¨	神器
112907	ç§¸ç§Ĩ	秸秆
112908	çĪº	爺
112909	å°Ĩè¿İæĿ¥	将迎来
112910	å·¥ä¿¡	工信
112911	å·¥ä¿¡éĥ¨	工信部
112912	éĻĲéĩı	限量
112913	æŃ¢æįŁ	止损
112914	åŃ¦ä¼ļäºĨ	学会了
112915	åįİçĽĽ	华盛
112916	åįİçĽĽé¡¿	华盛顿
112917	å¾Įä¾Ĩ	後來
112918	ä¸ĭéĿ¢æĺ¯	下面是
112919	ä¸ĭéĿ¢æĺ¯å°ı	下面是小
112920	æĲ¬è¿Ĳ	搬运
112921	ç¾İæľ¯é¦Ĩ	美术馆
112922	æ¸ħåĩī	清凉
112923	å¤ļå¹´åīį	多年前
112924	è©ŀ	詞
112925	åįĥç±³	千米
112926	è¡¨è¿°	表述
112927	æ±ŁéĹ¨	江门
112928	åĬłæ²¹ç«Ļ	加油站
112929	æľ¬èĥ½	本能
112930	å¯¼è¯»	导读
112931	åĽ´è§Ĥ	围观
112932	å¹¶åĲĳ	并向
112933	åŁºæľ¬æĥħåĨµ	基本情况
112934	æīĵå¼ĢäºĨ	打开了
112935	è¿Ļä¸īä¸ª	这三个
112936	æ±ķå¤´	汕头
112937	å¼ºæľīåĬĽ	强有力
112938	å¼ºæľīåĬĽçļĦ	强有力的
112939	è¿Ľåľº	进场
112940	ä¹Ŀæ±Ł	九江
112941	çĲĥæĺŁ	球星
112942	å¥½çľĭçļĦ	好看的
112943	å¤§æĪ·	大户
112944	æ¹¯	湯
112945	å¥ĩå¦Ļ	奇妙
112946	ä¹ĲåĻ¨	乐器
112947	æĪĳçļĦå¿ĥ	我的心
112948	çľīå¤´	眉头
112949	åĨľä¸ļçĶŁäº§	农业生产
112950	ç¼ĸçłģ	编码
112952	åŁºç¤İ	基礎
112953	å¤©æĸĩ	天文
112954	åĢĭäººè³ĩè¨Ĭ	個人資訊
112955	åİ»è¿ĩ	去过
112956	èģĨåĲ¬	聆听
112957	æĶ¾åģĩ	放假
112958	ä¸įåħ·å¤ĩ	不具备
112959	æ·Ģç²ī	淀粉
112960	å¤§ä½¬	大佬
112961	åħ¨å¤©	全天
112962	åħ¨éĿ¢å»ºæĪĲ	全面建成
112963	éļĲå½¢	隐形
112964	ç¼ħçĶ¸	缅甸
112965	åĲ³	吳
112966	è¡ĮæĶ¿æī§æ³ķ	行政执法
112967	åŁİåł¡	城堡
112968	èİ«æĸ¯	莫斯
112969	èİ«æĸ¯ç§ĳ	莫斯科
112970	æīĢæľīæĿĥ	所有权
112971	éĽĨåľĺ	集團
112972	å±Ģåī¯å±Ģéķ¿	局副局长
112973	åĩłä¹İæ²¡æľī	几乎没有
112974	æ´ģåĩĢ	洁净
112975	çĶµå½±èĬĤ	电影节
112976	åŃ©ç«¥	孩童
112977	æīĢåģļçļĦ	所做的
112978	æ¸ħä»£	清代
112979	æĸ°çīĪ	新版
112980	éĵĿåĲĪéĩĳ	铝合金
112981	ä¸ºæĬĵ	为抓
112982	ä¸ºæĬĵæīĭ	为抓手
112983	åĪ¤å®ļ	判定
112984	çī¹äº§	特产
112985	æīĭæ©Ł	手機
112986	ä¸įåı¯æĪĸ	不可或
112987	ä¸įåı¯æĪĸç¼º	不可或缺
112988	å¸Ĥåľºè§Ħæ¨¡	市场规模
112989	åĿ¯	坯
112990	åĮ»åŃ¦éĻ¢	医学院
112991	å¿«è¦ģ	快要
112992	èĮľ	茜
112993	æĬĺèħ¾	折腾
112994	äºĨè¿ĩæĿ¥	了过来
112995	æĬ¥åĳĬæľŁåĨħ	报告期内
112996	çī©ç§į	物种
112997	ç»Łè®¡å±Ģ	统计局
112998	æī©å»º	扩建
112999	æ¶ħ	涅
113000	è´£ä»»äºº	责任人
113001	éĺİ	阎
113002	è¯Ħè®®	评议
113003	å¾Ģäºĭ	往事
113004	æīĢç¤º	所示
113005	æķ´æ´ģ	整洁
113006	éĹºèľľ	闺蜜
113007	æĹħéĢĶ	旅途
113008	å®ŀè®Ń	实训
113009	ä¹ĭç§°	之称
113010	å·´å£«	巴士
113011	éĢŁåº¦å¿«	速度快
113012	ä¸įä»ħå¦ĤæŃ¤	不仅如此
113013	å®Ŀè´µçļĦ	宝贵的
113014	åºŁçī©	废物
113015	æ²³æ°´	河水
113016	æİ¥çº³	接纳
113017	ç²¾æ¹Ľ	精湛
113018	åħ¶æ¬¡æĺ¯	其次是
113019	é¡ºå¾·	顺德
113020	åħ¬åħ±åį«çĶŁ	公共卫生
113021	è¤Ĳèī²	褐色
113022	ä¸įæĥľ	不惜
113023	æĬĢæľ¯æľįåĬ¡	技术服务
113024	æİ·	掷
113025	æ±ĤèģĮ	求职
113026	ä¸īå³¡	三峡
113027	æĬķåħ¥åĪ°	投入到
113028	å¤ªåĲİ	太后
113029	åĲ¯åĬ¨ä»ªå¼ı	启动仪式
113030	çĽ´æİ¥å½±åĵį	直接影响
113031	æĸ°æ¬¾	新款
113032	ä¸ªä¹¡éķĩ	个乡镇
113033	çĻ¾äº¿	百亿
113034	åº«	庫
113035	ä¹ŁæŃ£æĺ¯	也正是
113036	åı¶çīĩ	叶片
113037	æľĢæĹ©çļĦ	最早的
113038	æĪĺç»©	战绩
113039	å·¥æľŁ	工期
113040	æĻļæľŁ	晚期
113041	è¿Ļæł·è¯´	这样说
113042	è¯įè¯Ń	词语
113043	ä¾Ħ	侄
113044	æķ£çĥŃ	散热
113045	éĽĨæĪĲçĶµè·¯	集成电路
113046	åĲįè¯į	名词
113047	æĻºåķĨ	智商
113048	æĭ¥åłµ	拥堵
113049	çĭĤæ¬¢	狂欢
113050	è¿ĻèĪ¬	这般
113051	æµ´å®¤	浴室
113052	åĳķåĲĲ	呕吐
113053	æľªæĿ¥åıĳå±ķ	未来发展
113054	ä¸īä½įä¸Ģä½ĵ	三位一体
113055	åªĴé«Ķ	媒體
113056	ä¸įå¾Ĺè½¬è½½	不得转载
113057	åĽłä¸ºå¥¹	因为她
113058	æĺ¾ç¤ºå±ı	显示屏
113059	ä¾Ľæļĸ	供暖
113060	éĨ«éĻ¢	醫院
113061	æľīæĦıæĢĿ	有意思
113062	æľīæĦıæĢĿçļĦ	有意思的
113063	å¨±ä¹ĲåŁİ	娱乐城
113064	åįµå·¢	卵巢
113065	åĪĽéĢłåĬĽ	创造力
113066	ç«łèĬĤ	章节
113067	äººå¤§å¸¸å§Ķ	人大常委
113068	èĢĮçİ°åľ¨	而现在
113069	å¤ĸå©Ĩ	外婆
113070	å¢ŀæĮģ	增持
113071	äºĶåįĥ	五千
113072	èĢģå¸Īä»¬	老师们
113073	æ´ĽæĿī	洛杉
113074	æ´ĽæĿīçŁ¶	洛杉矶
113075	æİĮæı¡äºĨ	掌握了
113076	ä¸ŃåĽ½æĸĩåĮĸ	中国文化
113077	æĸ°æĶ¿	新政
113078	ä¸»è¦ģçĶ¨äºİ	主要用于
113079	åıĳçĥ§	发烧
113080	ç±»ä¼¼äºİ	类似于
113081	åĮĹæŀģ	北极
113082	æĪĳä»¬è®¤ä¸º	我们认为
113083	å¼¥æ¼«	弥漫
113084	åħ¨çĲĥç»ıæµİ	全球经济
113085	é¢Ĳ	颐
113086	ä¸Ģèµ·è£ħä¿®	一起装修
113087	æĶĴ	攒
113088	æĭīèĲ¨	拉萨
113089	å¸¶ä¾Ĩ	帶來
113090	åĨ·æ°´	冷水
113091	ä¸īåĨľ	三农
113092	æĿ¿æĿĲ	板材
113093	è¿ŀè¿ŀ	连连
113094	éĵ®	铮
113095	ç»ıèĲ¥çĲĨå¿µ	经营理念
113096	å±±é¡¶	山顶
113097	å¾Īæĥ³	很想
113098	çĺ«	瘫
113099	å§ĭç»Īä¿ĿæĮģ	始终保持
113100	åľ¨å¹¿å·ŀ	在广州
113101	ä¸įåĲĮæĦı	不同意
113102	åıĺåİĭ	变压
113103	åıĺåİĭåĻ¨	变压器
113104	äº§éĶĢ	产销
113105	è¡¨éĿ¢ä¸Ĭ	表面上
113106	æīĢä»¥ä»ĸ	所以他
113107	ç»ıéªĮä¸°å¯Į	经验丰富
113108	éĥ¨å§Ķ	部委
113109	åħµåĽ¢	兵团
113110	æīĢè¿°	所述
113111	æķ¦çħĮ	敦煌
113112	ç»ıèĲ¥èĮĥåĽ´	经营范围
113113	åı£è¯Ń	口语
113114	å¤±ä¿¡	失信
113115	æ¯ıä¸ªäººçļĦ	每个人的
113116	æīĭæĮģ	手持
113117	æģĲæħĮ	恐慌
113118	åł¡åŀĴ	堡垒
113119	é¦ħ	馅
113120	éĵ¸éĢł	铸造
113121	æĭ¿åĩºæĿ¥	拿出来
113122	æİ¢æµĭ	探测
113123	å¤§å®¶ä¸Ģèµ·	大家一起
113124	å¥§	奧
113125	å®ŀè´¨æĢ§	实质性
113126	å°ıåĦ¿	小儿
113127	èĩºåįĹ	臺南
113128	èĩºåįĹå¸Ĥ	臺南市
113129	å¼ĢåıĳèĢħ	开发者
113130	åı¯æł¹æį®	可根据
113131	ç®±åŃĲ	箱子
113132	é¥ºåŃĲ	饺子
113133	å¿ĻçĿĢ	忙着
113134	æĿ¥ä¸įåıĬ	来不及
113135	çĽ¸ä¼ł	相传
113136	åĽ½ç½ĳ	国网
113137	èħ¹æ³»	腹泻
113138	è¿ĻéĩĮæľī	这里有
113139	é£İæĻ¯åĮº	风景区
113140	åıĤä¿Ŀ	参保
113141	æŃ»èĢħ	死者
113142	æĪ´ä¸Ĭ	戴上
113143	æ©Łæ§ĭ	機構
113144	è¯ķéªĮåĮº	试验区
113145	ä¼łæİĪ	传授
113146	æµ·è¾¹	海边
113147	æ³ªæ°´	泪水
113148	çĽ¸åħ³åĨħå®¹	相关内容
113149	éĥĳå·ŀå¸Ĥ	郑州市
113150	åħĳçİ°	兑现
113151	ä¸¤åĳ¨	两周
113152	èĬľæ¹ĸ	芜湖
113153	çĶµåŃĲä¿¡æģ¯	电子信息
113154	çº¢å¤ĸ	红外
113155	æĹħæ¸¸å±Ģ	旅游局
113156	å¾Ģå¾Ģä¼ļ	往往会
113157	è¿ħçĮĽ	迅猛
113158	ä¼łçľŁ	传真
113159	æ¸ħæ¾Ī	清澈
113160	å°±è¿ĳ	就近
113161	å¾®ä¿¡ç¾¤	微信群
113162	ç³»åĪĹæ´»åĬ¨	系列活动
113163	ç»ıå¸¸ä¼ļ	经常会
113164	è§Ĥæµĭ	观测
113165	å¿ĥå¾Ĺä½ĵä¼ļ	心得体会
113166	éĻĪåĪĹ	陈列
113167	åĮĹæĸĹ	北斗
113168	è«®	諮
113169	è«®è©¢	諮詢
113170	è¿ĺæĺ¯ä¼ļ	还是会
113171	æµĭç®Ĺ	测算
113172	æĺŁç©º	星空
113173	å®½å®¹	宽容
113174	çī©ä¸ļåħ¬åı¸	物业公司
113175	æĪĴæĮĩ	戒指
113176	å¸ħæ°Ķ	帅气
113177	ä¸ĢæŃ¥æŃ¥	一步步
113178	åħ±é¸£	共鸣
113179	åĨ³ä¸į	决不
113180	æİ¥ç®¡	接管
113181	å¦ĩèģĶ	妇联
113182	æ¯Ķåĸ»	比喻
113183	é²ģè¿ħ	鲁迅
113184	æĮģçºĮ	持續
113185	çĽ¸äº²	相亲
113186	å¨ģå°¼æĸ¯äºº	威尼斯人
113187	ç«ĭé¡¹	立项
113188	åĪĿå§ĭ	初始
113189	èĩªåĪ¶	自制
113190	è¿Īè¿Ľ	迈进
113191	ä¸Ĭæ±½	上汽
113192	å®ıä¼Ł	宏伟
113193	æł¹æľ¬æ²¡æľī	根本没有
113194	æĸ°åĨłçĹħæ¯Ĵ	新冠病毒
113195	åĵªç§į	哪种
113196	åº·åħ»	康养
113197	è¡°èĢģ	衰老
113198	å½ķåĥı	录像
113199	é«Ķé©Ĺ	體驗
113200	ç»ĳå®ļ	绑定
113201	é¢Ŀå¤´	额头
113202	äºĶæľĪ	五月
113203	èĬ±å¼Ģ	花开
113204	ä¸Ģçº¿åŁİå¸Ĥ	一线城市
113205	åĪ°åľº	到场
113206	æĬķéĻį	投降
113207	çĹĺçĹĺ	痘痘
113208	åıĹä¸įäºĨ	受不了
113209	æīİæł¹	扎根
113210	æĽ´ä½ķåĨµ	更何况
113211	æĬ½æŁ¥	抽查
113212	åĩºè·¯	出路
113213	å®¡è®®éĢļè¿ĩ	审议通过
113214	ä¸įåĥħ	不僅
113215	èī²è°ĥ	色调
113216	çĻ¾ä½Ļ	百余
113217	èĤłéģĵ	肠道
113218	æ·±åİļçļĦ	深厚的
113219	é©¬åĬĽ	马力
113220	æĹ©æĻļ	早晚
113221	æŃĮèĪŀ	歌舞
113222	éĺ²æĻĴ	防晒
113223	æľĢåĲİä¸Ģä¸ª	最后一个
113224	æ¨±èĬ±	樱花
113225	å°ıä¼ĻåŃĲ	小伙子
113226	åľ¨å½ĵåľ°	在当地
113227	å°ıä¼Ļä¼´ä»¬	小伙伴们
113228	èµ·æºĲ	起源
113229	åħ¨åªĴä½ĵ	全媒体
113230	ç°½	簽
113231	éħ±æ²¹	酱油
113232	æĹłè®ºå¦Ĥä½ķ	无论如何
113233	è£¤åŃĲ	裤子
113234	åģľäº§	停产
113235	ä¸įçĶ±å¾Ĺ	不由得
113236	çīµå¼ķ	牵引
113237	ä¼łåĬ¨	传动
113238	ä¹Ŀé¾Ļ	九龙
113239	åĬłåĽº	加固
113240	ä¹Łä¸įæķ¢	也不敢
113241	æĬĢæľ¯æĶ¯æĮģ	技术支持
113242	ä¸Ĭå²Ĺ	上岗
113243	ç»ıéªĮåĴĮ	经验和
113244	æł¼æŀĹ	格林
113245	åĲ¸éĻĦ	吸附
113246	æľªæĪĲå¹´	未成年
113247	å¥¢ä¾Īåĵģ	奢侈品
113248	è¿½æį§	追捧
113249	å¥½ä¸įå®¹æĺĵ	好不容易
113250	èķ´åĲ«	蕴含
113251	ä¿Ŀå®ļ	保定
113252	æĬ¥ä¸ļ	报业
113253	æµ·åĨħå¤ĸ	海内外
113254	ä½łçİ°åľ¨	你现在
113255	æ²¹èĢĹ	油耗
113256	è´¨éĩıç®¡çĲĨ	质量管理
113257	æ½ľæ°´	潜水
113258	ä¸½æ±Ł	丽江
113259	è½¬åħ¥	转入
113260	è¿Ļä¹Īä¹ħ	这么久
113261	æĺİä»£	明代
113262	è´£ä»»åĪ¶	责任制
113263	éĩįå·¥	重工
113264	å¤§å·´	大巴
113265	è§¦åıĬ	触及
113266	èµ·åĪĿ	起初
113267	å¤§å¦Ī	大妈
113268	æĸ¯å¡Ķ	斯塔
113269	åĨĽå·¥	军工
113270	ä¹¦éĻ¢	书院
113271	å³¨	峨
113272	æİ¨çĲĨ	推理
113273	è¿Ļç¯ĩæĸĩç«ł	这篇文章
113274	è¿ģç§»	迁移
113275	åľ¨åĲĮä¸Ģ	在同一
113276	ç»Ĩç»Ĩ	细细
113277	åīĬå¼±	削弱
113278	ä¹¦æĪ¿	书房
113279	ç¶ĵå¸¸	經常
113280	è¯ķé¢ĺ	试题
113281	æĤ£ä¸Ĭ	患上
113282	çĻ«çĹ«çĹħ	癫痫病
113283	åĨ²æ´Ĺ	冲洗
113284	å¤ĸæı´	外援
113285	åħĭåĪ¶	克制
113286	åįģæľĪ	十月
113287	åģļä¸įåĪ°	做不到
113288	ç¾İåĮĸ	美化
113289	å¦ĤæľŁ	如期
113290	è¿ĺéľĢ	还需
113291	å¤©åºľ	天府
113292	å°±æĦıåĳ³çĿĢ	就意味着
113293	çļĦç¡®æĺ¯	的确是
113294	éªĹå±Ģ	骗局
113295	å°ıç»ĦèµĽ	小组赛
113296	è©©	詩
113297	ä¹Ŀå¹´	九年
113298	æĻĵå¾Ĺ	晓得
113299	çłĶç©¶äººåĳĺ	研究人员
113300	å¤§éħĴåºĹ	大酒店
113301	ç§ĳåŃ¸	科學
113302	åħŃåĲĪ	六合
113303	çķĮå®ļ	界定
113304	è½¦è½½	车载
113305	å¼ĢçĿĢ	开着
113306	æ¯«æĹłçĸĳ	毫无疑
113307	æ¯«æĹłçĸĳéĹ®	毫无疑问
113308	è¿Ĳç»´	运维
113309	ç¦ģåĮº	禁区
113310	èĦ±èĲ½	脱落
113311	è®²å¸Ī	讲师
113312	äº§ä¸ļåŁºåľ°	产业基地
113313	é«ĺæĢ§èĥ½	高性能
113314	åħīå½©	光彩
113315	çİ°éĺ¶æ®µ	现阶段
113316	åĩ¿	凿
113317	è¾ĥå·®	较差
113318	é¥®çĶ¨æ°´	饮用水
113319	éĸĭçĻ¼	開發
113320	ç½ĳåĲ§	网吧
113321	çĮ´åŃĲ	猴子
113322	æŃ¦æŀĹ	武林
113323	å®īåİ¿	安县
113324	ä¸įåı¯æĢĿ	不可思
113325	ä¸įåı¯æĢĿè®®	不可思议
113326	éĬ·åĶ®	銷售
113327	è´«ç©·	贫穷
113328	ä¸ºåķ¥	为啥
113329	éºĵ	麓
113330	å¹¾åĢĭ	幾個
113331	è§Ħæ¨¡ä»¥ä¸Ĭ	规模以上
113332	æıļ	揚
113333	è¢«åĽ°	被困
113334	ç¼ºå¸Ń	缺席
113335	å¿«é¤Ĳ	快餐
113336	æĬ¢åįł	抢占
113337	æĻŁ	晟
113338	å¤įæ´»	复活
113339	æľ¬æĬ¥è®¯	本报讯
113340	åĪĽä¸ĭ	创下
113341	æµ·æ»©	海滩
113342	éĩıäº§	量产
113343	å¦Ĥä½ķåİ»	如何去
113344	è½¦ä½į	车位
113345	å¯ĩ	寇
113346	äºĮåįģåĽĽ	二十四
113347	ç»ıæµİæįŁå¤±	经济损失
113348	éħįå¥Ĺè®¾æĸ½	配套设施
113349	åŁºæľ¬éĿ¢	基本面
113350	äºīè®º	争论
113351	å°±å¥½åĥı	就好像
113352	çłĶç©¶æĪĲæŀľ	研究成果
113353	éĻĪè¿°	陈述
113354	æīĵåĬ¨	打动
113355	ä¸ĭå·´	下巴
113356	ç§ĴéĴŁ	秒钟
113357	å¯¹äººä½ĵ	对人体
113358	æĬĢæľ¯çłĶåıĳ	技术研发
113359	åİŁåŃĲ	原子
113360	æĺ¯ä¸Ģé¡¹	是一项
113361	äºĨä¸Ģä»½	了一份
113362	æĮĩçĶ²	指甲
113363	çĶ¨éĩı	用量
113364	è¿ĺä¸įå¤Ł	还不够
113365	æĶ¿åºľéĩĩè´Ń	政府采购
113366	çŁ¥è¯ĨçĤ¹	知识点
113367	ä¸ŃåĽ½æ¢¦	中国梦
113368	å¾Īå¼Ģå¿ĥ	很开心
113369	ç¤¼è²Į	礼貌
113370	éĿŀå¸¸å¤ļ	非常多
113371	éĿŀå¸¸å¤ļçļĦ	非常多的
113372	åĽļ	囚
113373	æĹħé¦Ĩ	旅馆
113374	å°½æĥħ	尽情
113375	æŃĮåĶ±	歌唱
113376	æ²Ļé¾Ļ	沙龙
113377	è½¦åİ¢	车厢
113378	å®¢æµģ	客流
113379	åģıå·®	偏差
113380	ç§¯ç´¯äºĨ	积累了
113381	æ¡Ķ	桔
113382	çĶ»çĶ»	画画
113383	ä¹ŁåºĶè¯¥	也应该
113384	åºĶçĶ¨ç¨ĭåºı	应用程序
113385	èĥĥèĤł	胃肠
113386	ä»¥å¾Į	以後
113387	è±ªå®ħ	豪宅
113388	æ·±åĬłå·¥	深加工
113389	çĽ´è¨Ģ	直言
113390	åĮĸçŁ³	化石
113391	åĽ½éģĵ	国道
113392	ä¸ĥä¸ª	七个
113393	ä»İèĢĮä½¿	从而使
113394	èĤłèĥĥ	肠胃
113395	æĹ¥è¶ĭ	日趋
113396	çĪ¶åŃĲ	父子
113397	ç·©	緩
113398	æĭĽçīĮ	招牌
113399	äº§å¦ĩ	产妇
113400	çķªèĮĦ	番茄
113401	æĪĳéĻ¢	我院
113402	å»ºçŃĳå·¥ç¨ĭ	建筑工程
113403	å±ķè§Īä¼ļ	展览会
113404	å®¶éķ¿ä»¬	家长们
113405	åĨľä½ľçī©	农作物
113406	æĹ¥å¤ľ	日夜
113407	æĶ»æĵĬ	攻擊
113408	è§Ħéģ¿	规避
113409	èĪŁå±±	舟山
113410	ä¾¿æ°ĳ	便民
113411	åħ«åŃĹ	八字
113412	ä¸įæĽ¾	不曾
113413	æĶ¯éħį	支配
113414	çĨ¬å¤ľ	熬夜
113415	äººé¡ŀ	人類
113416	ç´ĢéĮĦ	紀錄
113417	ç»ıèĲ¥æ´»åĬ¨	经营活动
113418	å¤§æ¶¨	大涨
113419	å¸Ĥå§Ķå¸¸å§Ķ	市委常委
113420	åĪĨéĲĺ	分鐘
113421	ä¸Ģä¸ªèģĮä¸ļ	一个职业
113422	çĹħåĽł	病因
113423	è¿Ļå¯¹äºİ	这对于
113424	ä¸įå¾Ĺä¸įè¯´	不得不说
113425	åıĳçĶµæľº	发电机
113426	æľīæīĢå¸®åĬ©	有所帮助
113427	çĽ®æłĩä»»åĬ¡	目标任务
113428	åĽłåľ°	因地
113429	åĽłåľ°åĪ¶	因地制
113430	åĽłåľ°åĪ¶å®ľ	因地制宜
113431	å°Ĩè¾¾åĪ°	将达到
113432	ç²Ĺç³Ļ	粗糙
113433	ç¨³åĽº	稳固
113434	å«£	嫣
113435	çİ°åľ¨å¾Īå¤ļ	现在很多
113436	ä¸ĸçķĮçº§	世界级
113437	å¼łæŁĲ	张某
113438	çĤ¹ç¼Ģ	点缀
113439	èĳµ	葵
113440	ç¤¾ä¼ļç»Ħç»ĩ	社会组织
113441	å¾ĢåĲİ	往后
113442	åĬłæģ¯	加息
113443	åĻªå£°	噪声
113444	æľīåħ´è¶£	有兴趣
113445	ä¸ºæĤ¨æıĲä¾Ľ	为您提供
113446	æ²¹æ¼Ĩ	油漆
113447	ç¬¬åĽĽå±Ĭ	第四届
113448	çļĩå®«	皇宫
113449	ä¹Ĵä¹ĵ	乒乓
113450	ä¹Ĵä¹ĵçĲĥ	乒乓球
113451	éļ¨èĳĹ	隨著
113452	éģ©åĲĪ	適合
113453	åįĹéĿŀ	南非
113454	æĵ´	擴
113455	è¥¿æ´ĭ	西洋
113456	åĬłå¯Ĩ	加密
113457	æĪĲåĬŁä¸¾åĬŀ	成功举办
113458	åı£æ°´	口水
113459	æĪĲå¹´äºº	成年人
113460	æīĢæıĲä¾ĽçļĦ	所提供的
113461	éļĶå£ģ	隔壁
113462	åľ¨äº¬	在京
113463	å½ĵåľ°æĹ¶éĹ´	当地时间
113464	çŃīåĲĦç§į	等各种
113465	é£İæ°Ķ	风气
113466	å±ĭéĩĮ	屋里
113467	ä¸ĢåŃĹ	一字
113468	çļĦæĹ¶éĹ´éĩĮ	的时间里
113469	åĺ¿åĺ¿	嘿嘿
113470	å¿«è®¯	快讯
113471	ä¸Ńåľº	中场
113472	ä¸Ģçĵ¶	一瓶
113473	æ»ķ	滕
113474	é¢Ĩè·ĳ	领跑
113475	å¥½èİ±	好莱
113476	å¥½èİ±åĿŀ	好莱坞
113477	æ²¡åħ³ç³»	没关系
113478	åĩºå¢ĥ	出境
113479	ä¸įæĺ¯ä¸Ģä¸ª	不是一个
113480	éĥ½æĺ¯éĿŀå¸¸	都是非常
113481	éľĩåĬ¨	震动
113482	èİ·èĥľ	获胜
113483	åįļå¼Ī	博弈
113484	æĬļåħ»	抚养
113485	å¯¹ç«ĭ	对立
113486	æľįåĬ¡æľºæŀĦ	服务机构
113487	è°£è¨Ģ	谣言
113488	ç¤¾ä¼ļç§ĳåŃ¦	社会科学
113489	åĲ¬è¯´è¿ĩ	听说过
113490	æī³	扳
113491	æīĵç£¨	打磨
113492	åı£æľį	口服
113493	å¥½åĥıæĺ¯	好像是
113494	ä»¥åıĬåħ¶ä»ĸ	以及其他
113495	çī¹è´¨	特质
113496	äº²è¿ĳ	亲近
113497	ä¸Ģç»ı	一经
113498	æ¶Ŀ	涝
113499	éŃĶæľ¯	魔术
113500	éģĵè·¯äº¤éĢļ	道路交通
113501	è§Ħæ¨¡æľĢå¤§	规模最大
113502	å®ŀæĸ½æĦıè§ģ	实施意见
113503	ä¹ŀ	乞
113504	ä¸Ģä¸ĸ	一世
113505	åŁ·è¡Į	執行
113506	è±Ĩçĵ£	豆瓣
113507	åĪĹä¸º	列为
113508	æķħå®«	故宫
113509	çĶŁåĳ½åĳ¨æľŁ	生命周期
113510	ä¸īç§įèģĮä¸ļ	三种职业
113511	è¯¦ç»Ĩä»ĭç»į	详细介绍
113512	å®Įå¤ĩ	完备
113513	å²©çŁ³	岩石
113514	éļıæīĭ	随手
113515	é£²	飲
113516	æķĪæŀľåĽ¾	效果图
113517	ç§ĭåĨ¬	秋冬
113518	åĬŁå¾·	功德
113519	è§Ħç«łåĪ¶åº¦	规章制度
113520	æĹ¥æ¸Ĳ	日渐
113521	æīĢéľĢè¦ģ	所需要
113522	æīĢéľĢè¦ģçļĦ	所需要的
113523	å²Ľä¸Ĭ	岛上
113524	åĩºåľŁ	出土
113525	åĽ¾æĸĩ	图文
113526	ç§ĳæĬĢè¿ĽæŃ¥	科技进步
113527	éĢļèĥĢ	通胀
113528	èĢģå¤ªå¤ª	老太太
113529	èĭĹæľ¨	苗木
113530	éĵ¶å·Ŀ	银川
113531	å¸Ĳç¯·	帐篷
113532	éĿŀè¦ģ	非要
113533	éħįçĶµ	配电
113534	å¤Ħå¢ĥ	处境
113535	èĤ¡æĿĥæĬķèµĦ	股权投资
113536	ä¸ĢçĽ´åĪ°	一直到
113537	åĿĩçĶ±	均由
113538	æĬĹæĹ¥	抗日
113539	æį®ä»ĭç»į	据介绍
113540	ä½łåĸľæ¬¢	你喜欢
113541	åĪĽæĸ°åŀĭ	创新型
113542	åıĺè¿ģ	变迁
113543	è§Ĩå¯Ł	视察
113544	å®Įåħ¨æ²¡æľī	完全没有
113545	åħĥæĹ¦	元旦
113546	åı¯ä¿¡	可信
113547	åı¦è¡Į	另行
113548	æĿĳçº§	村级
113549	åħ¥åľº	入场
113550	æĲŃæ¡£	搭档
113551	ä¹ŁåĽłæŃ¤	也因此
113552	æį¢æĪĲ	换成
113553	ä¸įè´Ł	不负
113554	äºĨå¤§éĩıçļĦ	了大量的
113555	éģĶåĪ°	達到
113556	å¸Ĥåİ¿	市县
113557	å¹´è¼ķ	年輕
113558	å¿«æīĭ	快手
113559	å¸Įå°Ķ	希尔
113560	èĩªèĲ¥	自营
113561	éĽªèĬ±	雪花
113562	æĲģ	搁
113563	çľ¼ç§ĳ	眼科
113564	æŃ£ç¢º	正確
113565	çļĦå§¿æĢģ	的姿态
113566	åĿļå®ŀçļĦ	坚实的
113567	æĮĩçº¹	指纹
113568	æªĶæ¡Ī	檔案
113569	ç½®äºİ	置于
113570	ä½©æľį	佩服
113571	è±ªéĹ¨	豪门
113572	åĵĴ	哒
113573	æģ°å¥½	恰好
113574	æª¢æŁ¥	檢查
113575	åĪĿè¡·	初衷
113576	å¤§åĶĲ	大唐
113577	çº¦ä¼ļ	约会
113578	èĴ¸åıĳ	蒸发
113579	çŃ¹åĪĴ	筹划
113580	å¹´ç»Ī	年终
113581	è¡Įæ¥Ń	行業
113582	åħ±éĿĴ	共青
113583	åħ±éĿĴåĽ¢	共青团
113584	ä¼ļå¼ķèµ·	会引起
113585	ä¸Ńç§ĳ	中科
113586	ä¸Ńç§ĳéĻ¢	中科院
113587	æĮ¯åĬ¨	振动
113588	åį´åıĳçİ°	却发现
113589	ä¸įåĬ¨äº§	不动产
113590	èĮ¹	茹
113591	æĪ¿éĹ´éĩĮ	房间里
113592	è´§å¸ģæĶ¿çŃĸ	货币政策
113593	æ²»çĻĤ	治療
113594	æħİéĩį	慎重
113595	å¡ŀå°Ķ	塞尔
113596	åĽ½ç±į	国籍
113597	åĽłæŀľ	因果
113598	çŃīçī¹çĤ¹	等特点
113599	å±±è°·	山谷
113600	ä¸ĭè¼ī	下載
113601	è®ĵæĪĳ	讓我
113602	é¥®éħĴ	饮酒
113603	è¿Ļä¸ªæ¸¸æĪı	这个游戏
113604	ç»Ŀå¤§éĥ¨åĪĨ	绝大部分
113605	åĴ¨è¯¢æľįåĬ¡	咨询服务
113606	å¹²æ´»	干活
113607	è®®ä¼ļ	议会
113608	æ¦Ĥè¿°	概述
113609	åĪĨåĮº	分区
113610	æŃ»åĲİ	死后
113611	ç«ĻçĿĢ	站着
113612	ä¸»è¦ģé¢Ĩå¯¼	主要领导
113613	åĲĮåŁİ	同城
113614	å¤§æłĳ	大树
113615	å¯¹åŃ¦çĶŁ	对学生
113616	ç¤¾ä¼ļä¿ĿéĻ©	社会保险
113617	å¢ŀèµĦ	增资
113618	ä¸»äººåħ¬	主人公
113619	å®£ä¼łæķĻèĤ²	宣传教育
113620	æĸĩåĮĸäº¤æµģ	文化交流
113621	å®¢æĪ¶	客戶
113622	çŁ¥åĲįåĵģçīĮ	知名品牌
113623	æ»ŀåĲİ	滞后
113624	äºĴè¡¥	互补
113625	æĦŁäºº	感人
113626	åī¿	剿
113627	åĲİä»£	后代
113628	äºīéľ¸	争霸
113629	æķĻèĤ²åŁ¹è®Ń	教育培训
113630	éĿĻèĦī	静脉
113631	ä¹ıåĬĽ	乏力
113632	è¯´åĩºæĿ¥	说出来
113633	çİĭèĢħèį£èĢĢ	王者荣耀
113634	åĢ«	倫
113635	åįĩèµ·	升起
113636	éķģ	镁
113637	åĩºæ¸¸	出游
113638	éĢļè¡Įè¯ģ	通行证
113639	å·¥ä½ľå²Ĺä½į	工作岗位
113640	åĮłå¿ĥ	匠心
113641	æĭ¿æĿ¥	拿来
113642	æ´Ĺè¡£æľº	洗衣机
113643	æĪĳä¸įæĥ³	我不想
113644	é¢Ħè§ģ	预见
113645	æ¼Ķç¤º	演示
113646	ä¸ĢçĽ´æ²¡æľī	一直没有
113647	è·Łå¥¹	跟她
113648	å¯¹çħ§æ£ĢæŁ¥	对照检查
113649	ç°¿	簿
113650	ä¸ĵå¿ĥ	专心
113651	è®®äºĭ	议事
113652	åīįç«¯	前端
113653	åį¡å°Ķ	卡尔
113654	è¨Ńå®ļ	設定
113655	è®¾ç½®äºĨ	设置了
113656	å©ļçº±	婚纱
113657	åľ¨åĽ½å¤ĸ	在国外
113658	åı³ä¾§	右侧
113659	è³¼çī©	購物
113660	å¥ĩèĳ©	奇葩
113661	å¢ŀåĬłåĢ¼	增加值
113662	å¥½è¿Ĳ	好运
113663	åĽ½éĻħæľºåľº	国际机场
113664	ä¸ĭç§°	下称
113665	çĽ®åīįä¸ºæŃ¢	目前为止
113666	ç¥ŀä»Ļ	神仙
113667	å®ĥåı¯ä»¥	它可以
113668	æ¾Ħæ¸ħ	澄清
113669	èĥ½ä½¿	能使
113670	æ¸¸åĩ»	游击
113671	æ¸¸åĩ»éĺŁ	游击队
113672	åĩ¹	凹
113673	ä¸įè¦ģåĨį	不要再
113674	åĨ³èĥľ	决胜
113675	åĨ³æĪĺ	决战
113676	æĭ½	拽
113677	çĽĽåħ¸	盛典
113678	å¾Īå¥½åľ°	很好地
113679	æľĢç¾İçļĦ	最美的
113680	åĥļ	僚
113681	å·´åŁº	巴基
113682	å·´åŁºæĸ¯åĿ¦	巴基斯坦
113683	æľĢéĢĤåĲĪ	最适合
113684	é«ĺèģĮ	高职
113685	ä¿Ŀå§Ĩ	保姆
113686	æİĪæ¬Ĭ	授權
113687	è¯´åĪ°è¿ĻéĩĮ	说到这里
113688	æİ¨å¼Ģ	推开
113689	çİĩè¾¾	率达
113690	ä¸īåĪĨä¹ĭä¸Ģ	三分之一
113691	ç®¡çĲĨä¸Ńå¿ĥ	管理中心
113692	äº¤æ±ĩ	交汇
113693	æ£®æŀĹåħ¬åĽŃ	森林公园
113694	å¾Ģä¸Ĭ	往上
113695	éªĳè¡Į	骑行
113696	æį®æŃ¤	据此
113697	çº½å¸¦	纽带
113698	ç»ŀ	绞
113699	ä¸īæĸ¹	三方
113700	æĦıä¹īä¸ĬçļĦ	意义上的
113701	æİ¨è¿Ł	推迟
113702	å¤ļæł·æĢ§	多样性
113703	æĥ³èµ·äºĨ	想起了
113704	æİĴåĲįç¬¬	排名第
113705	å·¨é¢Ŀ	巨额
113706	æĿŁç¼ļ	束缚
113707	å®īå®ļ	安定
113708	äºĭå¯¦	事實
113709	çļĦæĦ¿æľĽ	的愿望
113710	è£ħå¤ĩåĪ¶éĢł	装备制造
113711	äººå±ħ	人居
113712	äººå±ħçİ¯å¢ĥ	人居环境
113713	å¿ĺè®°äºĨ	忘记了
113714	è¯¥æ¸¸æĪı	该游戏
113715	æ¥¼ä¸Ĭ	楼上
113716	å¼Ģä¼ļ	开会
113717	æģ³	恳
113718	åıĭæĥħéĵ¾æİ¥	友情链接
113719	ç¡Ĵ	硒
113720	ç»ĻäºĪäºĨ	给予了
113721	åģıå¥½	偏好
113722	åĵī	哉
113723	äº¤éĢļå®īåħ¨	交通安全
113724	éĽĮ	雌
113725	æ²»çĹħ	治病
113726	è§īå¾Ĺå¾Ī	觉得很
113727	è¡¬è¡«	衬衫
113728	å¿ĥæĦ¿	心愿
113729	æ´ŀå¯Ł	洞察
113730	æ°ĳæ£Ģå¯ŁéĻ¢	民检察院
113731	æıĲçĤ¼	提炼
113732	è¦ģè¿Ľä¸ĢæŃ¥	要进一步
113733	é©¾è½¦	驾车
113734	æĻ®æĥł	普惠
113735	æķĸ	敖
113736	ç¦ıéŁ³	福音
113737	éĢģè¾¾	送达
113738	è§ĦåĪĴè®¾è®¡	规划设计
113739	æīĭå¥Ĺ	手套
113740	å®īä¿Ŀ	安保
113741	è¿ĺä¸įå¦Ĥ	还不如
113742	åīįè¿°	前述
113743	æłĩè®°	标记
113744	ç´§æİ¥çĿĢ	紧接着
113745	æ§Ĳ	槐
113746	æ·±æ·±åľ°	深深地
113747	æ»¡æ»¡çļĦ	满满的
113748	æĺ¥è¿Ĳ	春运
113749	æĹ¥äº§	日产
113750	çĪ±æĬ¤	爱护
113751	åħ¨æĹ¥	全日
113752	åħ¨æĹ¥åĪ¶	全日制
113753	è½¬åĬ¨	转动
113754	ç¥Ńç¥Ģ	祭祀
113755	ä¹°ä¸ľè¥¿	买东西
113756	å¯¹æľªæĿ¥	对未来
113757	æ¶Īå¤±äºĨ	消失了
113758	åļ´éĩį	嚴重
113759	ä¸īæĿ¡	三条
113760	éħ¸å¥¶	酸奶
113761	éĽĨåĽ¢èĤ¡ä»½	集团股份
113762	è¥¿è·¯	西路
113763	åıªå¾Ĺ	只得
113764	éĢģåİ»	送去
113765	çĭłæĬĵ	狠抓
113766	åĪ©çĶ¨çİĩ	利用率
113767	ä¸ĭåĳ¨	下周
113768	å¥ĭæĪĺ	奋战
113769	æĺ¥èĬĤæľŁéĹ´	春节期间
113770	è´Łè´£ä»»	负责任
113771	æĺĤè´µ	昂贵
113772	å°¾å·´	尾巴
113773	ç¯ĩæĸĩç«ł	篇文章
113774	åħ®	兮
113775	è®ĬæĪĲ	變成
113776	å¹¹	幹
113777	çĻ»éĮĦ	登錄
113778	ä½Ī	佈
113779	å·¥åĮł	工匠
113780	åĵªæĢķæĺ¯	哪怕是
113781	åıįåĵį	反响
113782	ç§ĥ	秃
113783	åĩºè½¨	出轨
113784	æĹ¥åĨĽ	日军
113785	åĲįèªī	名誉
113786	æķıéĶĲ	敏锐
113787	æľįåĬ¡æ°´å¹³	服务水平
113788	çħ§å°Ħ	照射
113789	ä¼Ĭæĭī	伊拉
113790	ä¼Ĭæĭīåħĭ	伊拉克
113791	åĨħéĺģ	内阁
113792	èĬĴæŀľ	芒果
113793	ä¸ĩåĪĨ	万分
113794	éĢĢæ¬¾	退款
113795	çĽ´æĴŃéĹ´	直播间
113796	æĭ¿åĪ°äºĨ	拿到了
113797	å°İèĩ´	導致
113798	ç©ºæ°Ķä¸Ń	空气中
113799	å®¢æĪ·æľįåĬ¡	客户服务
113800	è¿ĲåĬ¿	运势
113801	ç»ĵçŁ³	结石
113802	ä¸įå¿ħè¦ģçļĦ	不必要的
113803	èĥ¶åĽĬ	胶囊
113804	çĲĨä¼ļ	理会
113805	æĬ½åĩº	抽出
113806	ç©ºæ°Ķè´¨éĩı	空气质量
113807	æ¯ķç«Łæĺ¯	毕竟是
113808	åĨ·æ¼ł	冷漠
113809	ä¸Ģå¦Ĥ	一如
113810	ä¸Ģå¦ĤæĹ¢	一如既
113811	ä¸Ģå¦ĤæĹ¢å¾Ģ	一如既往
113812	æĤ£çĹħ	患病
113813	åĬłæĮģ	加持
113814	èµŀåĬ©	赞助
113815	é«®	髮
113816	åĳ½ä¸Ń	命中
113817	æĦıä¹īä¸Ĭ	意义上
113818	ä¸įèĪį	不舍
113819	åģļæ¢¦	做梦
113820	æīĵæī«	打扫
113821	æĺŁåħī	星光
113822	æĸŃè£Ĥ	断裂
113823	åħ¨å¥Ĺ	全套
113824	è£ģå®ļ	裁定
113825	é©¬åħĭæĢĿ	马克思
113826	éª¨éª¼	骨骼
113827	ä¸Ģè·¯ä¸Ĭ	一路上
113828	å®ļæĹ¶	定时
113829	å·¥ç¨ĭæĬĢæľ¯	工程技术
113830	å½¼å¾Ĺ	彼得
113831	æ±²åıĸ	汲取
113832	ä¸Ģè§Ī	一览
113833	åĲµæŀ¶	吵架
113834	ä¿Ĺç§°	俗称
113835	æłªæ´²	株洲
113836	åºŁæĹ§	废旧
113837	è¡ĮæĺŁ	行星
113838	åıĳçĶŁåıĺåĮĸ	发生变化
113839	é¦ĸä»ĺ	首付
113840	åįģåĪĨéĩįè¦ģ	十分重要
113841	æĬĬè¿ĻäºĽ	把这些
113842	ç¥ŀå·ŀ	神州
113843	æıĲä¾ĽåķĨ	提供商
113844	æ¥·	楷
113845	å±İ	屎
113846	çĬ¶åħĥ	状元
113847	åŁİå¢Ļ	城墙
113848	çľĭä¸Ģçľĭ	看一看
113849	çĶŁäº§èĥ½åĬĽ	生产能力
113850	åŁºæľ¬ä¸Ĭéĥ½	基本上都
113851	æīĵæī°	打扰
113852	åĪĿæ¬¡	初次
113853	åĩºç¤º	出示
113854	åħ¶ä¸Ńä¸Ģä¸ª	其中一个
113855	çĶŁæĢģç³»ç»Ł	生态系统
113856	æīĭæİĮ	手掌
113857	æµİåįĹå¸Ĥ	济南市
113858	åľĭåħ§	國內
113859	æŃ£åĢ¼	正值
113860	å¹¾ä¹İ	幾乎
113861	æİ¨èįĲéĺħè¯»	推荐阅读
113862	è¿Ńä»£	迭代
113863	è°ĥä¾ĥ	调侃
113864	é¥®åĵģ	饮品
113865	å¢Ļä½ĵ	墙体
113866	åıĺçİ°	变现
113867	äºĨå¥½	了好
113868	äºĨå¥½åĩł	了好几
113869	ä¸įçķĻ	不留
113870	çĪ²	爲
113871	å°½æĹ©	尽早
113872	æŃ£åľ¨è¿Ľè¡Į	正在进行
113873	åĩºéĻ¢	出院
113874	æĿĢå®³	杀害
113875	æıĲæ¬¾	提款
113876	åıĳå±ķç©ºéĹ´	发展空间
113877	åīįèº«	前身
113878	ä¸įæĸŃå¢ŀå¼º	不断增强
113879	æ·±å±Ĥæ¬¡	深层次
113880	å®¹çº³	容纳
113881	éĤ£ä»½	那份
113882	å·¥ä½ľæķĪçİĩ	工作效率
113883	æľ¬åĽ½	本国
113884	å¤±èĲ½	失落
113885	æŃ£åĽłä¸º	正因为
113886	èĬĤæ°´	节水
113887	ä¸ĭä¸Ģä»£	下一代
113888	çłĶåıĳä¸Ńå¿ĥ	研发中心
113889	ä¸įçĲĨ	不理
113890	å®Įå¥½	完好
113891	ä¿ĿæĬ¤åĮº	保护区
113892	ç»ĵæŀĦè°ĥæķ´	结构调整
113893	å¥łå®ļ	奠定
113894	å®£ç§°	宣称
113895	éĺ»æĮ¡	阻挡
113896	æĴ¤ç¦»	撤离
113897	ä¸įæĸ¹ä¾¿	不方便
113898	åĴķ	咕
113899	ç¬ĳäºĨç¬ĳ	笑了笑
113900	çİ¯å¢ĥæ±¡æŁĵ	环境污染
113901	ä½ıæĪ·	住户
113902	ç»Ŀç¼ĺ	绝缘
113903	éĻ¤å°ĺ	除尘
113904	é«ĺå°ļ	高尚
113905	æĢİä¹Īåı¯èĥ½	怎么可能
113906	éĿ¢èī²	面色
113907	åķĨæ¥Ń	商業
113908	çĸ¹	疹
113909	èµĦæºĲä¼ĺåĬ¿	资源优势
113910	è¾ĸåĮºåĨħ	辖区内
113911	èĢĢçľ¼	耀眼
113912	æĳ§æ¯ģ	摧毁
113913	ä¸ĸçķĮç»ıæµİ	世界经济
113914	å¼ķæĿ¥	引来
113915	ä¸ĢåĪĻ	一则
113916	æĭĩæĮĩ	拇指
113917	æĬµå¾¡	抵御
113918	éĽį	雍
113919	åĩĨå¤ĩå·¥ä½ľ	准备工作
113920	çıłä¸īè§Ĵ	珠三角
113921	ç¨ĢåľŁ	稀土
113922	èİ·å¾ĹæĦŁ	获得感
113923	æĪĲåĬŁçİĩ	成功率
113924	ç½ĳçº¦	网约
113925	ç½ĳçº¦è½¦	网约车
113926	èĦĲ	脐
113927	æķ¬ä¸ļ	敬业
113928	éĩĳä»·	金价
113929	ç²¾é«ĵ	精髓
113930	ä¹°è½¦	买车
113931	åħ³åı£	关口
113932	åĨįå¤ļ	再多
113933	æŀģåĵģ	极品
113934	åĲĦå®¶	各家
113935	ä¸¾æĬ¥çĶµè¯Ŀ	举报电话
113936	èļĬ	蚊
113937	æĸ¹å½¢	方形
113938	ç§ĳæĬĢæĪĲæŀľ	科技成果
113939	æľĢå¥½æĺ¯	最好是
113940	éĹ®åĢĻ	问候
113941	çº¢éħĴ	红酒
113942	åĽĽç§į	四种
113944	ç¿Ĵæħ£	習慣
113945	åŀ¦	垦
113946	éĤ£åıª	那只
113947	é¢ĨæĤŁ	领悟
113948	çľ¼éĥ¨	眼部
113949	æ³°å®ī	泰安
113950	ä»»æľŁ	任期
113951	ç£¨æįŁ	磨损
113952	æĽ¿æį¢	替换
113953	åħ¸ç¤¼	典礼
113954	ç¬¦åĲĪæĿ¡ä»¶	符合条件
113955	è¿ĺæľīä»Ģä¹Ī	还有什么
113956	åħ±äº«åįķè½¦	共享单车
113957	åı¯åĪĨä¸º	可分为
113958	åŃ£åĲİ	季后
113959	åŃ£åĲİèµĽ	季后赛
113960	ä¸ľèİŀå¸Ĥ	东莞市
113961	å¿ĥæĦı	心意
113962	æīŃæĽ²	扭曲
113963	ä½ľä¸ºä¸Ģç§į	作为一种
113964	è¿Ļéĥ¨åĪĨ	这部分
113965	åıĤä¸İåĪ°	参与到
113966	ç½ĳçĲĥ	网球
113967	å¯¦çı¾	實現
113968	ç»Ħè£ħ	组装
113969	åĲĳå¤ĸ	向外
113970	å·¥ä½ľæĸ¹æ¡Ī	工作方案
113971	åįģæĿ¡	十条
113972	èª²ç¨ĭ	課程
113973	é¢¤æĬĸ	颤抖
113974	åĵ©	哩
113975	éĤ®å¯Ħ	邮寄
113976	äº¢	亢
113977	åħįè²»	免費
113978	ç§¤	秤
113979	åºĶæĢ¥ç®¡çĲĨ	应急管理
113980	åĽĽäºĶ	四五
113981	éºĴéºŁ	麒麟
113982	å¾ĴæŃ¥	徒步
113983	è¨ĺå¾Ĺ	記得
113984	çĴĲ	璐
113985	æĺ¯åĲ¦ä¼ļ	是否会
113986	æĦıè§ģåıįé¦Ī	意见反馈
113987	éļ¾æĢª	难怪
113988	çªį	窍
113989	äº¤æİ¥	交接
113990	ä¸¤åįĥ	两千
113991	æĩīçĶ¨	應用
113992	æľŁéĸĵ	期間
113993	æĲ¬åĪ°	搬到
113994	è®®é¢ĺ	议题
113995	ç¢§æ¡Ĥ	碧桂
113996	ç¢§æ¡ĤåĽŃ	碧桂园
113997	åģļçĶŁæĦı	做生意
113998	éĻĽä¸ĭ	陛下
113999	è·ĭ	跋
114000	èĢģäººå®¶	老人家
114001	å¸¦åĽŀ	带回
114002	æŀ¸æĿŀ	枸杞
114003	è¡Įéķ¿	行长
114004	åĨħå®¹ç®Ģä»ĭ	内容简介
114005	æ¢¢	梢
114006	æĮĩæİ§	指控
114007	éĩįçĹĩ	重症
114008	ç½ĳåıĭä»¬	网友们
114009	çı¾ä»£	現代
114010	ç±»äº§åĵģ	类产品
114011	å¥Ķæ³¢	奔波
114012	æ¸º	渺
114013	ç²īç¢İ	粉碎
114014	è¿Ļåıªæĺ¯	这只是
114015	æ£Ģå¯Łæľºåħ³	检察机关
114016	é½Ĭ	齊
114017	æĪ¿ç§Ł	房租
114018	å¾·æĭī	德拉
114019	å²ģä»¥ä¸Ĭ	岁以上
114020	çº¯åĩĢ	纯净
114021	åĪĨå¸ĥåľ¨	分布在
114022	èĥ½å¾ĹåĪ°	能得到
114023	ä¸įå°½	不尽
114024	ç«ŀä»·	竞价
114025	çļĦå¸¦é¢Ĩ	的带领
114026	çļĦå¸¦é¢Ĩä¸ĭ	的带领下
114027	ä¸Ńèį¯æĿĲ	中药材
114028	æĿĳéķĩ	村镇
114029	ä¸įåı¯éģ¿åħį	不可避免
114030	éľ²å¤©	露天
114031	å°ıå§ĳå¨ĺ	小姑娘
114032	çī©ä»¶	物件
114033	èĳĹä½ľæĿĥ	著作权
114034	æĭĺçķĻ	拘留
114035	éĥ½è§īå¾Ĺ	都觉得
114036	æĽ²æĬĺ	曲折
114037	æ·»åĬłåīĤ	添加剂
114038	åı¬åĽŀ	召回
114039	æīİå®ŀæİ¨è¿Ľ	扎实推进
114040	æĬĦè¢Ń	抄袭
114041	åĮĸèº«	化身
114042	çĽ´èĲ¥	直营
114043	ä¹Łå¸ĮæľĽ	也希望
114044	èį£èªīç§°åı·	荣誉称号
114045	åįĸç»Ļ	卖给
114046	æľīä¸įåĲĮçļĦ	有不同的
114047	å¥ĩçī¹	奇特
114048	éĥ½è®¤ä¸º	都认为
114049	å¦ŀ	妞
114050	æĪĲéķ¿ä¸º	成长为
114051	è¾©æĬ¤	辩护
114052	ä¸»æķĻç»ĥ	主教练
114053	æ³ķå¸ĪèģĮä¸ļ	法师职业
114054	æ¤įåħ¥	植入
114055	ç´¢å°¼	索尼
114056	åĲ¬è¿ĩ	听过
114057	ä¹łæĥ¯äºĨ	习惯了
114058	å¤ºåıĸ	夺取
114059	éŁĵ	韓
114060	æľ¬è´¨ä¸Ĭ	本质上
114061	æİ¥åĬĽ	接力
114062	äºĳç«¯	云端
114063	è¦ģåģļå¥½	要做好
114064	è·¯çģ¯	路灯
114065	åįıåĲĮåıĳå±ķ	协同发展
114066	æľīå¾ħ	有待
114067	æ°´åŁŁ	水域
114068	æĲľçĭĲé¦ĸé¡µ	搜狐首页
114069	è´¨éĩıå®īåħ¨	质量安全
114070	åįģäºĮäºĶ	十二五
114071	åĵ®åĸĺ	哮喘
114072	èĵ¬åĭĥåıĳå±ķ	蓬勃发展
114073	åĲįå£°	名声
114074	èº«äº¡	身亡
114075	çİĭåºľ	王府
114076	åİŁåĪĻä¸Ĭ	原则上
114077	çĥĺå¹²	烘干
114078	éģĹæ¼ı	遗漏
114079	éĿ¢çĽ®	面目
114080	åĽ½ä¼ļ	国会
114081	ä¸ĢçĽ´éĥ½æĺ¯	一直都是
114082	æľīä¸Ģä½į	有一位
114083	éħįæľī	配有
114084	éĻªçĿĢ	陪着
114085	ä¼ģåĽ¾	企图
114086	æĮīä¸ĭ	按下
114087	èĵĿåĽ¾	蓝图
114088	æ©ĺ	橘
114089	å¤§å¤ļæĺ¯	大多是
114090	è¾©è®º	辩论
114091	æĹĭå¾ĭ	旋律
114092	æĬ¥éĢģ	报送
114093	æĿ¡è§Ħå®ļ	条规定
114094	åĬ¨éĿĻ	动静
114095	åĮĪå¥´	匈奴
114096	æĭľè®¿	拜访
114097	ä¸ĢåĪĢ	一刀
114098	ä»ĸçŁ¥éģĵ	他知道
114099	ä¸»æĿĥ	主权
114100	ä»ĸæĽ¾	他曾
114101	æĴŃç§į	播种
114102	å£ģåŀĴ	壁垒
114103	çī¢è®°ä½¿åĳ½	牢记使命
114104	åľ¨è¿Ļæĸ¹éĿ¢	在这方面
114105	æīĭèħķ	手腕
114106	æĶ¯æŀ¶	支架
114107	ä¾Ĩèĩª	來自
114108	éĩįå¡ĳ	重塑
114109	å¤ļå±Ĥæ¬¡	多层次
114110	ä»ĭè´¨	介质
114111	éĿ¢åŃĶ	面孔
114112	æ½®æ¹¿	潮湿
114113	åİ¿åŁŁ	县域
114114	æ¸¸æĪıå½ĵä¸Ń	游戏当中
114115	å£ŀ	壞
114116	åĪĹåĩº	列出
114117	èµĽåĮº	赛区
114118	å¤ļåįĬ	多半
114119	éĩįçĤ¹å·¥ä½ľ	重点工作
114120	æĪĳä»¬å¿ħé¡»	我们必须
114121	æŁıæŀĹ	柏林
114122	é²ģèĥ½	鲁能
114123	æĸ½å±ķ	施展
114124	åĲĦåĮº	各区
114125	åħįç¨İ	免税
114126	èµĽåĲİ	赛后
114127	æľĢéĩįè¦ģ	最重要
114128	ä¸Ģä¸ªå¥½çļĦ	一个好的
114129	è¿Ŀæ³ķè¿Ŀè§Ħ	违法违规
114130	äºĨè§£æĽ´å¤ļ	了解更多
114131	æķ¬è¯·	敬请
114132	ç¬ĳçĿĢè¯´	笑着说
114133	ä¸įæĸŃåıĳå±ķ	不断发展
114134	æĳĦå½±å¸Ī	摄影师
114135	ä»¥éĺ²	以防
114136	çĤ¸å¼¹	炸弹
114137	å£°åĵį	声响
114138	ç¤ģ	礁
114139	æĩ¿	懿
114140	èĪĨæĥħ	舆情
114141	èĩªçĶ±è´¸æĺĵ	自由贸易
114142	æķıæį·	敏捷
114143	ä¸īå¤§éĺ¶æ®µ	三大阶段
114144	èĭĶ	苔
114145	æĹºåŃ£	旺季
114146	ä¸įæ»¡æĦı	不满意
114147	å¾®ä¿¡åı·	微信号
114148	ä¿®ä¸º	修为
114149	çł´è£Ĥ	破裂
114150	éĢĥç¦»	逃离
114151	æ¯ıèĤ¡	每股
114152	è¾¾ä¸įåĪ°	达不到
114153	æ¯ıå¹´éĥ½	每年都
114154	çģ¯ç¬¼	灯笼
114155	æŃ¤åŁºç¡Ģä¸Ĭ	此基础上
114156	åĥıä¸ª	像个
114157	åĪĨå¨©	分娩
114158	æĻ¾	晾
114159	ä¸įèĩ³äºİ	不至于
114160	çº¢çº¿	红线
114161	è¯¯è§£	误解
114162	ä¸ľè·¯	东路
114163	æ·®å®ī	淮安
114164	äº§åŃ¦	产学
114165	äº§åŃ¦çłĶ	产学研
114166	èī¾æ»ĭ	艾滋
114167	èī¾æ»ĭçĹħ	艾滋病
114168	åīįæıĲæĺ¯	前提是
114169	æ¯ıä¸Ģå¤©	每一天
114170	ä¸ĥå¤§	七大
114171	æłĳåı¶	树叶
114172	èµ°å¾Ĺ	走得
114173	è¿Ļä¸¤ç§į	这两种
114174	æİıåĩº	掏出
114175	æİĲ	掐
114176	é¢Ĩå¯¼èĢħ	领导者
114177	ä¸Ģæľµ	一朵
114178	ä¸ªå¤ļæľĪ	个多月
114179	ä¸Ńåħ³	中关
114180	ä¸Ńåħ³æĿĳ	中关村
114181	è¯¾åłĤæķĻåŃ¦	课堂教学
114182	å¤§åĴĸ	大咖
114183	éģĭçĶ¨	運用
114184	è¯ļæĦı	诚意
114185	ç»ĦåĽ¾	组图
114186	è¯ķçĿĢ	试着
114187	ä¹Ķæ²»	乔治
114188	è¿ĺä¸įæĺ¯	还不是
114189	æľīæĽ´å¥½çļĦ	有更好的
114190	åĲİå¤ĩ	后备
114191	æĸ°çĶŁåĦ¿	新生儿
114192	æ°Ķè¡Ģ	气血
114193	æ²¥éĿĴ	沥青
114194	å±ıéļľ	屏障
114195	æ¥ŃåĭĻ	業務
114196	æĪĳä»¥ä¸º	我以为
114197	éķ¿çĽ¸	长相
114198	èĢģçĪ¸	老爸
114199	éķĩæ±Ł	镇江
114200	æľºæ¢°è®¾å¤ĩ	机械设备
114201	ä½Ĩæĺ¯å¦Ĥæŀľ	但是如果
114202	åĿļå®ļä¸į	坚定不
114203	åĿļå®ļä¸įç§»	坚定不移
114204	åĨ²éĶĭ	冲锋
114205	ç®ĢçĽ´æĺ¯	简直是
114206	åĤ¨èĵĦ	储蓄
114207	çº¯çĶµåĬ¨	纯电动
114208	æ¼«æŃ¥	漫步
114209	ä¸¾èµ·	举起
114210	æģ¶æĢ§	恶性
114211	è¨ĺéĮĦ	記錄
114212	èģĮèĥ½éĥ¨éĹ¨	职能部门
114213	åħ¨éķ¿	全长
114214	éĽ»è¦ĸ	電視
114215	ä¹³èħº	乳腺
114216	ä½ķå¤Ħ	何处
114217	æ¶Īæŀģ	消极
114218	æŃ£å¤Ħäºİ	正处于
114219	å®īå®ģ	安宁
114220	æĪĲéķ·	成長
114221	åıĻè¿°	叙述
114222	æºĥçĸ¡	溃疡
114223	ä½Ĩçİ°åľ¨	但现在
114224	å¥³æĺŁ	女星
114225	å©´å¹¼åĦ¿	婴幼儿
114226	æĬķèŀįèµĦ	投融资
114227	éĹ®éĹ®	问问
114228	æıŃå¼Ģ	揭开
114229	è¯ı	诏
114230	åĲįå½ķ	名录
114231	èĺĳèıĩ	蘑菇
114232	åĲĬé¡¶	吊顶
114233	æ¹ĸåĮº	湖区
114234	åįĸåľº	卖场
114236	å»ºç¯ī	建築
114237	èİ½	莽
114238	åĲ¬åĲ¬	听听
114239	ç«ŀäºīä¼ĺåĬ¿	竞争优势
114240	åĩºä»»	出任
114241	æľīä¸¤ç§į	有两种
114242	æ©±æŁľ	橱柜
114243	è¤ª	褪
114244	è¯ķåį·	试卷
114245	ç»ıæµİæĬĢæľ¯	经济技术
114246	æ·±å±Ĥ	深层
114247	éĩįè¦ģåĨħå®¹	重要内容
114248	é£İæİ§	风控
114249	çĬ¶æĢģä¸ĭ	状态下
114250	éĥ¨éĸĢ	部門
114251	å¹¿æ±½	广汽
114252	è§Ĥæĳ©	观摩
114253	éģĹçķĻ	遗留
114254	è½¬è´¦	转账
114255	æĮģä»ĵ	持仓
114256	æĢ»è®¡	总计
114257	åľĺéļĬ	團隊
114258	æĪ¿ä¸ľ	房东
114259	éĺĢéĹ¨	阀门
114260	åħ¬åħ³	公关
114261	åħ³åĪĩ	关切
114262	èĤĺ	肘
114263	æķ¸æĵļ	數據
114264	ä¸īåįģå¹´	三十年
114265	è§ģè¯ģäºĨ	见证了
114266	å±Ĩ	屆
114267	çģ°å°ĺ	灰尘
114268	æ¦ľé¦ĸ	榜首
114269	è¦ĨçĽĸçİĩ	覆盖率
114270	ä»Ļå¥³	仙女
114271	çĶŁäº§æĢ»	生产总
114272	çĶŁäº§æĢ»åĢ¼	生产总值
114273	æĪ¿è´·	房贷
114274	æ±ŁåĮº	江区
114275	åħħçĶµæ¡©	充电桩
114276	çĻ¾åĲĪ	百合
114277	ç¢ºèªį	確認
114278	è½¬ç§»åĪ°	转移到
114279	éĥ½æĹłæ³ķ	都无法
114280	çºªå¿µé¦Ĩ	纪念馆
114281	çŃ¾ç½²äºĨ	签署了
114282	å¹¶ä¸įå¤ļ	并不多
114283	æĮł	挠
114284	ä¸įå¤ªå¥½	不太好
114285	ä¸ĸä»£	世代
114286	è¯¯å¯¼	误导
114287	é«ĺå³°è®ºåĿĽ	高峰论坛
114288	åħ¼å®¹	兼容
114289	éľ¸æ°Ķ	霸气
114290	æĿ¥è®¿	来访
114291	æīĢå¸¦æĿ¥çļĦ	所带来的
114292	æĺ¯ä¸Ģéĥ¨	是一部
114293	æĻļé¥Ń	晚饭
114294	åİĨä»£	历代
114295	åĲ¦åīĩ	否則
114296	ä¹ħä¹ħ	久久
114297	æľīæķĪæľŁ	有效期
114298	è¯±åıĳ	诱发
114299	æĢ»èµĦäº§	总资产
114300	æľ¬èº«å°±æĺ¯	本身就是
114301	çĶŁäº§åİĤå®¶	生产厂家
114302	æĹ¶é«¦	时髦
114303	èĢĲçĶ¨	耐用
114304	ä»İå°ıå°±	从小就
114305	æĿ¡çº¦	条约
114306	èĭ±åĭĩ	英勇
114307	ä¿Ĺè¯Ŀè¯´	俗话说
114308	å¯ºåºĻ	寺庙
114309	å¿ĥçĲĨåģ¥åº·	心理健康
114310	ä»Ģä¹Īäºĭæĥħ	什么事情
114311	æ±īåŃĹ	汉字
114312	çķĻä½ı	留住
114313	åįĹè·¯	南路
114314	ä¸īé¡¹	三项
114315	ä¸¢äºĨ	丢了
114316	æĥ³åĪ°äºĨ	想到了
114317	çŃ¹éĽĨ	筹集
114318	éĻĦåĬłåĢ¼	附加值
114319	è¥¿è£ħ	西装
114320	ä¹ĭä½ľ	之作
114321	åģļçļĦäºĭ	做的事
114322	çķ¶æĤ¨	當您
114323	çķ¶æĤ¨åľ¨	當您在
114324	é¦ĸæ¬¾	首款
114325	ä¸įåľ¨ä¹İ	不在乎
114326	å·¥ç¨ĭæĸ½å·¥	工程施工
114327	éļĲéļĲ	隐隐
114328	åıĺèº«	变身
114329	æ²¿éĢĶ	沿途
114330	æĤłæĤł	悠悠
114331	ä¿Ŀæļĸ	保暖
114332	çĶŁæ´»åŀĥåľ¾	生活垃圾
114333	æ¸¤æµ·	渤海
114334	æŃ¦ä¾ł	武侠
114335	å¥³ä¸»è§Ĵ	女主角
114336	ä¸¾ä¾ĭ	举例
114337	æ·¨	淨
114338	çĻ½é¢Ĩ	白领
114339	è£ĻåŃĲ	裙子
114340	è¿Ķè¿ĺ	返还
114341	è¿Īåĩº	迈出
114342	é¾ĻéĹ¨	龙门
114343	ç»ıæµİä½ĵ	经济体
114344	æĶ¶å®ĺ	收官
114345	çķĮéĻĲ	界限
114346	è·³åĩº	跳出
114347	åįĩåĢ¼	升值
114348	ç»µéĺ³	绵阳
114349	çĸ¤çĹķ	疤痕
114350	çľĭæ¸ħ	看清
114351	æĭĴçµķ	拒絕
114352	è¥Ħéĺ³	襄阳
114353	è¯¾å¤ĸ	课外
114354	åŃĲåŃĻ	子孙
114355	æŃĮè¯į	歌词
114356	æĪĲåĲį	成名
114357	æº¶æ¶²	溶液
114358	åĦĴå®¶	儒家
114359	åķĨä¸ļåĮĸ	商业化
114360	è¾¨åĪ«	辨别
114361	å¤ļè¾¾	多达
114362	ç½ĳåºĹ	网店
114363	ä¹Ŀå¤§	九大
114364	ä¹Ŀå¤§ç²¾ç¥ŀ	九大精神
114365	æŃ¤ä¸¾	此举
114366	è¿ŀè½½	连载
114367	ä¸ĢåĢĭäºº	一個人
114368	èī²æ³½	色泽
114369	æ¶µçĽĸäºĨ	涵盖了
114370	è¦ıåĬĥ	規劃
114371	åĽ½æĥħ	国情
114372	åį«çĶŁåģ¥åº·	卫生健康
114373	ç§¯æŀģåĵįåºĶ	积极响应
114374	æĭĻ	拙
114375	åĪ¶åĬ¨	制动
114376	æĥ³è±¡åĬĽ	想象力
114377	çļĦä¹Ĳè¶£	的乐趣
114378	å¼łå®¶çķĮ	张家界
114379	å´İ	崎
114380	éĩįåŀĭ	重型
114381	å¤ĸå¢Ļ	外墙
114382	æĶ¾åŃ¦	放学
114383	è®¤çľŁåŃ¦ä¹ł	认真学习
114384	è´¬åĢ¼	贬值
114385	æ³ķæ¡Ī	法案
114386	æĬ¤èĤ¤åĵģ	护肤品
114387	éĻ·åħ¥äºĨ	陷入了
114388	è¯·æĤ¨	请您
114389	åŀ¢	垢
114390	æķĻèĤ²èµĦæºĲ	教育资源
114391	äº¤æĺĵå¹³åı°	交易平台
114392	æĹ¶è£ħ	时装
114393	ä¼łæŁĵçĹħ	传染病
114394	æ¹ĸæ³Ĭ	湖泊
114395	èµĦç®¡	资管
114396	åİ¨å¸Ī	厨师
114398	éĹľéįµ	關鍵
114399	åĵĪåĵĪåĵĪ	哈哈哈
114400	çĽĹçªĥ	盗窃
114401	çĶľç¾İ	甜美
114402	åºĦåĽŃ	庄园
114403	çĽ®åīįå·²ç»ı	目前已经
114404	è¾¹ä¸Ĭ	边上
114405	çģ«èĬ±	火花
114406	æĬ¥è®°èĢħ	报记者
114407	æģĭæĥħ	恋情
114408	ç´§åĩĳ	紧凑
114409	æ°´æµģ	水流
114410	è¿Ļæĺ¯æĪĳä»¬	这是我们
114411	æ³¥åľŁ	泥土
114412	æĽ¾ä»»	曾任
114413	æĸ¹è¨Ģ	方言
114414	åĳ¨åħŃ	周六
114415	åı·æ¥¼	号楼
114416	ä¼ĳåģĩ	休假
114417	è¯¯ä¼ļ	误会
114418	åĽ½åĢº	国债
114419	åīįå¤ķ	前夕
114420	ä¸¤å¼ł	两张
114421	éĹ«	闫
114422	éŃĶé¬¼	魔鬼
114423	æĬĬæĮģ	把持
114424	èĬĤèĥ½çİ¯ä¿Ŀ	节能环保
114425	æ¸ħæ´ģèĥ½æºĲ	清洁能源
114426	èĤ¥æĸĻ	肥料
114427	é«ĺé¢ĳ	高频
114428	å°±æľīäºĨ	就有了
114429	äº¤ä¼ļ	交会
114430	æ²¡éĴ±	没钱
114431	éĽħæĢĿ	雅思
114432	è¦ģåıĬæĹ¶	要及时
114433	åŁ¹åħ»åŃ¦çĶŁ	培养学生
114434	æ¬£åĸľ	欣喜
114435	çĥŃæ°´åĻ¨	热水器
114436	é¾Ļæ¹ĸ	龙湖
114437	äºĮæ¥¼	二楼
114438	æĸ°æµªè´¢ç»ı	新浪财经
114439	æĸ°åĬ¨èĥ½	新动能
114440	èµ£å·ŀ	赣州
114441	æĭ³å¤´	拳头
114442	æµģåĲĳ	流向
114443	ä¹Łæĺ¯å¾Ī	也是很
114444	åıĳåĶ®	发售
114445	ä¸ŃåĲ«æľī	中含有
114446	åĲĵå¾Ĺ	吓得
114447	å·¨æĺŁ	巨星
114448	æĹłæīĢè°ĵ	无所谓
114449	æ¯ĽåŃĶ	毛孔
114450	åħ¬åħ±äº¤éĢļ	公共交通
114451	çĤİçĥŃ	炎热
114452	èµ·èįī	起草
114453	åĬłçĽŁåķĨ	加盟商
114454	è¯´ä¸įåĩº	说不出
114455	å¤§åŃ¦æ¯ķä¸ļ	大学毕业
114456	å·¥ä¸ļåĽŃ	工业园
114457	éłĺåŁŁ	領域
114458	åºĨåħ¸	庆典
114459	æµģäº§	流产
114460	èģ²éŁ³	聲音
114461	ä¼¼ä¹İæĺ¯	似乎是
114462	è´§æºĲ	货源
114463	æ·±åĪĩ	深切
114464	æ²»çĸĹæĸ¹æ³ķ	治疗方法
114465	èµĦæºĲéħįç½®	资源配置
114466	ç¶²åıĭ	網友
114467	çĶ£	産
114468	äº¥	亥
114469	èº²åľ¨	躲在
114470	ç¤¾ç§ĳ	社科
114471	è»Łé«Ķ	軟體
114472	å¥³è£ħ	女装
114473	æŃ¡è¿İ	歡迎
114474	ç»¼åĲĪå®ŀåĬĽ	综合实力
114475	æł¼å°ĩ	格將
114476	åħļåı²åŃ¦ä¹ł	党史学习
114477	æľĢåŁºæľ¬	最基本
114478	æľĢåŁºæľ¬çļĦ	最基本的
114479	çľĭæľĽ	看望
114480	åıĹè´¿	受贿
114481	ä¸įä»ħèĥ½	不仅能
114482	ä½ķå¿ħ	何必
114483	ä¸Ģä¸ªå°ıæĹ¶	一个小时
114484	ç¾Į	羌
114485	æĭĽæĶ¶	招收
114486	çĤĴèĤ¡	炒股
114487	æĿĳå¹²éĥ¨	村干部
114488	çĽ¸çĪ±	相爱
114489	æ½ľèĥ½	潜能
114490	ä¹į	乍
114491	æĹ¶è¾°	时辰
114492	æ¬£æħ°	欣慰
114493	éĵ¶è¡Įä¸ļ	银行业
114494	çĭŃçªĦ	狭窄
114495	éĩįçĤ¹é¢ĨåŁŁ	重点领域
114496	çİ°å®ŀçĶŁæ´»	现实生活
114497	éĮ¯èª¤	錯誤
114498	æĸ°è§Ħ	新规
114499	æ»¥çĶ¨	滥用
114500	æĹ¶ä¸į	时不
114501	æĹ¶ä¸įæĹ¶	时不时
114502	å¸³èĻŁ	帳號
114503	ç¨Ģç¼º	稀缺
114504	åĲĳä¸ľ	向东
114505	ä¿Ŀåģ¥åĵģ	保健品
114506	çıŃéķ¿	班长
114507	äºĴåĭķ	互動
114508	ç¬¼ç½©	笼罩
114509	æ½Ľ	潛
114510	æļĸå¿ĥ	暖心
114511	è½°çĤ¸	轰炸
114512	åºĨå¹¸	庆幸
114513	è²Įä¼¼	貌似
114514	æĵº	擺
114515	èĢĲç£¨	耐磨
114516	ä¸ĵä¸ļäººå£«	专业人士
114517	ä¸ĢèĪ¬éĥ½æĺ¯	一般都是
114518	æ¼³å·ŀ	漳州
114519	åħ¨èĩªåĬ¨	全自动
114520	å½ķçĶ¨	录用
114521	å¤§è·Į	大跌
114522	æľīæķĪæĢ§	有效性
114523	èĩªåĭķ	自動
114524	ä¸īä¸ªæĸ¹éĿ¢	三个方面
114525	æ¸¯åĮº	港区
114526	ä¿¡è²¸	信貸
114527	éĢļè¯Ŀ	通话
114528	é«ĺæ¶¨	高涨
114529	æ³Ħæ¼ı	泄漏
114530	éħįä¸Ĭ	配上
114531	åħļå·¥å§Ķ	党工委
114532	è¢«è®¤ä¸º	被认为
114533	è¢«è®¤ä¸ºæĺ¯	被认为是
114534	ä¸įä¼ļåĨį	不会再
114535	è°ĥåīĤ	调剂
114536	åıĤèĤ¡	参股
114537	èĦ±åıĳ	脱发
114538	å¿łå®ŀ	忠实
114539	åĨħåĪĨæ³Į	内分泌
114540	ç¹ģå¿Ļ	繁忙
114541	åıĮåĪĽ	双创
114542	é©»æĿĳ	驻村
114543	åĪĴç®Ĺ	划算
114544	éģİä¾Ĩ	過來
114545	åľ£ç»ı	圣经
114546	èıľé¸Ł	菜鸟
114547	æĭ¼å¤ļå¤ļ	拼多多
114548	ä¸ŃåĽ½æ±½è½¦	中国汽车
114549	çĥŁèįī	烟草
114550	çĽ´æµģ	直流
114551	äºĨä¸Ģåı£æ°Ķ	了一口气
114552	ä½İæĪĲæľ¬	低成本
114553	æī¾åĽŀ	找回
114554	èĩªåįĳ	自卑
114555	ç¸½æĺ¯	總是
114556	æĸĩåĮĸåĪĽæĦı	文化创意
114557	å¤©æ²³	天河
114558	æ¨±æ¡ĥ	樱桃
114559	éªĳåħµ	骑兵
114560	éĩĮéĿ¢æľī	里面有
114561	çİ®	玮
114562	èĥ½æī¾åĪ°	能找到
114563	éĢĥè·ĳ	逃跑
114564	åĪĩå°Ķ	切尔
114565	åĪĩå°Ķè¥¿	切尔西
114566	ä»¥ä¸ĭæĺ¯	以下是
114567	å²³éĺ³	岳阳
114568	çļĦæ¦Ĥçİĩ	的概率
114569	æĬµåĪ¶	抵制
114570	å¸ĪäºĭåĬ¡	师事务
114571	å¸ĪäºĭåĬ¡æīĢ	师事务所
114572	åĩĨæĹ¶	准时
114573	å±¬æĸ¼	屬於
114574	è®¢è´Ń	订购
114575	åįłæį®äºĨ	占据了
114576	ä¸ŃéĢĶ	中途
114577	å°ĭ	尋
114578	é»ĳé©¬	黑马
114579	åİ¿åħ¬å®īå±Ģ	县公安局
114580	ä¸ĥæľĪ	七月
114581	èī²ç´ł	色素
114582	å¿ĥèĦıçĹħ	心脏病
114583	æĹ¶éĻĲ	时限
114584	æ¯įåħ¬åı¸	母公司
114585	å¹ķåĲİ	幕后
114586	ä¸Ĭæ¦ľ	上榜
114587	åĢ¾åĲĳäºİ	倾向于
114588	çº¸ä¸Ĭ	纸上
114589	æ¡ĵ	桓
114590	éĽĨä½ĵç»ıæµİ	集体经济
114591	æĥħå¢ĥ	情境
114592	è¦ģåģļåĪ°	要做到
114593	ç©įæ¥µ	積極
114594	åıªæĢķ	只怕
114595	æ¹ĺè¥¿	湘西
114596	çļ±çº¹	皱纹
114597	åħ¨åľĭ	全國
114598	çĦ¡è«ĸ	無論
114599	å¥½æĦŁ	好感
114600	åįķä»·	单价
114601	è¿Ľç¨ĭä¸Ń	进程中
114602	æĺĨä»ĳ	昆仑
114603	åĪĽå®¢	创客
114604	åħħæĸ¥	充斥
114605	åħĪæĬĬ	先把
114606	è¯¥æĢİä¹ĪåĬŀ	该怎么办
114607	åĵģå¾·	品德
114608	åħ¨éĿ¢åıĳå±ķ	全面发展
114609	è¨ĪåĬĥ	計劃
114610	æĢ»å·¥ä¼ļ	总工会
114611	ä½Ľå±±å¸Ĥ	佛山市
114612	æĬĹè¡¡	抗衡
114613	å¼Ģåľº	开场
114614	éĴ±å¸ģ	钱币
114615	åıĭä»¬	友们
114616	å«īå¦Ĵ	嫉妒
114617	ç´¢èµĶ	索赔
114618	è®ĬåĮĸ	變化
114619	æĮ¤åİĭ	挤压
114620	æĮĳè¡ħ	挑衅
114621	çŃīä¸Ģæī¹	等一批
114622	æĿ¨æ¬¢	杨欢
114623	ä¸ĵå®¶åŃ¦èĢħ	专家学者
114624	èĥ½è¾¾åĪ°	能达到
114625	èµ°è¿ĳ	走近
114626	è´«åĽ°åľ°åĮº	贫困地区
114627	éĻĲæľŁ	限期
114628	ä¸įå¹³è¡¡	不平衡
114629	åĽ½åĨħå¸Ĥåľº	国内市场
114630	èµĽåľº	赛场
114631	éħįèµĦ	配资
114632	è¦ģèĢĥèĻĳ	要考虑
114633	ä¸ĩåı°	万台
114634	æľĪæľ«	月末
114635	éĶ¥	锥
114636	åŃ«	孫
114637	æİ¥è§¦åĪ°	接触到
114638	åĩºäº§	出产
114639	æķĻåŃ¸	教學
114640	ä½ľå¼Ĭ	作弊
114641	çļĦæľĢåĲİä¸Ģ	的最后一
114642	ä¿ĥæĪĲ	促成
114643	åĲ¸åıĸ	吸取
114644	æ½ľèīĩ	潜艇
114645	è¢«éªĹ	被骗
114646	è¾ĵäºĨ	输了
114647	çĭĲçĭ¸	狐狸
114648	åįĩéĻį	升降
114649	è¿ĻäºĽä¸ľè¥¿	这些东西
114650	æĬķèµĦåŁºéĩĳ	投资基金
114651	çĶŁçī©åŃ¦	生物学
114652	ç½ĳç»ľèĲ¥éĶĢ	网络营销
114653	åĲĳè®°èĢħ	向记者
114654	èįīåľ°	草地
114655	æĢ¯	怯
114656	æľįåĬ¡èĥ½åĬĽ	服务能力
114657	éĥģéĹ·	郁闷
114658	åįķåĵģ	单品
114659	å¾Ĺç½ª	得罪
114660	æĺĵäºİ	易于
114661	ä¸ªå¤ļå°ıæĹ¶	个多小时
114662	éĩįä»»	重任
114663	ä¸Ĭå®ĺ	上官
114664	æľ¬éĩĳ	本金
114665	çı¾åł´	現場
114666	æº¢ä»·	溢价
114667	æĺŁè¾°	星辰
114668	æ´»åĬ¨çİ°åľº	活动现场
114669	ä¸¹éº¦	丹麦
114670	å¸Ŀçİĭ	帝王
114671	æŁ¥æĺİ	查明
114672	åŃĺåľ¨äºİ	存在于
114673	é¦Ļæ°´	香水
114674	æĬ½æ£Ģ	抽检
114675	å®ŀéĻħä¸Ĭæĺ¯	实际上是
114676	æĸ°å¾ģç¨ĭ	新征程
114677	è´¢åĬ¡ç®¡çĲĨ	财务管理
114678	æİĽ	掛
114679	åĨľåİĨ	农历
114680	éĥ½èĥ½å¤Ł	都能够
114681	éĤ¯éĥ¸	邯郸
114682	çľŁå¯¦	真實
114683	ç»Ĭ	绊
114684	åĨµä¸Ķ	况且
114685	ç½®èº«	置身
114686	ç¥Īç¥·	祈祷
114687	çĿģå¼Ģ	睁开
114688	æĮĩçĤ¹	指点
114689	å¼Ģæľº	开机
114690	è¥¿å®ģ	西宁
114691	åĮĹçº¦	北约
114692	ç§¯æ°´	积水
114693	åĩºåĬ¨	出动
114694	åıĳå±ķæ¨¡å¼ı	发展模式
114695	è½¬æĬĺ	转折
114696	èĢĥçĤ¹	考点
114697	æľīç½ĳåıĭ	有网友
114698	è´«åĽ°æĿĳ	贫困村
114699	æĪĳä»¬çŁ¥éģĵ	我们知道
114700	åĪĨéĶĢ	分销
114701	å±±èĦī	山脉
114702	æ¯ĶæĭŁ	比拟
114703	ä¼°ç®Ĺ	估算
114704	æĶ¹å»º	改建
114705	å£®è§Ĥ	壮观
114706	ç§īæĮģ	秉持
114707	æıª	揪
114708	ç¦Ģ	禀
114709	åĮĸåŃ¦åĵģ	化学品
114710	ä¸ŃåĽ½åĪ¶éĢł	中国制造
114711	ä¸Ģæŀ¶	一架
114712	æīįè¡Į	才行
114713	æĭĽå¾ħ	招待
114714	åıĺæį¢	变换
114715	åīįçº¿	前线
114716	å¹¸å¥½	幸好
114717	è¿Ļæł·çļĦè¯Ŀ	这样的话
114718	å¿ĥè¡Ģç®¡	心血管
114719	æĢ§çĸ¾çĹħ	性疾病
114720	åħ¨èĥ½	全能
114721	åĪĳä¾¦	刑侦
114722	ä¿¡æģ¯åıĳå¸ĥ	信息发布
114723	æĺ¾çĦ¶æĺ¯	显然是
114724	éĿĴéĵľ	青铜
114725	åĲĥä»Ģä¹Ī	吃什么
114726	çĶµä»·	电价
114727	æ³ķå¾ĭè§Ħå®ļ	法律规定
114728	çħ²	煲
114729	çĵ·åĻ¨	瓷器
114730	èĤīç±»	肉类
114731	æıĴåħ¥	插入
114732	åĹľ	嗜
114733	è¿Łè¿Ł	迟迟
114734	ä¸ĢçĤ¹éĥ½ä¸į	一点都不
114735	è¿ĺåĮħæĭ¬	还包括
114736	èĪįä¸įå¾Ĺ	舍不得
114737	æłĩå¿ĹæĢ§	标志性
114738	æľĪä»¥æĿ¥	月以来
114739	ç³ĸæŀľ	糖果
114740	éĥ½åºĶè¯¥	都应该
114741	çİ¯å¢ĥåį«çĶŁ	环境卫生
114742	èĪªè¡Į	航行
114743	éĥĳéĩį	郑重
114744	ç½ĳæĬķ	网投
114745	åįģä½³	十佳
114746	ç§ģä¸ĭ	私下
114747	æļ´è·Į	暴跌
114748	åĬłå¿«åıĳå±ķ	加快发展
114749	äº§åĵģçłĶåıĳ	产品研发
114750	åĪĽéĢłåĩº	创造出
114751	æĢ»è§īå¾Ĺ	总觉得
114752	åºķçĽĺ	底盘
114753	èķĬ	蕊
114754	åĩºå¸Ńä¼ļè®®	出席会议
114755	ä¸»æĿ¿	主板
114756	æĹ¥æĻļéĹ´	日晚间
114757	å®ĺæĸ¹å¾®åįļ	官方微博
114758	å¼ķçĶ¨æĹ¥æľŁ	引用日期
114759	åī¯æķĻæİĪ	副教授
114760	çĶµåŃĲäº§åĵģ	电子产品
114761	è¡°éĢĢ	衰退
114762	çķĻåŃĺ	留存
114763	çģ«åĬĽ	火力
114764	çĴ§	璧
114765	çļĤ	皂
114766	åħ¼åħ·	兼具
114767	éĩįè¿Ķ	重返
114768	é¢Ĩçķ¥	领略
114769	åĪĩéĻ¤	切除
114770	åĨįçĶŁèĥ½æºĲ	再生能源
114771	å®ŀåľ¨å¤ª	实在太
114772	çĲĨè®ºä¸Ĭ	理论上
114773	ä¸īå±Ĥ	三层
114774	ä¸ĸçķĮåĲĦåĽ½	世界各国
114775	å®ľæĺĮ	宜昌
114776	èĢ³è¾¹	耳边
114777	å®½æķŀ	宽敞
114778	æ±īæĹı	汉族
114779	çĻ½çĻ½	白白
114780	è¿ĻéĩĮéĿ¢	这里面
114781	çĶŁæ´»ä¹łæĥ¯	生活习惯
114782	èµŀèµı	赞赏
114783	çĶ·å£«	男士
114784	ä¸Ńä¿Ħ	中俄
114785	è½¦ç¥¸	车祸
114786	åīĤéĩı	剂量
114787	éĻ¤åİ»	除去
114788	å·¦è¾¹	左边
114789	çŃĳçī¢	筑牢
114790	çīĽå¸Ĥ	牛市
114791	å®¶åĬ¡	家务
114792	åķĥ	啃
114793	ç½®æį¢	置换
114794	ç´«å¤ĸ	紫外
114795	ç´«å¤ĸçº¿	紫外线
114796	å¾Ģåīį	往前
114797	åĬĽåŃ¦	力学
114798	ç´§è·Ł	紧跟
114799	çĽ®çļĦåľ¨äºİ	目的在于
114800	ç»®	绮
114801	ç¥Ĥ	祂
114802	å®£è¨Ģ	宣言
114803	äºĮæ°§åĮĸ	二氧化
114804	äºĮæ°§åĮĸç¢³	二氧化碳
114805	æĹłç¼ĺ	无缘
114806	ç²¾éĢļ	精通
114807	è¨º	診
114808	å¼ķåıĳäºĨ	引发了
114809	æľĢåħĪ	最先
114810	æ´¾é©»	派驻
114811	ä¸įå¿į	不忍
114812	æĪĳçĪ¸	我爸
114813	å¹´ä¸ĭåįĬå¹´	年下半年
114814	æ·ĭå·´	淋巴
114815	æ²¡éĹ®é¢ĺ	没问题
114816	åºĹåĨħ	店内
114817	è·ŁæĪĳè¯´	跟我说
114818	çĶŁäº§çĶŁæ´»	生产生活
114819	è§ĤæľĽ	观望
114820	æ¸į	渍
114821	è¢«æī§è¡Į	被执行
114822	è¢«æī§è¡Įäºº	被执行人
114823	èĪľ	舜
114824	æİº	掺
114825	ä¸Ģç§Ĵ	一秒
114826	èįīåĿª	草坪
114827	åĳ¼åĴĮ	呼和
114828	åĳ¼åĴĮæµ©	呼和浩
114829	åĳ¼åĴĮæµ©çī¹	呼和浩特
114830	äººæ°ĳéĵ¶è¡Į	人民银行
114831	çĦķåıĳ	焕发
114832	è¯ģåĪ¸äº¤æĺĵ	证券交易
114833	çķĶ	畔
114834	æľºèĥ½	机能
114835	å¦¾	妾
114836	æĻļå¹´	晚年
114837	å·¥åķĨèģĶ	工商联
114838	åİŁåŀĭ	原型
114839	è§Ĵåº¦çľĭ	角度看
114840	æĬ¥ç¤¾	报社
114841	è¯įæĿ¡	词条
114842	èº²éģ¿	躲避
114843	éĩįåĲ¯	重启
114844	å¤ķéĺ³	夕阳
114845	èĤ¡æĿĥè½¬è®©	股权转让
114846	åľ¨ä¸Ģ	在一
114847	åľ¨ä¸ĢæĹģ	在一旁
114848	ç¤¾ä¼ļåĮĸ	社会化
114849	åıĳå±ķåİĨç¨ĭ	发展历程
114850	æĭĸæ¬ł	拖欠
114851	ä½¿èĢħ	使者
114852	ä¸İåĲ¦	与否
114853	æĸ°å±ĢéĿ¢	新局面
114854	ä»Ĭå¤©æĪĳä»¬	今天我们
114855	é½Ĳèģļ	齐聚
114856	å¯¹æĪĳè¯´	对我说
114857	éĢĴäº¤	递交
114858	æľªæĽ¾	未曾
114859	èİĬ	莊
114860	éĸī	閉
114861	äº²æīĭ	亲手
114862	è§ĴéĢĲ	角逐
114863	æľīé»ŀ	有點
114864	ç¨İçİĩ	税率
114865	ä½İå£°	低声
114866	é»ĺå¥ĳ	默契
114867	æĻ®æ³ķ	普法
114868	å¤§ä¸ĵ	大专
114869	ç¬¬äºĮå¤§	第二大
114870	ä½ıåĿĢ	住址
114871	æĶ¾è¿Ľ	放进
114872	äºĮæĪĺ	二战
114873	äº²èº«	亲身
114874	åĽºåĮĸ	固化
114875	ä¸ĭä¹¡	下乡
114876	åħ³éĶ®æĬĢæľ¯	关键技术
114877	åĽŀæĥ³	回想
114878	æĬ¥åĪĬ	报刊
114879	æ¶ĤæĬ¹	涂抹
114880	èĹıçĿĢ	藏着
114881	ç¥ĿæĦ¿	祝愿
114882	åįĩæ¸©	升温
114883	çĶļèĩ³è¿ŀ	甚至连
114884	åħ¬åħĥåīį	公元前
114885	ç¾İæĸ¹	美方
114886	è¯ļå®ŀ	诚实
114887	æĹłåģ¿	无偿
114888	åīµæ¥Ń	創業
114889	å°ıå¿ĥç¿¼	小心翼
114890	å°ıå¿ĥç¿¼ç¿¼	小心翼翼
114891	ä¸¤æīĭ	两手
114892	æ¸©é¦¨æıĲç¤º	温馨提示
114893	ä»¿çľŁ	仿真
114894	æĥ¶	惶
114895	èĥ¡åŃĲ	胡子
114896	å·¥ä½ľç«Ļ	工作站
114897	ç¡¬çĽĺ	硬盘
114898	ç«¿	竿
114899	åĤ³éĢģ	傳送
114900	åħ¨æł¡	全校
114901	é²ľæ´»	鲜活
114902	çĴĢçĴ¨	璀璨
114903	ç»ĵå°¾	结尾
114904	æį¢æĿ¥	换来
114905	æĪĢ	戀
114906	ä½İä½į	低位
114907	ä¸ĩåħĥä»¥ä¸Ĭ	万元以上
114908	åĬłåĪĨ	加分
114909	æİ¨ä»ĭä¼ļ	推介会
114910	çĲĨèµĶ	理赔
114911	å¾·å°Ķ	德尔
114912	æĬĹè®®	抗议
114913	æ´¼	洼
114914	åĸ§	喧
114915	åŁİéĻħ	城际
114916	å¾Īæ£Ĵ	很棒
114917	äººæŃ»äº¡	人死亡
114918	ä¼ļå±ķä¸Ńå¿ĥ	会展中心
114919	äºĴèģĶäºĴéĢļ	互联互通
114920	èĸĦèĨľ	薄膜
114921	éĩįé»ŀ	重點
114922	ç¦ģæ¯Ĵ	禁毒
114923	åĨ·ç¬ĳ	冷笑
114924	å¤§å®¶åı¯ä»¥	大家可以
114925	é¦ĸçĽ¸	首相
114926	è¿ĳè·Ŀç¦»	近距离
114927	æµ®çİ°	浮现
114928	ç§ĺè¯Ģ	秘诀
114929	èµ·é£ŀ	起飞
114930	æĲ¶	搶
114931	çľŁåģĩ	真假
114932	æģķ	恕
114933	å°ıåºĹ	小店
114934	æ°ĳçľ¾	民眾
114935	åıĳå¸ĥåħ¬åĳĬ	发布公告
114936	ä¾§éĩį	侧重
114937	å¾ĺå¾Ĭ	徘徊
114938	æĢĶ	怔
114939	æªĲ	檐
114940	æķ°çĽ®	数目
114941	åī¯ç§ĺä¹¦éķ¿	副秘书长
114942	ä¸¤åı¥	两句
114943	éļĲçŀĴ	隐瞒
114944	åıĮåıĮ	双双
114945	æīĭæĦŁ	手感
114946	èĳ¡äº¬	葡京
114947	éģĹå¿ĺ	遗忘
114948	é¬¥	鬥
114949	è¿Ļä¸ªåľ°æĸ¹	这个地方
114950	è¯´çļĦè¯Ŀ	说的话
114951	å·¡åĽŀ	巡回
114952	è¿Ŀç«ł	违章
114953	æī¾å·¥ä½ľ	找工作
114954	æĶ¯çĲĥéĺŁ	支球队
114955	è£¡éĿ¢	裡面
114956	æĺ¾ç¤ºåĩº	显示出
114957	èĩ³å°Ĭ	至尊
114958	ä¸¤çº§	两级
114959	åīįæ®µæĹ¶éĹ´	前段时间
114960	çĺ¦èº«	瘦身
114961	èĤ¢ä½ĵ	肢体
114962	æ¯įè¦ª	母親
114963	æīĭç»Ńè´¹	手续费
114964	æ±½è½¦è¡Įä¸ļ	汽车行业
114965	æİ©çĽĸ	掩盖
114966	æİ§èĤ¡éĽĨåĽ¢	控股集团
114967	åı£å¾Ħ	口径
114968	æĶ¿çŃĸæİªæĸ½	政策措施
114969	æµ·ç»µ	海绵
114970	åħ¨éķĩ	全镇
114971	äºĭåħ³	事关
114972	å¸Ńæī§è¡Į	席执行
114973	å¸Ńæī§è¡Įå®ĺ	席执行官
114974	éĤ£æ¬¡	那次
114975	åı¯èĥ½åĩºçİ°	可能出现
114976	ä¸Ńå¿ĥåŁİå¸Ĥ	中心城市
114977	ç¿»èº«	翻身
114978	ä¹Łç®Ĺ	也算
114979	ä¾µçķ¥	侵略
114980	åĸĩåıŃ	喇叭
114981	æ¯ıæ¬¡éĥ½	每次都
114982	è§ħ	觅
114983	éĻ¢éĻ¢éķ¿	院院长
114984	å§ĭäºİ	始于
114985	èŃ¦åĬ¡	警务
114986	èį¯æĿĲ	药材
114987	å±łæĿĢ	屠杀
114988	æľ¬èº«å°±	本身就
114989	éļıæĹ¶éļı	随时随
114990	éļıæĹ¶éļıåľ°	随时随地
114991	åĶ®åįĸ	售卖
114992	æĹłäººé©¾é©¶	无人驾驶
114993	é¢ħ	颅
114994	åĵģè³ª	品質
114995	åĺ²ç¬ĳ	嘲笑
114996	è·ĳåİ»	跑去
114997	åħĭéĩĮæĸ¯	克里斯
114998	çķ¸å½¢	畸形
114999	ä¿®é¥°	修饰
115000	çŁ©éĺµ	矩阵
115001	éŁ³ä¹Ĳä¼ļ	音乐会
115002	æŁ³å·ŀ	柳州
115003	é½¡	齡
115004	ä¼ļè°Ī	会谈
115005	æŃ£çīĪ	正版
115006	ä¹ŁåĲĮæł·	也同样
115007	æļ§æĺ§	暧昧
115008	è¡ĮæĶ¿éĥ¨éĹ¨	行政部门
115009	ä¹ĸä¹ĸ	乖乖
115010	èĤ¤èī²	肤色
115011	æĹ¶ä»»	时任
115012	çľŁåĪĩ	真切
115013	æľĪä¸ĭ	月下
115014	æľĪä¸ĭæĹ¬	月下旬
115015	ä¸ľæĸ¹è´¢å¯Į	东方财富
115016	è£ħä¿®åħ¬åı¸	装修公司
115017	éĢĢè¿ĺ	退还
115018	åĭĺå¯Ł	勘察
115019	åĵ¥ä¼¦	哥伦
115020	åĵ¥ä¼¦æ¯Ķäºļ	哥伦比亚
115021	çĭ¬ä¸Ģ	独一
115022	çĭ¬ä¸ĢæĹł	独一无
115023	çĭ¬ä¸ĢæĹłäºĮ	独一无二
115024	è°ĥåĳ³	调味
115025	åİĭè¿«	压迫
115026	åħ¨çĲĥæľĢå¤§	全球最大
115027	åī¯æł¡éķ¿	副校长
115028	æĽ´ä½İ	更低
115029	åĪĨéĴŁåĲİ	分钟后
115030	åĽŀä¾Ĩ	回來
115031	åĪ¶åīĤ	制剂
115032	åĳĬè¯īå¤§å®¶	告诉大家
115033	çĤ¹éĴŁ	点钟
115034	åįģä¸īå±Ĭ	十三届
115035	åĳ¨åĽĽ	周四
115036	è¿Ļæł·ä¸Ģ	这样一
115037	è¿Ļæł·ä¸ĢæĿ¥	这样一来
115038	èĭŁ	苟
115039	æľĽåİ»	望去
115040	æĪĲè¯Ń	成语
115041	å½ĵåį³	当即
115042	ç¬ĳå£°	笑声
115043	ä¹ĭåĬ¿	之势
115044	åĪĳäºĭæ¡Īä»¶	刑事案件
115045	æĮĤçĿĢ	挂着
115046	ä½ķç§į	何种
115047	å°ıæ¸¸æĪı	小游戏
115048	åĽ½å®¶æĪĺçķ¥	国家战略
115049	åĨ·åĨ·	冷冷
115050	å®ľå®¾	宜宾
115051	æĲºç¨ĭ	携程
115052	è¶ĭäºİ	趋于
115053	åıįçľģ	反省
115054	å¸¸è¯´	常说
115055	ä¸ĩæĪ·	万户
115056	åĥµå°¸	僵尸
115057	åįĥä¸ĩåĪ«	千万别
115058	åıĳçİ°éĹ®é¢ĺ	发现问题
115059	åı¯çŁ¥	可知
115060	éĹ¨æĪ·ç½ĳç«Ļ	门户网站
115061	åģ¥åº·äº§ä¸ļ	健康产业
115062	åı³è¾¹	右边
115063	æµ·è¿Ĳ	海运
115064	è¿ĳä¹İ	近乎
115065	åĮ»æ²»	医治
115066	æĢ»ç®Ĺ	总算
115067	ä¸ĢåĪĨéĴŁ	一分钟
115068	æĭ§	拧
115069	ä¹Łæľīä¸ĢäºĽ	也有一些
115070	ä¾ĽçĶµåħ¬åı¸	供电公司
115071	å»īä»·	廉价
115072	å¸®ä»ĸ	帮他
115073	æŃ¤æ¬¡æ´»åĬ¨	此次活动
115074	åıªèĥ½è¯´	只能说
115075	èĬĭ	芋
115076	çīĩæ®µ	片段
115077	åŃĺåľ¨éĹ®é¢ĺ	存在问题
115078	ä½łä¼ļåıĳçİ°	你会发现
115079	è½®å»ĵ	轮廓
115080	ç½ĳéĢļ	网通
115081	æ»¨æ±Ł	滨江
115082	æİĪä¿¡	授信
115083	é»İæĺİ	黎明
115084	ä¸įå±ŀäºİ	不属于
115085	çº¦åįł	约占
115086	éķ¿æ²Ļå¸Ĥ	长沙市
115087	èĥļèĥİ	胚胎
115088	åħĥä»¶	元件
115089	éĻĨåĨĽ	陆军
115090	è³¼è²·	購買
115091	æĮĩæľĽ	指望
115092	å®ŀä¹łçĶŁ	实习生
115093	çī¹çĤ¹æĺ¯	特点是
115094	çıłæ±Ł	珠江
115095	çľĭä¸įåĩº	看不出
115096	ä¸įè§ģäºĨ	不见了
115097	ç¼ī	缉
115098	éĺµèĲ¥	阵营
115099	åĶĲæľĿ	唐朝
115100	æ²¡å¿ħè¦ģ	没必要
115101	åĽ½åľŁèµĦæºĲ	国土资源
115102	ç»ıæµİåŃ¦å®¶	经济学家
115103	åĲĪèĤ¥å¸Ĥ	合肥市
115104	çĲ¢ç£¨	琢磨
115105	ç¡®åĪĩ	确切
115106	åŁİå¸Ĥåıĳå±ķ	城市发展
115107	çŃ·åŃĲ	筷子
115108	äººæ°ĳæľįåĬ¡	人民服务
115109	æ»¡åĪĨ	满分
115110	è¿·ä¿¡	迷信
115111	ä½ľèĢħæľ¬äºº	作者本人
115112	æĸĩç«łæĿ¥æºĲ	文章来源
115113	ç«Ļç«ĭ	站立
115114	æŀĦæĪĲäºĨ	构成了
115115	è¾Ľåĭ¤	辛勤
115116	è¶ħå¼º	超强
115117	éĶļ	锚
115118	åīįä¸īåŃ£åº¦	前三季度
115119	å°±è§īå¾Ĺ	就觉得
115120	å´ĩé«ĺ	崇高
115121	è¶Ĭä¾Ĩ	越來
115122	è¶Ĭä¾Ĩè¶Ĭ	越來越
115123	å¸ĤåľºèĲ¥éĶĢ	市场营销
115124	ç»¼åĲĪç´łè´¨	综合素质
115125	åŃļ	孚
115126	ä¾®è¾±	侮辱
115127	äºĮåŃĹ	二字
115128	å·¥ä½ľä»»åĬ¡	工作任务
115129	åı²ä¸ĬæľĢ	史上最
115130	æľĢä¼ĺ	最优
115131	åĲ©åĴĲ	吩咐
115132	è¡¨çĻ½	表白
115133	èİ«åĲį	莫名
115134	èİ«åĲįåħ¶	莫名其
115135	èİ«åĲįåħ¶å¦Ļ	莫名其妙
115136	å¹£	幣
115137	åĲĮå¿Ĺä»¬	同志们
115138	å»ºè®¾çĶ¨åľ°	建设用地
115139	åĦĢ	儀
115140	éħįåģ¶	配偶
115141	å¼©	弩
115142	åĶ±çīĩ	唱片
115143	æīĭèĦļ	手脚
115144	åħ¼ä»»	兼任
115145	åģľæĶ¾	停放
115146	æŃ£å®Ĺ	正宗
115147	æĸ°åĨľæĿĳ	新农村
115148	åĤ¬çĶŁ	催生
115149	æīĢåŃ¦æł¡	所学校
115150	å¿µä½Ľ	念佛
115151	åĶ¤éĨĴ	唤醒
115152	åħ±åĪĽ	共创
115153	æĭīä¸ģ	拉丁
115154	èĥĮçĿĢ	背着
115155	çĶŁæĢģä¿ĿæĬ¤	生态保护
115156	åı£å¤´	口头
115157	æĸ¹åĲĳçĽĺ	方向盘
115158	èª¿æķ´	調整
115159	æĭĽèģĺä¿¡æģ¯	招聘信息
115160	åħ¶ä»ĸåĽ½å®¶	其他国家
115161	ç®Ģæĺĵ	简易
115162	åĮ¿åĲį	匿名
115163	è¯Ħæµĭ	评测
115164	æĺ¯ä¸Ģåº§	是一座
115165	çīµæīĭ	牵手
115166	è¶³è¿¹	足迹
115167	çĲĨè§£åĴĮ	理解和
115168	æľĢåıĹ	最受
115169	å¿ĥè·³	心跳
115170	çĪ¶è¦ª	父親
115171	éĿŀå¸¸åĸľæ¬¢	非常喜欢
115172	èĭ¦éļ¾	苦难
115173	æĬĢå¸Ī	技师
115174	æ°ĳæĦı	民意
115175	æĪĺåĽ½	战国
115176	æĽ¿è¡¥	替补
115177	æ´¥è´´	津贴
115178	ä¸ŃåĽ½ä¼łç»Ł	中国传统
115179	åĲĦè¡Į	各行
115180	åĲĦè¡ĮåĲĦ	各行各
115181	åĲĦè¡ĮåĲĦä¸ļ	各行各业
115182	ç¬¬äºĶå±Ĭ	第五届
115183	èį·èĬ±	荷花
115184	æĦıèŃĺ	意識
115185	ç¥¨ä»·	票价
115186	åĪĨæµģ	分流
115187	æĿİçĻ½	李白
115188	æ±ŁåĮĹ	江北
115189	æİĴæĸ¥	排斥
115190	ä½ĵéĩı	体量
115191	åĮħåĲ«äºĨ	包含了
115192	åĪĺæŁĲ	刘某
115193	çİ°å¦Ĥä»Ĭ	现如今
115194	å·¥èīºåĵģ	工艺品
115195	è¿Ļç§įæĸ¹æ³ķ	这种方法
115196	åĬŀåħ¬æ¥¼	办公楼
115197	çĶµå·¥	电工
115198	çħĻ	煙
115199	åį¡çīĩ	卡片
115200	å¹´å¹´åºķ	年年底
115201	ä¸ĵé¡¹èµĦéĩĳ	专项资金
115202	åĮ»ç§ĳ	医科
115203	åĮ»ç§ĳå¤§åŃ¦	医科大学
115204	åĽŀå¤´çľĭ	回头看
115205	ä¸įå±ĳ	不屑
115206	èĩªé©¾	自驾
115207	æ²¡æĶ¶	没收
115208	æīĵçĮİ	打猎
115209	èĦ¸éĥ¨	脸部
115210	åıĥèĢĥ	參考
115211	å°Ĩå£«	将士
115212	è´«åĽ°äººåı£	贫困人口
115213	çĲĨæĥ³ä¿¡å¿µ	理想信念
115214	é£İå°ļ	风尚
115215	äººæīįéĺŁä¼į	人才队伍
115216	çĳ¾	瑾
115217	æĿ¥è¿ĻéĩĮ	来这里
115218	æ´Ĺæ¶¤	洗涤
115219	å¹´èĸª	年薪
115220	èĭįçĻ½	苍白
115221	ä¸ĩäºĭ	万事
115222	è¯¾æľ¬	课本
115223	åºĵéĩĮ	库里
115224	çī¹æ´¾	特派
115225	çī¹æ´¾åĳĺ	特派员
115226	èµŀç¾İ	赞美
115227	ç©¿æĪ´	穿戴
115228	è£½ä½ľ	製作
115229	èµŀæĪĲ	赞成
115230	ä¸Ģä¾§	一侧
115231	å½ĵåľ°äºº	当地人
115232	æĭİ	拎
115233	çº¸è´¨	纸质
115234	ä½Ļä¸ª	余个
115235	éĶĤçĶµæ±ł	锂电池
115236	æľºåŀĭ	机型
115237	éĻ¢éĻ¢å£«	院院士
115238	åģļå·¥	做工
115239	å¼łè´´	张贴
115240	ç¥Ľæĸĳ	祛斑
115241	æ®ĸæ°ĳ	殖民
115242	å¥ĳçº¦	契约
115243	æ¹ĺæ½Ń	湘潭
115244	æĲĸ	搖
115245	åŃĺè´§	存货
115246	äº¤éĢļå¤§åŃ¦	交通大学
115247	è¶ģçĿĢ	趁着
115248	æĸĩçī©ä¿ĿæĬ¤	文物保护
115249	å¤ĩæĪĺ	备战
115250	éĩĩçº³	采纳
115251	åįĬæľĪ	半月
115252	æľĢåħ³éĶ®	最关键
115253	æľĢåħ³éĶ®çļĦ	最关键的
115254	æİ¥éĢģ	接送
115255	æĶ¶åī²	收割
115256	åıįåĢĴ	反倒
115257	çĥĽ	烛
115258	æ½Ķ	潔
115259	ä¼Łå¤§å¤įåħ´	伟大复兴
115260	çļĦè¯Ŀè¯Ń	的话语
115261	å®¹å¿į	容忍
115262	å®ļéĩı	定量
115263	æķĹ	敗
115264	åĵģçīĮå½¢è±¡	品牌形象
115265	æīŃè½¬	扭转
115266	åĽ½å®¶éĩįçĤ¹	国家重点
115267	èĨĿçĽĸ	膝盖
115268	ä¸Ģæ¥¼	一楼
115269	å¤§éĻ¸	大陸
115270	éĤªæģ¶	邪恶
115271	åĽŀåĳ³	回味
115272	çĮ¿	猿
115273	çĿ¡åīį	睡前
115274	æĹłè¾ľ	无辜
115275	çĹħæ¯ĴæĦŁæŁĵ	病毒感染
115276	æľºæ¢°åĮĸ	机械化
115277	çĤ¹äº®	点亮
115278	æº¶è§£	溶解
115279	åĩłä¹İæīĢæľī	几乎所有
115280	è·ĳéģĵ	跑道
115281	çĶµè§Ĩæľº	电视机
115282	åı¨	叨
115283	æĳĩäºĨ	摇了
115284	æĳĩäºĨæĳĩå¤´	摇了摇头
115285	èĩªè´Ł	自负
115286	ç»¼åĲĪåĪ©çĶ¨	综合利用
115287	èĩªå¦Ĥ	自如
115288	åİŁä¾Ĩ	原來
115289	ä¹Łä¸įæĥ³	也不想
115290	èĬĤè¯¾	节课
115291	è¿ĩåī©	过剩
115292	çĶ²çĬ¶	甲状
115293	çĶ²çĬ¶èħº	甲状腺
115294	æĸ°ä¸ĸçºª	新世纪
115295	èĩªä¸»åĵģçīĮ	自主品牌
115296	é«ĺå±Ĥæ¬¡	高层次
115297	ä¸Ģè§Ĵ	一角
115298	è¡Įäºĭ	行事
115299	ç¥ĸåħĪ	祖先
115300	å©ļåĲİ	婚后
115301	éĹ´éļĻ	间隙
115302	ç¼ĿéļĻ	缝隙
115303	è¿ĻæĶ¯	这支
115304	ä¸įæĸŃåĪĽæĸ°	不断创新
115305	å¾®åŀĭ	微型
115306	æĽĻåħī	曙光
115307	äº«çĶ¨	享用
115308	ä¸ŃåĽ½ç§»åĬ¨	中国移动
115309	éĹŃçİ¯	闭环
115310	æī§æĦı	执意
115311	åıĳå±ķæł¼å±Ģ	发展格局
115312	æł¸å¿ĥåĮº	核心区
115313	éªļæī°	骚扰
115314	åħļåĴĮåĽ½å®¶	党和国家
115315	ä¸ŃåĽ½æĶ¿åºľ	中国政府
115316	å¸¶èĳĹ	帶著
115317	ä¸ĩåįĥçĵ¦	万千瓦
115318	åħ©äºº	兩人
115319	äºİæĺ¯æĪĳ	于是我
115320	åĽºä½ĵ	固体
115321	çªģå¦Ĥ	突如
115322	çªģå¦Ĥåħ¶	突如其
115323	çªģå¦Ĥåħ¶æĿ¥	突如其来
115324	éĩĮç¨ĭç¢ĳ	里程碑
115325	çĪ±ç¾İ	爱美
115326	æŁ¥éªĮ	查验
115327	åıĮèµ¢	双赢
115328	éĹªåħī	闪光
115329	æ¥¼å®ĩ	楼宇
115330	æĻı	晏
115331	æľīè¶³å¤ŁçļĦ	有足够的
115332	æŁĶæĢ§	柔性
115333	ä¿¡æģ¯å®īåħ¨	信息安全
115334	ç®¡çº¿	管线
115335	å¹¶ä¸įä¼ļ	并不会
115336	åĻ¨ä»¶	器件
115337	ä½łåºĶè¯¥	你应该
115338	çĿĢå®ŀ	着实
115339	æĺİæ¸ħ	明清
115340	æĬĹçĶŁç´ł	抗生素
115341	æīĵæŃ»	打死
115342	å®Įåħ¨ä¸įåĲĮ	完全不同
115343	èĬ±æ¤Ĵ	花椒
115344	æĶ¾å®½	放宽
115345	ä½İç«¯	低端
115346	åĽĽèĤ¢	四肢
115347	åĮĹäº¬èµĽè½¦	北京赛车
115348	éĽĨå¸Ĥ	集市
115349	æľªå©ļ	未婚
115350	å¤§å¹ħæıĲåįĩ	大幅提升
115351	å»ºçŃĳè®¾è®¡	建筑设计
115352	çĭ¬æľīçļĦ	独有的
115353	æİ¢éĻ©	探险
115354	æ²³æµģåŁŁ	河流域
115355	æħķå®¹	慕容
115356	è¢«çĽĹ	被盗
115357	åĵºä¹³	哺乳
115358	èıģ	菁
115359	æĥ¬æĦı	惬意
115360	è¶ĬæĿ¥è¶Ĭå¥½	越来越好
115361	å¹¿å¤§ç¾¤ä¼Ĺ	广大群众
115362	å¾·èĤ²	德育
115363	å¸Ĥåľºä»·æł¼	市场价格
115364	å¥¥å·´	奥巴
115365	å¥¥å·´é©¬	奥巴马
115366	èĬĤçĽ®ä¸Ń	节目中
115367	ä¸¤æ¬¾	两款
115368	ä¸ĩä½Ļåħĥ	万余元
115369	ç»´å°Ķ	维尔
115370	çĶŁçī©ç§ĳæĬĢ	生物科技
115371	åĲ¬èµ·æĿ¥	听起来
115372	çłļ	砚
115373	æĭŁå®ļ	拟定
115374	æ²¹çĶ°	油田
115375	å£°èªī	声誉
115376	å»ºçŃĳä¸ļ	建筑业
115377	éĻĲè´Ń	限购
115378	çīĩåŃĲ	片子
115379	çķľç¦½	畜禽
115380	ç½ĳé¦ĸé¡µ	网首页
115381	ä¼ĹçŃ¹	众筹
115382	æĴŀåĩ»	撞击
115383	åīįä¸įä¹ħ	前不久
115384	åīįä¸ĸ	前世
115385	åĽĽä¸ªæĦıè¯Ĩ	四个意识
115386	æµĭç»ĺ	测绘
115387	éĺ²ç©º	防空
115388	æ¼«éķ¿çļĦ	漫长的
115389	æ²Ĳæµ´	沐浴
115390	æ¯Ķè¾ĥç®Ģåįķ	比较简单
115391	æµĭå®ļ	测定
115392	åĽŀè°ĥ	回调
115393	è®©äººä»¬	让人们
115394	èĴĭä»ĭ	蒋介
115395	èĴĭä»ĭçŁ³	蒋介石
115396	ç»ĵæĻ¶	结晶
115397	å¢ŀæ·»äºĨ	增添了
115398	æĿ¡è¯Ħè®º	条评论
115399	åī¯ä¼ļéķ¿	副会长
115400	ä½ıæīĢ	住所
115401	ç»ĻåĩºäºĨ	给出了
115402	è°ĥéħį	调配
115403	æ²ĸ	沖
115404	æľīçĶ¨	有用
115405	æľīçĶ¨çļĦ	有用的
115406	ä¸ĢæĿ¡é¾Ļ	一条龙
115407	éĩİå¤ĸ	野外
115408	ç¼ĺåĪĨ	缘分
115409	æ°¸è¿ľä¸įä¼ļ	永远不会
115410	æŀľæłĳ	果树
115411	å¤§åıĳå¿«ä¸ī	大发快三
115412	éº»éĨī	麻醉
115413	äºĳéĽĨ	云集
115414	åİ»åĵªéĩĮ	去哪里
115415	åħ¥å¸Ĥ	入市
115416	ä»»æĢ§	任性
115417	å»ºæ¡£	建档
115418	å»ºæ¡£ç«ĭ	建档立
115419	å»ºæ¡£ç«ĭåį¡	建档立卡
115420	ä¸Ģæ£µ	一棵
115421	ç¤¾åįĢ	社區
115422	çĽ¸ä¼´	相伴
115423	åļ·	嚷
115424	å¡«åħħ	填充
115425	ä¸ĢæĹı	一族
115426	ç¾ģ	羁
115427	åıĸè¯ģ	取证
115428	èĪ°éĺŁ	舰队
115429	åİĤåĮº	厂区
115430	è¡·å¿ĥ	衷心
115431	åıĳå±ķéĺ¶æ®µ	发展阶段
115432	é«ĺå¼ºåº¦	高强度
115433	åĹĵåŃĲ	嗓子
115434	é¢Ĩè¡Ķ	领衔
115435	æ¥¼ä¸»	楼主
115436	å¤§èĴľ	大蒜
115437	æŀķå¤´	枕头
115438	ç²®æ²¹	粮油
115439	é»Ħçĵľ	黄瓜
115440	æĵĴ	擒
115441	å°ıçĭĹ	小狗
115442	æĶ¹éĿ©å§Ķ	改革委
115443	åįģåĪĨéĴŁ	十分钟
115444	é²ľèī³	鲜艳
115445	åħ³ç¾½	关羽
115446	çĭĢæħĭ	狀態
115447	å®ŀçĶ¨æĢ§	实用性
115448	å°ĳè§ģ	少见
115449	é£ŀæī¬	飞扬
115450	çĶ°éĩİ	田野
115451	æĲĤ	搂
115452	è¿Ļä¸ªè¯į	这个词
115453	åºĶæĢ¥é¢Ħæ¡Ī	应急预案
115454	è§Ĵåº¦æĿ¥çľĭ	角度来看
115455	æķ¬çķı	敬畏
115456	æ³ķå®Ŀ	法宝
115457	åĸĦæĦı	善意
115458	æīĵæĸŃ	打断
115459	å¯¹åĨ³	对决
115460	çµķå°į	絕對
115461	åĢŁæŃ¤	借此
115462	å¼ĢæºĲ	开源
115463	å°ıèªª	小說
115464	ç¥º	祺
115465	å²ģä»¥ä¸ĭ	岁以下
115466	éĢĢå½¹åĨĽäºº	退役军人
115467	ä¸įä¹ħåīį	不久前
115468	åĩºåİĤ	出厂
115469	è®½åĪº	讽刺
115470	æĿ¥çľĭçľĭåĲ§	来看看吧
115471	éŃĶåħ½	魔兽
115472	çķĻä¸ĭæĿ¥	留下来
115473	å±ħå®¤	居室
115474	åłħæĮģ	堅持
115475	çľĭäºĨä¸Ģ	看了一
115476	çľĭäºĨä¸Ģçľ¼	看了一眼
115477	éĽĨåĽ¢æĹĹä¸ĭ	集团旗下
115478	æĪĺæĪĺç»ĦåĲĪ	战战组合
115479	è®¤çľŁèĲ½å®ŀ	认真落实
115480	æ±½è½¦äº§ä¸ļ	汽车产业
115481	çī©çĲĨåŃ¦	物理学
115482	æķµ	敵
115483	éĴĿ	钝
115484	åĽ¢éķ¿	团长
115485	ä¸įæĸŃæī©å¤§	不断扩大
115486	èĤ©è´Ł	肩负
115487	åıĳå±ķçĽ®æłĩ	发展目标
115488	è³ĩéĩĳ	資金
115489	åīįç½®	前置
115490	ä¸ŃåĽ½åı¤ä»£	中国古代
115491	æŃ»åĪĳ	死刑
115492	åħħåĪĨä½ĵçİ°	充分体现
115493	åħ³éĹ¨	关门
115494	ç¾İæĦŁ	美感
115495	æīĵåħ¥	打入
115496	æĬĳéĥģçĹĩ	抑郁症
115497	å°ĳçĪ·	少爷
115498	æłĳæŀĿ	树枝
115499	æ¶Īæģ¯ç§°	消息称
115500	æ´Ľåħĭ	洛克
115501	åį¯	卯
115502	è¿ĪåĲĳ	迈向
115503	æİ¨åĭķ	推動
115504	ä»İä¸ļèĢħ	从业者
115505	åİ»ä¹°	去买
115506	æ¬¢å¿«	欢快
115507	æĭ¥æĮ¤	拥挤
115508	é©¬æ¡¶	马桶
115509	æĬĬæİ§	把控
115510	æĶ¿åħļ	政党
115511	å¼łæī¬	张扬
115512	å®¢æłĪ	客栈
115513	çº¢æĺŁ	红星
115514	éĢģæĿ¥	送来
115515	åħ¨åŁŁæĹħæ¸¸	全域旅游
115516	èĩªç§ģ	自私
115517	åįģäºĮæĿ¡	十二条
115518	åı¹æģ¯	叹息
115519	ä¸Ģèīĺ	一艘
115520	ä¿Ŀè´¹	保费
115521	æĸ½å·¥çİ°åľº	施工现场
115522	æľīå¹¸	有幸
115523	ç»ŃèĪª	续航
115524	åı¯èĥ½æľĥ	可能會
115525	èĥĮåıĽ	背叛
115526	ä½£éĩĳ	佣金
115527	ä¸īçŃīå¥ĸ	三等奖
115528	å¾Īæ»¡æĦı	很满意
115529	æ¸¸æĪıåī¯æľ¬	游戏副本
115530	ç¾¤éĩĮ	群里
115531	æŀĦä»¶	构件
115532	åºıå¹ķ	序幕
115533	å¤ªæ¹ĸ	太湖
115534	æľ¨è´¨	木质
115535	æĻĭæ±Ł	晋江
115536	çµĤæĸ¼	終於
115537	è·³è·ĥ	跳跃
115538	åĢºæĿĥäºº	债权人
115539	çŃīè¯¸å¤ļ	等诸多
115540	æĶ¾åĩº	放出
115541	åħ³éĶ®æĹ¶åĪ»	关键时刻
115542	æĦŁæŁĵèĢħ	感染者
115543	é£ŀè¡Įåĳĺ	飞行员
115544	èĥĨåĽº	胆固
115545	èĥĨåĽºéĨĩ	胆固醇
115546	æĬ±æŃī	抱歉
115547	åĳ¨äºĮ	周二
115548	æĸ°æĹ¶æľŁ	新时期
115549	åĨ·éĵ¾çī©æµģ	冷链物流
115550	è¿Ļç§įæĸ¹å¼ı	这种方式
115551	è¯¥æĿĳ	该村
115552	åĽŀé¦Ī	回馈
115553	åŁºçĿ£æķĻ	基督教
115554	äººåıĤ	人参
115555	æŀ¯çĩ¥	枯燥
115556	æī¹åıĳå¸Ĥåľº	批发市场
115557	åħħåĪĨèĤ¯å®ļ	充分肯定
115558	å¸ĤæĶ¿åįı	市政协
115559	äºĭæ¥Ń	事業
115560	éľ¸çİĭ	霸王
115561	çĥŃæĲľ	热搜
115562	åįģä¹Ŀå¤§	十九大
115563	ä¼´æľī	伴有
115564	ç¾İåĽ½æĢ»ç»Ł	美国总统
115565	åŁİå¸Ĥç®¡çĲĨ	城市管理
115566	ä¸ĭä»¤	下令
115567	èĥ¸åı£	胸口
115568	åıªçŁ¥éģĵ	只知道
115569	åĳ¨ä¸ī	周三
115570	çĶ¨æĪ¶	用戶
115571	éŃ¯	魯
115572	å¿ĥè¡Ģ	心血
115573	å¸¦å¤´äºº	带头人
115574	åĮ»åĬ¡	医务
115575	åĮ»åĬ¡äººåĳĺ	医务人员
115576	æİ§åĪ¶åĻ¨	控制器
115577	ä½ľåĵģåĨħå®¹	作品内容
115578	æĪĺåıĭ	战友
115579	åİĨå¹´	历年
115580	ä¸įåħĭ	不克
115581	ä¸įåħĭä¸įåıĬ	不克不及
115582	æĹ¥æŃ£å¼ı	日正式
115583	è±Ĳå¯Į	豐富
115584	ç¨İè´¹	税费
115585	æĹ¶æķĪ	时效
115586	å±ķä½į	展位
115587	è¡¡éĺ³	衡阳
115588	æĪ¿è²¸	房貸
115589	çĪĨæ¬¾	爆款
115590	ä¹ĲæĦı	乐意
115591	çĶ·ä¸»	男主
115592	å¯¬	寬
115593	æľĥèŃ°	會議
115594	ä¹ĭå¤ľ	之夜
115595	åĲĮæ¨£	同樣
115596	ä¸įè¦ģå¤ª	不要太
115597	ä¼Ĭæĸ¯	伊斯
115598	ä¼Ĭæĸ¯åħ°	伊斯兰
115599	åŁºæľ¬åİŁåĪĻ	基本原则
115600	åİ»æİī	去掉
115601	ä½İä¿Ŀ	低保
115602	ä¸ªäº¤æĺĵ	个交易
115603	ä¸ªäº¤æĺĵæĹ¥	个交易日
115604	èģĬèģĬ	聊聊
115605	åĽĽä½į	四位
115606	åħļç»ĦæĪĲåĳĺ	党组成员
115607	ä¸»è¦ģä»İäºĭ	主要从事
115608	å½±éŁ³	影音
115609	åĨĴåĩº	冒出
115610	åĳ¼åĲ¸éģĵ	呼吸道
115611	è¾¾å°Ķ	达尔
115612	æľ¨åľ°æĿ¿	木地板
115613	è¯¡å¼Ĥ	诡异
115614	çģ¯åħ·	灯具
115615	çģ«çĥ§	火烧
115616	è§£èĦ±	解脱
115617	æĦĪåıĳ	愈发
115618	æ¹ĸå·ŀ	湖州
115619	é£İä¿Ĺ	风俗
115620	æĸ°å½¢åĬ¿	新形势
115621	æĸ°å½¢åĬ¿ä¸ĭ	新形势下
115622	è²Ŀ	貝
115623	èĦĵ	脓
115624	åĬ¨åĬĽçĶµæ±ł	动力电池
115625	é£ŀèĪ¹	飞船
115626	éŁ§æĢ§	韧性
115627	åĪ©çī©	利物
115628	åĪ©çī©æµ¦	利物浦
115629	ä¸įè®¤è¯Ĩ	不认识
115630	ç¼ĸç»ĩ	编织
115631	ä½ľåĿĬ	作坊
115632	èģĮä¸ļæĬĢèĥ½	职业技能
115633	çľĭè¦ĭ	看見
115634	åĽ´æ£ĭ	围棋
115635	æĺıè¿·	昏迷
115636	å½Ĵå±ŀäºİ	归属于
115637	æĤ¬å´ĸ	悬崖
115638	éĨ«çĻĤ	醫療
115639	å®ĭä»£	宋代
115640	åºĦæĿĳ	庄村
115641	èĹķ	藕
115642	çĮĽçĦ¶	猛然
115643	çĩĥæĸĻçĶµæ±ł	燃料电池
115644	å®ŀä½ĵåºĹ	实体店
115645	ä¸įè¶³ä»¥	不足以
115647	æĥħç·Ĵ	情緒
115648	å»ĬåĿĬ	廊坊
115649	çĶµåı°	电台
115650	åºĶåĬĽ	应力
115651	ä¸Ńå°ıåŃ¦çĶŁ	中小学生
115652	èĥ¡åĲĮ	胡同
115653	éī´åĪ«	鉴别
115654	åĨħç½®	内置
115655	ä¹±è±¡	乱象
115656	æ¬ĬçĽĬ	權益
115657	å¼ĢæĶ¾å¼ı	开放式
115658	åįļæĸĩ	博文
115659	è®²è¯¾	讲课
115660	çŃīåİŁåĽł	等原因
115661	ç©·äºº	穷人
115662	äº¤æĽ¿	交替
115663	æĬ¤çħ§	护照
115664	åıĳå±ķæľºéģĩ	发展机遇
115665	å®¢åķĨ	客商
115666	åıįä¹ĭ	反之
115667	ç±³é¥Ń	米饭
115668	å¹¶åıĳ	并发
115669	å¹¶åıĳçĹĩ	并发症
115670	æ±īåŃĲ	汉子
115671	æŀľåĽŃ	果园
115672	å¯¹æĪĳæĿ¥è¯´	对我来说
115673	åģıåĲĳ	偏向
115674	æī¹ç¤º	批示
115675	è¯»åĲİ	读后
115676	è¯»åĲİæĦŁ	读后感
115677	æĺİæĻº	明智
115678	åĽ´çĿĢ	围着
115679	åıįè½¬	反转
115680	æĿ¨å¹Ĥ	杨幂
115681	ä¸ĵåįĸ	专卖
115682	ä¸ĵåįĸåºĹ	专卖店
115683	åıĹéĻĲ	受限
115684	åºŁè¯Ŀ	废话
115685	æŀģå°ĳ	极少
115686	åįĪåĲİ	午后
115687	è¿Ľä¿®	进修
115688	åīĬåĩı	削减
115689	æľ¬ç§ĳçĶŁ	本科生
115690	ä¼ĺéĢī	优选
115691	åħīçħ§	光照
115692	åıĻäºĭ	叙事
115693	åıĸæļĸ	取暖
115694	åĮĹè·¯	北路
115695	æ¦ķ	榕
115696	èİĨçĶ°	莆田
115697	æ¥¼å±Ĥ	楼层
115698	å¤©èĬ±	天花
115699	å¤©èĬ±æĿ¿	天花板
115700	çĤľ	炜
115701	å·²ç»ıæľīäºĨ	已经有了
115702	è¶¾	趾
115703	çĶ³åįļ	申博
115704	çĶµéĺ»	电阻
115705	åĬŁè¯¾	功课
115706	æŃ¥æŃ¥	步步
115707	éĤ£ä¹Īå®¹æĺĵ	那么容易
115708	æŃ¤æĸĩ	此文
115709	ä½°	佰
115710	è®¡è¾ĥ	计较
115711	çīĩéĿ¢	片面
115712	çĶµå½±éĻ¢	电影院
115713	ä¸įåħ¬å¹³	不公平
115714	ä¸īæľŁ	三期
115715	æĹħæ¸¸èµĦæºĲ	旅游资源
115716	å¤ļç§įå½¢å¼ı	多种形式
115717	è£Ĥç¼Ŀ	裂缝
115718	åĲİæİĴ	后排
115719	ç¡¬åº¦	硬度
115720	åĽŀæļĸ	回暖
115721	éģĵæķĻ	道教
115722	è´«è¡Ģ	贫血
115723	æ¸ħé¦Ļ	清香
115724	ä¼¤çĹħ	伤病
115725	æĦıç¾©	意義
115726	çļĦç¼ĺ	的缘
115727	çļĦç¼ĺæķħ	的缘故
115728	åºĦä¸¥	庄严
115729	åıªæĺ¯ä¸ºäºĨ	只是为了
115730	æīĵæĬĺ	打折
115731	ä»¥ä¾Ĩ	以來
115732	æ»¿è¶³	滿足
115733	çİĽä¸½	玛丽
115734	é¢¨éļª	風險
115735	æĸĩç§ĳ	文科
115736	éħįå¤ĩäºĨ	配备了
115737	è¿Ľé£Ł	进食
115738	æ¶¡	涡
115739	è·¯ç¨ĭ	路程
115740	åı«å£°	叫声
115741	ä¸Ńå¿ĥåŁİåĮº	中心城区
115742	æľīæīĢä¸įåĲĮ	有所不同
115743	å¼µè²¼	張貼
115744	é¢ĦæĬ¥	预报
115745	æľīå¤ļä¹Ī	有多么
115746	è¿Ľè¡Įåħ¨éĿ¢	进行全面
115747	æĽ¾ç¶ĵ	曾經
115748	ä¸īä»£	三代
115749	å®ıå¤§	宏大
115750	æ¸ħæī«	清扫
115751	éĢīåĩº	选出
115752	åĵªä¸Ģä¸ª	哪一个
115753	ä¸»ç¾©	主義
115754	ä¾Ŀæĵļ	依據
115755	çļ®éĿ©	皮革
115756	èµ¶æĿ¥	赶来
115757	çŃĽæŁ¥	筛查
115758	æ¨Ł	樟
115759	ä¿ĿèįĲ	保荐
115760	åĲĥæĥĬ	吃惊
115761	æľĭåıĭä»¬å¯¹	朋友们对
115762	ä»ĸæĺ¯ä¸Ģä¸ª	他是一个
115763	åºŁæ°Ķ	废气
115764	æ»ħ	滅
115765	è´¢ç¨İ	财税
115766	æĿĳæĿĳæ°ĳ	村村民
115767	èµĦäº§è´ŁåĢº	资产负债
115768	å®īå¨ľ	安娜
115769	çĽ®åīįåĽ½åĨħ	目前国内
115770	æĦŁè§īèĩªå·±	感觉自己
115771	çµĲåĲĪ	結合
115772	éĶ¦æłĩ	锦标
115773	éĶ¦æłĩèµĽ	锦标赛
115774	æĽ´æ·±	更深
115775	åŁºæķ°	基数
115776	éħ¿éħĴ	酿酒
115777	çī¹èī²äº§ä¸ļ	特色产业
115778	åİĭå®ŀ	压实
115779	ä¾Ŀæ³ķè¿½ç©¶	依法追究
115780	æ·¡å®ļ	淡定
115781	ç®ĢçĽ´å°±æĺ¯	简直就是
115782	å£ĵåĬĽ	壓力
115783	æ°ĳå¿ĥ	民心
115784	ä¸įåĲĪéĢĤ	不合适
115785	çĶ±æŃ¤åı¯è§ģ	由此可见
115786	èµŀèªī	赞誉
115787	æ¾¤	澤
115788	åĩłå¹´åīį	几年前
115789	åĲīä»ĸ	吉他
115790	çł´æįŁ	破损
115791	è½»è½»åľ°	轻轻地
115792	å²Ľå±¿	岛屿
115793	æĦıå¢ĥ	意境
115794	ä»Ģä¹Īåı«	什么叫
115795	åģĩè£ħ	假装
115796	éĢģè´§	送货
115797	å¹ķå¢Ļ	幕墙
115798	å¦¥åįı	妥协
115799	åĽ½æĹĹ	国旗
115800	äºĨå¾Īä¹ħ	了很久
115801	åĪĨè¾¨çİĩ	分辨率
115802	ç´Ķ	純
115803	éĺ³åĮº	阳区
115804	åĩŃçĿĢ	凭着
115805	åģľè½¦ä½į	停车位
115806	äº¬éĥ½	京都
115807	éĶ£	锣
115808	æĵ¾	擾
115809	è¿ĽéĹ¨	进门
115810	åĪĺæµ·	刘海
115811	åĽĽçº§	四级
115812	å¥³è¶³	女足
115813	è¡ĮæĶ¿å®¡æī¹	行政审批
115814	éģ¥æİ§	遥控
115815	ä¸įéĮ¯	不錯
115816	å¾Ĺå¾Īå¥½	得很好
115817	ä¸ºçĽ®çļĦ	为目的
115818	ä»įæľª	仍未
115819	ç²¾è£ħ	精装
115820	éĢįéģ¥	逍遥
115821	å°½å¤´	尽头
115822	çºłç¼ł	纠缠
115823	éłĺå°İ	領導
115824	æĭħè´Ł	担负
115825	æĪĸèĢħåħ¶ä»ĸ	或者其他
115826	åıªä¸įè¿ĩæĺ¯	只不过是
115827	åı®åĺ±	叮嘱
115828	åģĩåĨĴ	假冒
115829	æļĸæ°Ķ	暖气
115830	çĽĲåŁİ	盐城
115831	è¢«è§Ĩä¸º	被视为
115832	è¯ºè´Ŀå°Ķ	诺贝尔
115833	ç»ĻäºĨæĪĳ	给了我
115834	è¿ĳåįĥ	近千
115835	éĩįåĽŀ	重回
115836	éĨĴäºĨ	醒了
115837	çĶµè§£	电解
115838	å¿½çķ¥äºĨ	忽略了
115839	èĥĮéĥ¨	背部
115840	æĸĩæĺİåŁİå¸Ĥ	文明城市
115841	æºħ	溅
115842	è²ĵ	貓
115843	æĬµæĮ¡	抵挡
115844	åĸľæ¬¢åĲĥ	喜欢吃
115845	éĿĻéĿĻåľ°	静静地
115846	å¾Īæ·±	很深
115847	åŁºç¡ĢçŁ¥è¯Ĩ	基础知识
115848	è¿ĩéĶĻ	过错
115849	çĲĨç§ĳ	理科
115850	äº¤æµģåĲĪä½ľ	交流合作
115851	èĪĶ	舔
115852	èª¿æŁ¥	調查
115853	æħĪæĤ²	慈悲
115854	éĴ°	钰
115855	èĩ´çĶµ	致电
115856	å®£ä¼łæ´»åĬ¨	宣传活动
115857	åıĺéĩı	变量
115858	çļĦäººæĿ¥è¯´	的人来说
115859	æĹ¶éļĶ	时隔
115860	ä¸įç®¡ä½ł	不管你
115861	çĽ¸è¿ĳ	相近
115862	è´µéĩĳå±ŀ	贵金属
115863	ä¹Łä¸įåı¯èĥ½	也不可能
115864	ç²īæľ«	粉末
115865	åįĹçĵľ	南瓜
115866	çĻ½é©¬	白马
115867	åħīæºĲ	光源
115868	éĩĳå¥ĸ	金奖
115869	çĭ¬è§Ĵ	独角
115870	çĭ¬è§Ĵåħ½	独角兽
115871	å¦¨ç¢į	妨碍
115872	ç»ĻåĬĽ	给力
115873	ä½Ĩä»į	但仍
115874	å¼łå®¶åı£	张家口
115875	èĲ¬åħĥ	萬元
115876	æ¸²æŁĵ	渲染
115877	éķ¿å¤§äºĨ	长大了
115878	è®°èĢħäºĨè§£	记者了解
115879	æĢĢçĿĢ	怀着
115880	è¦ģåŃ¦ä¼ļ	要学会
115881	æ¸¸æĪıä»£	游戏代
115882	æ¸¸æĪıä»£ç»ĥ	游戏代练
115883	äºĮçĻ¾	二百
115884	æĦıè¯Ĩå½¢æĢģ	意识形态
115885	çİº	玺
115886	è®¡åĪĴçĶŁèĤ²	计划生育
115887	æī¾åĩĨ	找准
115888	åħ°èĬ±	兰花
115889	è¿Ļåº§åŁİå¸Ĥ	这座城市
115890	æ±¡æ³¥	污泥
115891	å®ĺæĸ¹å¾®ä¿¡	官方微信
115892	å½Ĵå±ŀ	归属
115893	æ°§æ°Ķ	氧气
115894	éģİç¨ĭä¸Ń	過程中
115895	åį°è±¡æ·±åĪ»	印象深刻
115896	ç¨³å¦¥	稳妥
115897	çµĲæĿŁ	結束
115898	åŃķæľŁ	孕期
115899	çī¹æĿĥ	特权
115900	åĿļåĽº	坚固
115901	é¡ºåĬ¿	顺势
115902	æŀľèĶ¬	果蔬
115903	éĨ«å¸«	醫師
115904	åİ®	厮
115905	ä¹Łæĺ¯å¦ĤæŃ¤	也是如此
115906	é¦Ĵå¤´	馒头
115907	çĽ¸åĬ©	相助
115908	å¹²çº¿	干线
115909	ä¸Ģæľ¬ä¹¦	一本书
115910	ç»¥	绥
115911	æĮ¯å¥ĭ	振奋
115912	èĤ¾èĦı	肾脏
115913	åĭķçī©	動物
115914	é£ŀè·ĥ	飞跃
115915	èıľåĵģ	菜品
115916	å¤ļä½Ļ	多余
115917	å¤ļä½ĻçļĦ	多余的
115918	éĢĿä¸ĸ	逝世
115919	æģĭäºº	恋人
115920	å¼ĢåıĳåĪ©çĶ¨	开发利用
115921	é¡ºä¸°	顺丰
115922	éĩİå¿ĥ	野心
115923	æł¡å¤ĸ	校外
115924	æģĲé¾Ļ	恐龙
115925	éĿ¢åħ·	面具
115926	éķ¿è¾Ī	长辈
115927	éļıå¤Ħ	随处
115928	éļıå¤Ħåı¯è§ģ	随处可见
115929	ç´§ç¼º	紧缺
115930	éĩįä¸Ń	重中
115931	éĩįä¸Ńä¹ĭ	重中之
115932	éĩįä¸Ńä¹ĭéĩį	重中之重
115933	å¥¥æĸ¯	奥斯
115934	å¥¥æĸ¯åį¡	奥斯卡
115935	ä¸Ģä¸ªå¤ļ	一个多
115936	ä¸Ģä¸ªå¤ļæľĪ	一个多月
115937	ä¸įåı¯ç¼ºå°ĳ	不可缺少
115938	æĸ°æł¼å±Ģ	新格局
115939	æıĲæĮ¯	提振
115940	è¡Įè´¿	行贿
115941	æ¼Ĥæµģ	漂流
115942	èģĬåŁİ	聊城
115943	åħ´å»º	兴建
115944	è´¨æ£Ģ	质检
115945	ç§ģæľįæ¸¸æĪı	私服游戏
115946	æĽ´éĩįè¦ģ	更重要
115947	è´®	贮
115948	çħľ	煜
115949	è½¬åıĺä¸º	转变为
115950	è¿Ļä¸¤å¹´	这两年
115951	ä¿Ŀé²ľ	保鲜
115952	æī§æķĻ	执教
115953	çĥ¨	烨
115954	å¼Ģåıĳå»ºè®¾	开发建设
115955	è¿ĲèĲ¥ç®¡çĲĨ	运营管理
115956	è¯¯å·®	误差
115957	äº¬åī§	京剧
115958	å¸Ĳåı·	帐号
115959	å·¥ä½ľä½ľé£İ	工作作风
115960	ä¸ĸä¿Ĺ	世俗
115961	çĻ½å®«	白宫
115962	å¤©åĽ½	天国
115963	å¤©åĽ½ç»§ç»Ń	天国继续
115964	å·´æĸ¯	巴斯
115965	èĲ¥åĪ©	营利
115966	åĵģæł¼	品格
115967	æĿĳæ°ĳä»¬	村民们
115968	æĪ¿è½¦	房车
115969	çŃīçĹĩçĬ¶	等症状
115970	å¦Ĥå®ŀ	如实
115971	å®¸	宸
115972	å±Ĥçº§	层级
115973	éĶĻè¿ĩäºĨ	错过了
115974	ç»ĵå®ŀ	结实
115975	ç¬ĳèĦ¸	笑脸
115976	çľŁå®ŀæĢ§	真实性
115977	éĥ½å¸ĤæĬ¥	都市报
115978	é¥Ńèıľ	饭菜
115979	åºĶæ³¨æĦı	应注意
115980	æĬ½çĥŁ	抽烟
115981	ä¼ªéĢł	伪造
115982	åīįä¸Ģå¤©	前一天
115983	éŃĶé¾Ļ	魔龙
115984	éŃĶé¾Ļä»¤çīĮ	魔龙令牌
115985	çº¦è°Ī	约谈
115986	ç»ŁçŃ¹æİ¨è¿Ľ	统筹推进
115987	è®©çĶ¨æĪ·	让用户
115988	åħ¨éĿ¢èĲ½å®ŀ	全面落实
115989	å¼Ħå¾Ĺ	弄得
115990	è°ĪæģĭçĪ±	谈恋爱
115991	é¸ŁæĪĲéķ¿	鸟成长
115992	é¸ŁæĪĲéķ¿è®°	鸟成长记
115993	æ´ĭæ´ĭ	洋洋
115994	çĸıæķ£	疏散
115995	éĿ¢ç§¯çº¦	面积约
115996	æµĵç¼©	浓缩
115997	æĸ¯é¡¿	斯顿
115998	çĶŁæĢģåľĪ	生态圈
115999	æī§å¯¼	执导
116000	ç§»éĢģ	移送
116001	é½¿è½®	齿轮
116002	æł¹æľ¬å°±ä¸į	根本就不
116003	ç¼©åĩı	缩减
116004	èµ°ä¸ĭåİ»	走下去
116005	çĿ«æ¯Ľ	睫毛
116006	ä¹Łä¸įéĶĻ	也不错
116007	åıįæĺłåĩº	反映出
116008	èĭ¦æģ¼	苦恼
116009	çĽ¸åħ³æĶ¿çŃĸ	相关政策
116010	é«ĺæ¥¼	高楼
116011	ç²īèī²	粉色
116012	æĬķèµĦé¢Ŀ	投资额
116013	ä¸įç»ı	不经
116014	ä¸įç»ıæĦı	不经意
116015	å®ģæĦ¿	宁愿
116016	èĪĮå¤´	舌头
116017	æ»ĭçĶŁ	滋生
116018	å®ģåİ¿	宁县
116019	åīįåĪĹèħº	前列腺
116020	åĩ³	凳
116021	é£Łæ¬²	食欲
116022	åıĸèĥľ	取胜
116023	éĻ¢åŃĲ	院子
116024	ç´łè´¨æķĻèĤ²	素质教育
116025	æ»¨å·ŀ	滨州
116026	æĬ¢æĬĵ	抢抓
116027	å¼Ĥåĳ³	异味
116028	åĴļ	咚
116029	åĬį	劍
116030	å®½éĺĶ	宽阔
116031	æļ´æ¶¨	暴涨
116032	æĥłåıĬ	惠及
116033	è§Ħç¨ĭ	规程
116034	ä¾Ľåħ»	供养
116035	éĢģå¾Ģ	送往
116036	å±±åºĦ	山庄
116037	ä¸ľäºļ	东亚
116038	å±ķé¦Ĩ	展馆
116039	è§£éĶģ	解锁
116040	æĹłè§Ĩ	无视
116041	éĻįèĲ½	降落
116042	è¿ŀäºĳ	连云
116043	è¿ŀäºĳæ¸¯	连云港
116044	åıĤè°ĭ	参谋
116045	çİĸ	玖
116046	ç¬ĥ	笃
116047	èĢĹè´¹	耗费
116048	æī¿å¾·	承德
116049	ç¤¾ä¼ļæķĪçĽĬ	社会效益
116050	åįĹæµ·ç½ĳ	南海网
116051	åĪĽä¼¤	创伤
116052	èĲ±	萱
116053	åħħæ²Ľ	充沛
116054	ç½ĳç«Ļå»ºè®¾	网站建设
116055	å¤§åºĨ	大庆
116056	åĨįéĢł	再造
116057	åŃĹæł·	字样
116058	åħ¨æ°ĳåģ¥èº«	全民健身
116059	èĮ«èĮ«	茫茫
116060	æµ®åĬ¨	浮动
116061	åīįåı°	前台
116062	å¢ŀè®¾	增设
116063	éĢĽè¡Ĺ	逛街
116064	åĢĴéĹŃ	倒闭
116065	æ³ķå¾ĭé¡¾éĹ®	法律顾问
116066	çĸ®	疮
116067	çĹħçĹĩ	病症
116068	ç©ºåīį	空前
116069	è¯·æķĻ	请教
116070	èĥľä»»	胜任
116071	æĿĢèıĮ	杀菌
116072	æĪĺæĸĹæľº	战斗机
116073	ç»ĺåĪ¶	绘制
116074	å¤Ħæĸ¹	处方
116075	çªģåĽ´	突围
116076	çĮ«åĴª	猫咪
116077	æĬ¥åĳĬæĺ¾ç¤º	报告显示
116078	ç¿Ł	翟
116079	çķ¶åľ°	當地
116080	æľĢéļ¾	最难
116081	çºªå§Ķä¹¦è®°	纪委书记
116082	ä½İåİĭ	低压
116083	èĻļç©º	虚空
116084	è¿Ļéĥ¨çĶµå½±	这部电影
116085	äº§ä¸ļåįĩçº§	产业升级
116086	è°·çĪ±	谷爱
116087	è°·çĪ±åĩĮ	谷爱凌
116088	æĬ¼éĩĳ	押金
116089	å¥³æĸ¹	女方
116090	éĴ»çłĶ	钻研
116091	æļĹæļĹ	暗暗
116092	è¿·ä½ł	迷你
116093	æīĢè¬Ĥ	所謂
116094	å¨ģå»ī	威廉
116095	å¼ĢæľĹ	开朗
116096	å²Ķ	岔
116097	çģ«çĤ¬	火炬
116098	åĲĪçĲĨæĢ§	合理性
116099	åħ¬åĬŀ	公办
116100	ä¼ļä¼ļéķ¿	会会长
116101	éĺ´è°ĭ	阴谋
116102	å¼Ģå±Ģ	开局
116103	æĻ®éĢļè¯Ŀ	普通话
116104	åį¡æĭī	卡拉
116105	å°ĳåĲĥ	少吃
116106	éĹªèĢĢ	闪耀
116107	æŀľæ±ģ	果汁
116108	æī§è¡ĮåĬĽ	执行力
116109	è°Ľ	谛
116110	æĬ¢åĬ«	抢劫
116111	é«ĺéĢŁåıĳå±ķ	高速发展
116112	éŁ¬	韬
116113	åįĹæ²Ļ	南沙
116114	é«ĺçŃīåŃ¦æł¡	高等学校
116115	æį¢ä¸ª	换个
116116	åı¯èĥ½åŃĺåľ¨	可能存在
116117	æĬĴ	抒
116118	è°±åĨĻ	谱写
116119	è¢«æĬĵ	被抓
116120	æĿ¯åŃĲ	杯子
116121	èĬĤèĥ½åĩıæİĴ	节能减排
116122	æ°ĶåĢĻåıĺåĮĸ	气候变化
116123	åĪĨåĪ¥	分別
116124	ä¸Ńæŀ¢	中枢
116125	æ¬¢åĳ¼	欢呼
116126	åħīçº¤	光纤
116127	è¿Ļç¾¤	这群
116128	çľ¼çķĮ	眼界
116129	åħ±åĲĮåıĳå±ķ	共同发展
116130	çİ°ä»Ĭ	现今
116131	éĹ»è¨Ģ	闻言
116132	çī¹èī²å°ıéķĩ	特色小镇
116133	æķĳäºº	救人
116134	éĻįæ°´	降水
116135	ä¸ĸçķĮä¸Ģæµģ	世界一流
116136	å°±é¤Ĳ	就餐
116137	çŀ¥	瞥
116138	å¤įä»ĩ	复仇
116139	ç¾½æ¯Ľ	羽毛
116140	ç¾½æ¯ĽçĲĥ	羽毛球
116141	è´©åįĸ	贩卖
116142	æºĲæ³ī	源泉
116143	æĢ»ä½ĵè§ĦåĪĴ	总体规划
116144	åĬ¨æĦŁ	动感
116145	ä¸Ģå®¡	一审
116146	åĢŁéĴ±	借钱
116147	è§ģæķĪ	见效
116148	èĬ±èįī	花草
116149	åĲĮä¸ļ	同业
116150	æŁ¥è©¢	查詢
116151	åĽ½éĻħåĲĪä½ľ	国际合作
116152	ä¾ĽåĽ¾	供图
116153	åģ´	側
116154	æłĵ	栓
116155	çĽ¸éĢļ	相通
116156	è°ĪåıĬ	谈及
116157	è¿ĩç¨ĭå½ĵä¸Ń	过程当中
116158	é¦Ļèıĩ	香菇
116159	åįģåĽĽæĿ¡	十四条
116160	ä¸Ģå¼Ģå§ĭå°±	一开始就
116161	ä¸ĵåĳĺ	专员
116162	æĺİé¡¯	明顯
116163	æīĵéĢłåĩº	打造出
116164	ä¸ĭéĿ¢æĪĳä»¬	下面我们
116165	æľºæ²¹	机油
116166	åı°è¯į	台词
116167	åŃĲå¼Ł	子弟
116168	æľĢå¸¸è§ģçļĦ	最常见的
116169	æĪĳè®°å¾Ĺ	我记得
116170	ç»°	绰
116171	æĤ¬æµ®	悬浮
116172	è¿ĺçľŁæĺ¯	还真是
116173	æĮĤåı·	挂号
116174	åıĭåĸĦ	友善
116175	éĩįä¼¤	重伤
116176	çħ§äº®	照亮
116177	æŃ¦èŃ¦	武警
116178	åĩºçİ°éĹ®é¢ĺ	出现问题
116179	è¸Ĭè·ĥ	踊跃
116180	åľ°çĲĥä¸Ĭ	地球上
116181	å¸Ĥäººå¤§	市人大
116182	åıĹå®³äºº	受害人
116183	å²Ĳ	岐
116184	åĲĮåŃ¸	同學
116185	éĩĳèŀįå¸Ĥåľº	金融市场
116186	æľīçļĦçİ©å®¶	有的玩家
116187	å¸ĤæķĻèĤ²	市教育
116188	å¸ĤæķĻèĤ²å±Ģ	市教育局
116189	åĲĦå¼Ĥ	各异
116190	ç·ļä¸Ĭ	線上
116191	æģº	恺
116192	æľīå¤§éĩıçļĦ	有大量的
116193	åķĨæĬ¥	商报
116194	åįķåįķ	单单
116195	åħ¨é¢Ŀ	全额
116196	ä¾ĿæĹ§æĺ¯	依旧是
116197	å¥½åĩłä¸ª	好几个
116198	åĸµ	喵
116199	éĩįæķ´	重整
116200	çĶŁæ´»è´¨éĩı	生活质量
116201	æİ¢è®¿	探访
116202	åį°èĬ±	印花
116203	çĽĽè¡Į	盛行
116204	å¾®è§Ĥ	微观
116205	èĪįå¾Ĺ	舍得
116206	åºŁå¼ĥçī©	废弃物
116207	ç§¯èĵĦ	积蓄
116208	å®ļå±ħ	定居
116209	æĤ¼	悼
116210	èĮ¸	茸
116211	çļĦå¸®åĬ©	的帮助
116212	çļĦå¸®åĬ©ä¸ĭ	的帮助下
116213	äº¿åĲ¨	亿吨
116214	åŃĶéĽĢ	孔雀
116215	è¿ĻæĿ¡è·¯	这条路
116216	é¥µ	饵
116217	æĦĪåĬł	愈加
116218	éķį	镍
116219	ä½ľæ¡Ī	作案
116220	èįĶæŀĿ	荔枝
116221	å¤ªå°ĳ	太少
116222	è·»èº«	跻身
116223	åħ¬çĽĬæ´»åĬ¨	公益活动
116224	çĻ½æĸĳ	白斑
116225	æĬĢæľ¯æ°´å¹³	技术水平
116226	å¸§	帧
116227	æĹłçŁ¥	无知
116228	åºĶè¯¥æĢİä¹Ī	应该怎么
116229	éĢĢå¸Ĥ	退市
116230	æ¸Ń	渭
116231	åħ»çĮª	养猪
116232	é©¼	驼
116233	ç¾¤å²Ľ	群岛
116234	å¤§åį«	大卫
116235	ä¹ĺçĶ¨è½¦	乘用车
116236	èı²å°Ķ	菲尔
116237	è´´åĲ§	贴吧
116238	åģľä¸ĭæĿ¥	停下来
116239	æľīæľºç»ĵåĲĪ	有机结合
116240	åĪ»èĭ¦	刻苦
116241	çļĦåľ°	的地
116242	çļĦåľ°æŃ¥	的地步
116243	è¯ĬæīĢ	诊所
116244	å¼ĢæĪĺ	开战
116245	èĢģçīĮ	老牌
116246	çŃ¹çłģ	筹码
116247	åħ«å¤§ä»¥æĿ¥	八大以来
116248	æ¥¼æĪ¿	楼房
116249	åŃĻæĤŁ	孙悟
116250	åŃĻæĤŁç©º	孙悟空
116251	åħĴåŃĲ	兒子
116252	ç¬¬ä¸ĢæĿ¡	第一条
116253	ç¤¾äº¤åªĴä½ĵ	社交媒体
116254	æĥ³èµ·æĿ¥	想起来
116255	å¤§æ´ĭ	大洋
116256	æĭ¼éŁ³	拼音
116257	è¿Ľåįļä¼ļ	进博会
116258	è¿ĩåħ³	过关
116259	æ²¼	沼
116260	ç©¿æĲŃ	穿搭
116261	éĤ£ä¸Ģå¤©	那一天
116262	çł´éĹ¨	破门
116263	æĬķæłĩäºº	投标人
116264	èµ¢å®¶	赢家
116265	èĻļå¼±	虚弱
116266	æ¿ĥ	濃
116267	å®īæ£Ģ	安检
116268	å®¢å®¶	客家
116269	çĭ¬ç«ĭèĳ£äºĭ	独立董事
116270	æīĭåĬ¿	手势
116271	åīµéĢł	創造
116272	åľĨæ»¡å®ĮæĪĲ	圆满完成
116273	ä¸ºä¸»çº¿	为主线
116274	å¥½å¥ĩå¿ĥ	好奇心
116275	é¢ĨåľŁ	领土
116276	çªĸ	窖
116277	åħ¸åŀĭæ¡Īä¾ĭ	典型案例
116278	çªģåıĳäºĭä»¶	突发事件
116279	åºķæ°Ķ	底气
116280	å¤´æĻķ	头晕
116281	å®Ľå¦Ĥ	宛如
116282	è§¸	觸
116283	æ¸ħæ·¡	清淡
116284	åļ¼	嚼
116285	åģľçĶµ	停电
116286	ç²īå°ĺ	粉尘
116287	éĻįä½İæĪĲæľ¬	降低成本
116288	æĶ¾æīĭ	放手
116289	è®°èĢħè¡¨ç¤º	记者表示
116290	æĭĸå»¶	拖延
116291	éªĩ	骇
116292	æ®ĭå¿į	残忍
116293	çľģæķĻèĤ²	省教育
116294	çľģæķĻèĤ²åİħ	省教育厅
116295	é«ĺé¢Ŀ	高额
116296	éĦĻ	鄙
116297	æ¥ŀ	楞
116298	åĨħç§ĳ	内科
116299	èĲ¥ä¸ļé¢Ŀ	营业额
116300	åŁºçŁ³	基石
116301	æµģæ·Į	流淌
116302	ä¸»æĹ¨	主旨
116303	éĺĲéĩĬ	阐释
116304	å»ºåįİ	建华
116305	æĥĬåı¹	惊叹
116306	çī¢åĽºæłĳç«ĭ	牢固树立
116307	æĺ¯åĲ¦åŃĺåľ¨	是否存在
116308	å»ºåĨĽ	建军
116309	éĽ¾éľ¾	雾霾
116310	åħ¬è®¤	公认
116311	åħ¬è®¤çļĦ	公认的
116312	æ°¨åŁº	氨基
116313	æ°¨åŁºéħ¸	氨基酸
116314	åīįåĩłå¹´	前几年
116315	åĪ¹éĤ£	刹那
116316	æ±Łä¸ľ	江东
116317	å·¥æ¥Ń	工業
116318	ä¸ĢçĤ¹ä¹Łä¸į	一点也不
116319	ä¿®å£«	修士
116320	äºĨä¸Ģéģį	了一遍
116321	åĪģ	刁
116322	æ»ļæ»ļ	滚滚
116323	åĪĨæł¡	分校
116324	çľŁçĪ±	真爱
116325	è¡ĢèĦī	血脉
116326	æĢ¥åī§	急剧
116327	ä¸Ģç¾¤äºº	一群人
116328	ç¾¯	羯
116329	æĪĲé¾Ļ	成龙
116330	ç²¾ç¥ŀçĹħ	精神病
116331	çĽ¸åħ³äººåĳĺ	相关人员
116332	éĿĵä¸½	靓丽
116333	ä¸īåŃ£åº¦	三季度
116334	åĪĴå®ļ	划定
116335	ä¸ĸçķĮç¬¬ä¸Ģ	世界第一
116336	éĢļä¿Ĺ	通俗
116337	åķĨä¸ļåľ°äº§	商业地产
116338	åĬŁèĥ½æĢ§	功能性
116339	èµĦæľ¬ä¸»ä¹ī	资本主义
116340	è¯¦è§ģ	详见
116341	æĬĵæįķ	抓捕
116342	æĸĩæĺĮ	文昌
116343	å®Ŀå®ī	宝安
116344	è£ħéħįå¼ı	装配式
116345	æºĲæºĲ	源源
116346	æºĲæºĲä¸įæĸŃ	源源不断
116347	çĶŁæĢķ	生怕
116348	çºµåĲĳ	纵向
116349	å£½	壽
116350	çľ¼è¢ĭ	眼袋
116351	èĤīä½ĵ	肉体
116352	åı¤ä»Ĭ	古今
116353	èŀįåªĴä½ĵ	融媒体
116354	åģī	偉
116355	æł¼æľĥåĵ¡	格會員
116356	çĥ·	烷
116357	åĬŁçĶ¨	功用
116358	æīŃçŁ©	扭矩
116359	ç»¿èī²éĢļéģĵ	绿色通道
116360	åī§ç»Ħ	剧组
116361	å¼±åĬ¿	弱势
116362	è´¨éĩıéĹ®é¢ĺ	质量问题
116363	éĻĲé¢Ŀ	限额
116364	éªĨ	骆
116365	éģµä¹ī	遵义
116366	å¯Ŀå®¤	寝室
116367	æĥ³å¿µ	想念
116368	åł±åĳĬ	報告
116369	ä»ħæ¬¡	仅次
116370	ä»ħæ¬¡äºİ	仅次于
116371	èŀįåĪĽ	融创
116372	æĭĽèģĺä¼ļ	招聘会
116373	åºĬåŀ«	床垫
116374	è½¬åŀĭåıĳå±ķ	转型发展
116375	ä¸ŃåĽ½çĶµä¿¡	中国电信
116376	åĲ¬è¯Ŀ	听话
116377	è«ĭæ±Ĥ	請求
116378	å¤§éĥ¨åĪĨäºº	大部分人
116379	æ´»å¾Ĺ	活得
116380	åĵŃæ³£	哭泣
116381	è¶Ļ	趙
116382	åıĳçĹħçİĩ	发病率
116383	ä¸įç¬¦	不符
116384	åĨĽå®ĺ	军官
116385	é¢Īæ¤İ	颈椎
116386	æĸ°åĨłçĸ«æĥħ	新冠疫情
116387	æŁ¬åŁĶ	柬埔
116388	æŁ¬åŁĶå¯¨	柬埔寨
116389	ä»»ä½ķå½¢å¼ı	任何形式
116390	äººéĻħ	人际
116391	äººéĻħåħ³ç³»	人际关系
116392	æĢ»æī¿åĮħ	总承包
116393	å¹³åĿĩæ¯ı	平均每
116394	æģŃåĸľ	恭喜
116395	åĦĺ	儘
116396	åħµé©¬	兵马
116397	è¿ŁåĪ°	迟到
116398	å·¥ä¼¤	工伤
116399	çīĪæĿĥå½Ĵ	版权归
116400	çīĪæĿĥå½ĴåİŁ	版权归原
116401	æĭ¥æĬ¤	拥护
116402	ç³Ĭæ¶Ĥ	糊涂
116403	å¹²æ¶ī	干涉
116404	å°ĳä¸įäºĨ	少不了
116405	æĥ³æī¾	想找
116406	è´¹çİĩ	费率
116407	è¯¥éĻ¢	该院
116408	èŀįåĮĸ	融化
116409	è¿İåĲĪ	迎合
116410	è§ĨåĲ¬èĬĤçĽ®	视听节目
116411	æł¼ç¶²ç«Ļ	格網站
116412	çľīæ¯Ľ	眉毛
116413	æ¬¢è¿İå¤§å®¶	欢迎大家
116414	å®¶åºŃæķĻèĤ²	家庭教育
116415	ä¾µèļĢ	侵蚀
116416	ç»Ļä½łä»¬	给你们
116417	è¡Ģæ¶²å¾ªçİ¯	血液循环
116418	å¯Ħæīĺ	寄托
116419	å°ĸåı«	尖叫
116420	ä»¥ä¸ĭåĩłä¸ª	以下几个
116421	è¿ĺä»¥ä¸º	还以为
116422	åħ¶ä»ĸçİ©å®¶	其他玩家
116423	ç¬ĳç¬ĳ	笑笑
116424	æīĵåĲ¬	打听
116425	èĩªçĦ¶ç§ĳåŃ¦	自然科学
116426	åŁºç«Ļ	基站
116427	ä¹Ŀå·ŀ	九州
116428	ä¿Ŀé©¾	保驾
116429	ä¿Ŀé©¾æĬ¤	保驾护
116430	ä¿Ŀé©¾æĬ¤èĪª	保驾护航
116431	æĶ¾çľ¼	放眼
116432	çŁ¥åĲįä¼ģä¸ļ	知名企业
116433	ç¸®	縮
116434	ç¨½	稽
116435	æļĩ	暇
116436	ä½¿çĶ¨ç¶²è·¯	使用網路
116437	é¢ĦçķĻ	预留
116438	å¤§è±¡	大象
116439	åıĳæĺİä¸ĵåĪ©	发明专利
116440	æĸĩå¨±	文娱
116441	éĢłç¦ı	造福
116442	æ¹¿æ¶¦	湿润
116443	éĿ¢æĿ¡	面条
116444	æ¶Īè´¹åįĩçº§	消费升级
116445	è®Ĭå¾Ĺ	變得
116446	åĩłåĲį	几名
116447	ä»Ħ	仄
116448	è®¤æ¸ħ	认清
116449	è¿ľæĻ¯	远景
116450	æıĴåº§	插座
116451	è¯¸ä¾¯	诸侯
116452	åıĺæĢģ	变态
116453	ç¦ıå½©	福彩
116454	è´§æŀ¶	货架
116455	å¤±æİ§	失控
116456	ç§»åĬ¨ç«¯	移动端
116457	ä¸Ĭåı¸	上司
116458	éĢłçº¸	造纸
116459	å¸ĥæľĹ	布朗
116460	çĴĩ	璇
116461	åı°åįĹ	台南
116462	åĮĹäº¬åĨ¬å¥¥	北京冬奥
116463	èĵĿçīĻ	蓝牙
116464	éķ¿çŁŃ	长短
116465	æĬĺå°Ħ	折射
116466	ç»ĳæŀ¶	绑架
116467	å¯Ĵåģĩ	寒假
116468	è½¬åŁºåĽł	转基因
116469	æĢ¥äºİ	急于
116470	æŃ£åĵģ	正品
116471	åħħæ»¿	充滿
116472	å¤§çº²	大纲
116473	æĬĹä½ĵ	抗体
116474	è¨ĵç·´	訓練
116475	æĶ¶ç´§	收紧
116476	æ¯Ķè³½	比賽
116477	åħµåĬĽ	兵力
116478	æľ¬æĽ¸	本書
116479	äºĮä»£	二代
116480	æĢ¥è¯Ĭ	急诊
116481	æĸĩæ¡Ī	文案
116482	ç»ıåķĨ	经商
116483	æĻ¨æĬ¥	晨报
116484	æ£ĺ	棘
116485	æĢ»ä¹¦è®°åľ¨	总书记在
116486	åıĹéĤĢ	受邀
116487	äºĶåĽĽ	五四
116488	å²ŃåįĹ	岭南
116489	çĪ±åĲĥ	爱吃
116490	åŁĥå°Ķ	埃尔
116491	å¿ĥå¢ĥ	心境
116492	è¦ĨçĽĸéĿ¢	覆盖面
116493	å®ŀåľ¨æĺ¯å¤ª	实在是太
116494	æł¹åºķ	根底
116495	çº·çº·è¡¨ç¤º	纷纷表示
116496	åĹħ	嗅
116497	éļıçĿĢæĹ¶éĹ´	随着时间
116498	åİĨåı²æĤłä¹ħ	历史悠久
116499	éħī	酉
116500	æĢ»éĺŁ	总队
116501	ä¸»é¢ĺæ´»åĬ¨	主题活动
116502	éĹ®åį·	问卷
116503	é©¿ç«Ļ	驿站
116504	æı¡ä½ı	握住
116505	åı¯èĥ½å¯¼èĩ´	可能导致
116506	æ°ĳéĸĵ	民間
116507	éĸĭåķŁ	開啟
116508	ä½Ĩä¸įéĻĲ	但不限
116509	ä½Ĩä¸įéĻĲäºİ	但不限于
116510	åįģéĩĮ	十里
116511	å¨¥	娥
116512	æįŁèĢĹ	损耗
116513	çĸıå¯¼	疏导
116514	çİ¯æ°§	环氧
116515	ç¥ŀéĢļ	神通
116516	çĪ±å°Ķ	爱尔
116517	çĪ±å°Ķåħ°	爱尔兰
116518	æľ´å®ŀ	朴实
116519	å¿«æĬ¥	快报
116520	æĶ¶åıĹ	收受
116521	æĪĸè¨±	或許
116522	èĥĮéĿ¢	背面
116523	æĸĩåĮĸä¼łåªĴ	文化传媒
116524	ä¸īåĢĭ	三個
116525	æĶ»åĬ¿	攻势
116526	å®īä¸ľ	安东
116527	å®īä¸ľå°¼	安东尼
116528	åĿĩå·²	均已
116529	é¡¾èĻĳ	顾虑
116530	éĦŃ	鄭
116531	è¿Ļå®¶åħ¬åı¸	这家公司
116532	åħ¬åĳĬç§°	公告称
116533	æıĲä¾Ľä¼ĺè´¨	提供优质
116534	ç¨³æŃ¥æİ¨è¿Ľ	稳步推进
116535	å¤įè¯ķ	复试
116536	å°Ĩé¢Ĩ	将领
116537	è°Īèµ·	谈起
116538	å¨Ħ	娄
116539	è¿ŀçº¿	连线
116540	æ©ŁéĹľ	機關
116541	åºĶçĶ¨åľºæĻ¯	应用场景
116542	çĶ»åĥı	画像
116543	è´¢è¿Ĳ	财运
116544	ä¿Ŀéļª	保險
116545	çĹħçĲĨ	病理
116546	æ¯Ľä¸»å¸Ń	毛主席
116547	ä¸Ŀæ¯«ä¸į	丝毫不
116548	çĪ±å¥ĩ	爱奇
116549	çĪ±å¥ĩèīº	爱奇艺
116550	ä¸ĵå®¶ç»Ħ	专家组
116551	åĳ¼åĶ¤	呼唤
116552	éĭ¼	鋼
116553	çģ¸	灸
116554	é¢ĨåħĪåľ°ä½į	领先地位
116555	æıĲæĭĶ	提拔
116556	éľ¸éģĵ	霸道
116557	å±±åĿ¡	山坡
116558	èĿİ	蝎
116559	æ²¸èħ¾	沸腾
116560	è¯¥é¡¹	该项
116561	ä»ĬçĶŁ	今生
116562	ä¸Ģç¯ĩæĸĩç«ł	一篇文章
116563	æĸ¹å¼ıè¿Ľè¡Į	方式进行
116564	é»ĳå®¢	黑客
116565	æĶ¹åĬ¨	改动
116566	ä¸»é¡Į	主題
116567	æķ£å¸ĥ	散布
116568	ä»Ģä¹Īåľ°æĸ¹	什么地方
116569	åĮĸåĲĪ	化合
116570	åĮĸåĲĪçī©	化合物
116571	éĿĻçĶµ	静电
116572	æĢ»æĶ¶åħ¥	总收入
116573	å§Ķç»Ħç»ĩ	委组织
116574	å§Ķç»Ħç»ĩéĥ¨	委组织部
116575	éĿĻæĢģ	静态
116576	èĢģåŃĹåı·	老字号
116577	å®¤åıĭ	室友
116578	éĥ½ä¸įæķ¢	都不敢
116579	æŀ¶åŃĲ	架子
116580	çģµæķı	灵敏
116581	å®¡è§Ĩ	审视
116582	æĤ£åĦ¿	患儿
116583	å±±å¯¨	山寨
116584	èĸªèµĦ	薪资
116585	é©°æı´	驰援
116586	éĥ¨åĪĨåĨħå®¹	部分内容
116587	å¥½ä¼¼	好似
116588	æĪĲåĳĺåĽ½	成员国
116589	åľ¨æĪĳçľĭæĿ¥	在我看来
116590	åħ³æ³¨åº¦	关注度
116591	éĻĪæŁĲ	陈某
116592	è¿Ļç§įäºĭæĥħ	这种事情
116593	éĢīå®ļ	选定
116594	ç²¾åŃĲ	精子
116595	å£ģçĶ»	壁画
116596	æ±Łæ·®	江淮
116597	é«ĺæĺĤ	高昂
116598	æł¼åĬĽ	格力
116599	è¼©	輩
116600	åŃ¦åłĤ	学堂
116601	æĤ¨åĲĮæĦı	您同意
116602	ä¸ĢåĪĩéĥ½æĺ¯	一切都是
116603	æ½¤	潤
116604	éĸĥ	閃
116605	å¸ĮæľĽèĩªå·±	希望自己
116606	ä¿ĺ	俘
116607	æ±Łåİ¿	江县
116608	æ³¾	泾
116609	ç§ĳæķĻ	科教
116610	æīĵè¿Ľ	打进
116611	ä¸įæħİ	不慎
116612	å¯ĴåĨ¬	寒冬
116613	æ¸Ķæ°ĳ	渔民
116614	éĽ·æĸ¯	雷斯
116615	ä¸»å®°	主宰
116616	æĹħæ¸¸åº¦åģĩ	旅游度假
116617	çĶµåŃĲéĤ®ä»¶	电子邮件
116618	æ±Ĥå©ļ	求婚
116619	éļİæ®µ	階段
116620	åģ¥èº«æĪ¿	健身房
116621	æ³¨æĺİåĩºå¤Ħ	注明出处
116622	äºĭæķħåıĳçĶŁ	事故发生
116623	çº§ä»¥ä¸Ĭ	级以上
116624	åŃĺæ´»	存活
116625	æĸ½èĤ¥	施肥
116626	èľľèľĤ	蜜蜂
116627	åµ©	嵩
116628	æĮĸæİĺæľº	挖掘机
116629	æĬĹæĭĴ	抗拒
116630	ä¼łå¯¼	传导
116631	æĺ¯ä»Ģä¹Īåĳ¢	是什么呢
116632	ä¸Ĭå¹´åĲĮæľŁ	上年同期
116633	å»ºåħļ	建党
116634	çĶŁæħĭ	生態
116635	ä¿Ŀä½ı	保住
116636	æ¬¾è½¦åŀĭ	款车型
116637	äººèĦī	人脉
116638	éļĲèĶ½	隐蔽
116639	å¤±æķĪ	失效
116640	éģ¿åŃķ	避孕
116641	ç®Ģä¾¿	简便
116642	è°¢è°¢ä½ł	谢谢你
116643	å®Īä½ı	守住
116644	æĶ¾æĺł	放映
116645	è¨Īçķ«	計畫
116646	çİ°ä»£çī©æµģ	现代物流
116647	é¤Ĳå»³	餐廳
116648	æķħå±ħ	故居
116649	å¤§å¤§å°ı	大大小
116650	å¤§å¤§å°ıå°ı	大大小小
116651	çī¹åĪ«å£°æĺİ	特别声明
116652	éģįåıĬ	遍及
116653	å¿ĥçĲĨåĴ¨è¯¢	心理咨询
116654	è³´	賴
116655	çĮ®è¡Ģ	献血
116656	å·²ç»ıè¾¾åĪ°	已经达到
116657	æīĵæĭĽåĳ¼	打招呼
116658	åıĮè¾¹	双边
116659	ä¸Ģæĸ¹éĿ¢æĺ¯	一方面是
116660	å´ĩå°ļ	崇尚
116661	éĺ¿å¯Į	阿富
116662	éĺ¿å¯Įæ±Ĺ	阿富汗
116663	æĮģæľīäºº	持有人
116664	è±ģ	豁
116665	é£İçŃĿ	风筝
116666	åĬ¨èį¡	动荡
116667	äºĨä¸Ģä¼ļ	了一会
116668	äºĨä¸Ģä¼ļåĦ¿	了一会儿
116669	ä¸ĩè±¡	万象
116670	çľĭçĶµè§Ĩ	看电视
116671	åįģä¸īæĿ¡	十三条
116672	çĮĽçĥĪ	猛烈
116673	è¦ģä¸įçĦ¶	要不然
116674	å¤ªæŀģæĭ³	太极拳
116675	å¼ķçĪĨ	引爆
116676	ç»ıè¿ĩå¤ļå¹´	经过多年
116677	æ¸¸æĪıéĩĮçļĦ	游戏里的
116678	é¾Ļæ³ī	龙泉
116679	æłĩéħį	标配
116680	è®ĵä»ĸåĢĳ	讓他們
116681	éĢłæŀĹ	造林
116682	åĮºåŁŁæĢ§	区域性
116683	äº¿ä¸ĩ	亿万
116684	æĪĺçķ¥å¸ĥå±Ģ	战略布局
116685	éķĩæĶ¿åºľ	镇政府
116686	åĶ®ç¥¨	售票
116687	çĶŁäº§å·¥èīº	生产工艺
116688	éķĩåħļå§Ķ	镇党委
116689	ä¸Ńå°ıåŀĭ	中小型
116690	æľ¨èĢ³	木耳
116691	æ²³è¾¹	河边
116692	èĦ¾èĥĥ	脾胃
116693	æ¬¢è¿İæĤ¨	欢迎您
116694	åıĺå¼Ĥ	变异
116695	ç¼¤çº·	缤纷
116696	åŀĥåľ¾æ¡¶	垃圾桶
116697	è¾©è¯ģ	辩证
116698	è½¦åºĵ	车库
116699	æ¯Ķçİĩ	比率
116700	åħ´æĹº	兴旺
116701	è¯¦ç»ĨäºĨè§£	详细了解
116702	å®īå±ħ	安居
116703	çħ§æĸĻ	照料
116704	æĸ¹æīį	方才
116705	èµ¦	赦
116706	åĨķ	冕
116707	å¥Ķèµ´	奔赴
116708	å®Ŀé¸¡	宝鸡
116709	åľºåĿĩ	场均
116710	çĽ®åīįæŃ£åľ¨	目前正在
116711	åĲŀåĻ¬	吞噬
116712	è¿°èģĮ	述职
116713	æĩµ	懵
116714	å¥ĩçĳŀ	奇瑞
116715	ä»įå°Ĩ	仍将
116716	èĪīè¾¦	舉辦
116717	å·¥åķĨå±Ģ	工商局
116718	å¡ĳèĥ¶	塑胶
116719	åĬŀå®ŀäºĭ	办实事
116720	æĸ¹æĸ¹éĿ¢	方方面
116721	æĸ¹æĸ¹éĿ¢éĿ¢	方方面面
116722	æĸĩåĮĸèĬĤ	文化节
116723	åħ¥èģĮ	入职
116724	é¸¥	鸥
116725	ç©¿éĢı	穿透
116726	ä»¥ä¹łè¿ĳå¹³	以习近平
116727	åį±éļª	危險
116728	æľ¦èĥ§	朦胧
116729	åİĨåı²æĢ§	历史性
116730	æķŀå¼Ģ	敞开
116731	ä¼Ļä¼´åħ³ç³»	伙伴关系
116732	çŁ¿åĮº	矿区
116733	åĽ½éĻħåľ¨çº¿	国际在线
116734	ä¼łå¥ĩéĩĮéĿ¢	传奇里面
116735	è¿ĳäºĽ	近些
116736	è¿ĳäºĽå¹´	近些年
116737	åĬ£åĬ¿	劣势
116738	æĶ»åĩ»åĬĽ	攻击力
116739	æĻºéĢł	智造
116740	ç¦§	禧
116741	çİĭåħĪçĶŁ	王先生
116742	éĨ«çĶŁ	醫生
116743	åĽĽé¡¹	四项
116744	å®ŀæĻ¯	实景
116745	åĪĿåĪĽ	初创
116746	å¿ĥè£¡	心裡
116747	æĻ¶ä½ĵ	晶体
116748	äº¤éĻħ	交际
116749	è®©æ¶Īè´¹èĢħ	让消费者
116750	è¯¾æĸĩ	课文
116751	æİĴæ°Ķ	排气
116752	å¹¶ä¸įæĦıåĳ³	并不意味
116753	çĽ¸å£°	相声
116754	ç¬¬ä¸Ģå±Ĭ	第一届
116755	åİŁèĳĹ	原著
116756	éĽľ	雜
116757	æ²¡æľīå¤ªå¤§	没有太大
116758	è¡¥æ°´	补水
116759	çī©æµģä¼ģä¸ļ	物流企业
116760	ç¬¬äºĮæī¹	第二批
116761	åħ¶å®ĥéĹ®é¢ĺ	其它问题
116762	æİĮéĹ¨	掌门
116763	è´£ä»»å¿ĥ	责任心
116764	é¤Ĳåħ·	餐具
116765	ç¾Ĭæ¯Ľ	羊毛
116766	æ²¡æľīå¿ħè¦ģ	没有必要
116767	ä¹ĲåĽ¢	乐团
116768	è¿ĽåŁİ	进城
116769	ä¸ĢçĤ¹åĦ¿	一点儿
116770	èº«å½¢	身形
116771	çļ®èĤ¤çĹħ	皮肤病
116772	æĺ±	昱
116773	å¢ŀèĩ³	增至
116774	èģ²æĺİ	聲明
116775	æıĲè´¨	提质
116776	ä½ĵèĤ²åľº	体育场
116777	çŃ¹å»º	筹建
116778	é¬Ĩ	鬆
116779	è½¦çīĮ	车牌
116780	éļĶéŁ³	隔音
116781	è´Łè´£åĲĮå¿Ĺ	负责同志
116782	ä¸°ç¡ķ	丰硕
116783	ä½ĽéĻĢ	佛陀
116784	äºīåĲµ	争吵
116785	åº¶	庶
116786	æ·¡æ°´	淡水
116787	å°ıçĶ·åŃ©	小男孩
116788	ç§ģèĩª	私自
116789	åĮĸè¿Ľç¨ĭ	化进程
116790	æĪĺå£«æĿ¥è¯´	战士来说
116791	æ²¹èħ»	油腻
116792	èĦ±è´«èĩ´å¯Į	脱贫致富
116793	æĹ¥å¸¸å·¥ä½ľ	日常工作
116794	äº¤èŀį	交融
116795	åĨľè´¸	农贸
116796	åĨľè´¸å¸Ĥåľº	农贸市场
116797	åĵĪçĻ»	哈登
116798	çĶµè´¹	电费
116799	èµĺ	赘
116800	åıĮèħ¿	双腿
116801	æĵĶå¿ĥ	擔心
116802	æĿ¥å½¢å®¹	来形容
116803	ä½¿åĳ½æĦŁ	使命感
116804	éĤ£ä¹Īç®Ģåįķ	那么简单
116805	èĬĻèĵī	芙蓉
116806	åĢŁæ¬¾äºº	借款人
116807	ç§Ģä¸½	秀丽
116808	è®ĵä»ĸ	讓他
116809	ä¸¥åİīæīĵåĩ»	严厉打击
116810	è³ŀ	賞
116811	æļ«	暫
116812	çħ¤æ°Ķ	煤气
116813	çĪ¬ä¸Ĭ	爬上
116814	æ½ĩæ´Ĵ	潇洒
116815	å¤ªä¹ħ	太久
116816	åĳ½åĲįä¸º	命名为
116817	è·¯çĶ±	路由
116818	è·¯çĶ±åĻ¨	路由器
116819	é©¯	驯
116820	æıĲæĹ©	提早
116821	æĬĹåĩ»çĸ«æĥħ	抗击疫情
116822	åĩĽ	凛
116823	äº¤åıĭ	交友
116824	éĶĢåĶ®æ¸łéģĵ	销售渠道
116825	æ¯«ä¸įçĬ¹è±«	毫不犹豫
116826	èĲ¥åľ°	营地
116827	çłĶç©¶è¡¨æĺİ	研究表明
116828	é±¼ç±»	鱼类
116829	æį¢å±Ĭ	换届
116830	æİ¡åıĸ	採取
116831	çīĨ	牆
116832	çĽĽå¼Ģ	盛开
116833	æ²§æ¡ĳ	沧桑
116834	åºŃå®¡	庭审
116835	ç»ıæŁ¥	经查
116836	åĬłå¼·	加強
116837	çĽ¸æ¯Ķäºİ	相比于
116838	ä¸ĵçıŃ	专班
116839	ä½ĵåŀĭ	体型
116840	è¢«å®³	被害
116841	è¢«å®³äºº	被害人
116842	æĶ¶æ¬¾	收款
116843	åħ·æľīèī¯å¥½	具有良好
116844	é«ĺå³°æľŁ	高峰期
116845	åģıä½İ	偏低
116846	åĦŁ	償
116847	åĨľä¸ļç§ĳæĬĢ	农业科技
116848	çī¹æ®ĬæĥħåĨµ	特殊情况
116849	å¦Ĥæŀľçİ©å®¶	如果玩家
116850	éķ¿çº¦	长约
116851	ç¬¬åħŃå±Ĭ	第六届
116852	åħ¬å¼ĢæĭĽèģĺ	公开招聘
116853	åĪĩæĸŃ	切断
116854	è¿«ä½¿	迫使
116855	çĸĹç¨ĭ	疗程
116856	ç¬¬äºĮç§į	第二种
116857	ä¸įåħį	不免
116858	å¹²èŃ¦	干警
116859	çŁ³æ¦´	石榴
116860	åĹ£	嗣
116861	ä¸¤ç±»	两类
116862	çĪµå£«	爵士
116863	åŁİä¹¡å±ħæ°ĳ	城乡居民
116864	æŃ¤é¡¹	此项
116865	çĽ´è¾ĸ	直辖
116866	çĽ´è¾ĸå¸Ĥ	直辖市
116867	åĳ¼åºĶ	呼应
116868	éĴ¯	钯
116869	ç¦ıå¾·	福德
116870	æľºèº«	机身
116871	æĵįåľº	操场
116872	æ¿Ĵä¸´	濒临
116873	äººç¾¤ä¸Ń	人群中
116874	èĤ¡æ°ĳ	股民
116875	åŃ½	孽
116876	æ³ķåħ°	法兰
116877	é¨İ	騎
116878	ç³¯ç±³	糯米
116879	æĢ»çļĦ	总的
116880	æĢ»çļĦæĿ¥è¯´	总的来说
116881	åħ¸éĽħ	典雅
116882	æĸ°éĻĪ	新陈
116883	æĸ°éĻĪä»£è°¢	新陈代谢
116884	çĽ®çĿ¹	目睹
116885	é¢Ħè¨Ģ	预言
116886	è·Įçł´	跌破
116887	æĸ°ç¯ĩç«ł	新篇章
116888	æ¯ĴæĢ§	毒性
116889	åĸĿèĮ¶	喝茶
116890	æŁ¥èİ·	查获
116891	äº®ä¸½	亮丽
116892	çĶŁäº§åķĨ	生产商
116893	æĶ¹æĪĲ	改成
116894	ä¸ºäºĨæĽ´å¥½	为了更好
116895	æ·±äº¤	深交
116896	æ·±äº¤æīĢ	深交所
116897	æİĥ	掃
116898	ä¹ĻèĤĿ	乙肝
116899	æ³¸å·ŀ	泸州
116900	åħĪè¿ĽæĬĢæľ¯	先进技术
116901	è¾ĵç»Ļ	输给
116902	æķ£æĪ·	散户
116903	æĢĿç»´æĸ¹å¼ı	思维方式
116904	åºĹä¸»	店主
116905	è°ĭæ±Ĥ	谋求
116906	æ¸¸æĪıæĬĢå·§	游戏技巧
116907	ä¸Ģå¹´çº§	一年级
116908	çľ¼è§Ĵ	眼角
116909	ä¸Ńä»ĭæľºæŀĦ	中介机构
116910	å·§åĲĪ	巧合
116911	éĺ²çĽĹ	防盗
116912	å¯¼è´Ń	导购
116913	æĪĬ	戊
116914	æĽ´éĢĤåĲĪ	更适合
116915	åŁºæľ¬ä¿¡æģ¯	基本信息
116916	é©¬ä¸ģ	马丁
116917	åħ»æ®ĸåľº	养殖场
116918	åıįè¿ĩæĿ¥	反过来
116919	æİ¨å´ĩ	推崇
116920	å¯ĨåĪĩåħ³æ³¨	密切关注
116921	åŁºéĩĳç»ıçĲĨ	基金经理
116922	æĮīéĶ®	按键
116923	åĨħéĥ¨æİ§åĪ¶	内部控制
116924	æĪĲåĳĺåįķä½į	成员单位
116925	æľ¯è¯Ń	术语
116926	åĪ¶æľį	制服
116927	åĪļéľĢ	刚需
116928	æ£Ģç´¢	检索
116929	å¤§å¤§æıĲé«ĺ	大大提高
116930	åģ¥åº·ç®¡çĲĨ	健康管理
116931	èĩªæŃ¤	自此
116932	å®¢æĪ·éľĢæ±Ĥ	客户需求
116933	ä¸°èĥ¸	丰胸
116934	èµ·éĩį	起重
116935	èµ·éĩįæľº	起重机
116936	æ¬łç¼º	欠缺
116937	æ¡ĪåŃĲ	案子
116938	æĥħäººèĬĤ	情人节
116939	åħļæł¡	党校
116940	è¢ľ	袜
116941	è¯¥åī§	该剧
116942	è¿·å¤±ä¼łå¥ĩ	迷失传奇
116943	ç»ļä¸½	绚丽
116944	åķª	啪
116945	æĹłç§ģ	无私
116946	éĢ²ä¸ĢæŃ¥	進一步
116947	ç¬¬ä¸Ģç«ł	第一章
116948	åĻ¨åħ·	器具
116949	åĨľèµĦ	农资
116950	ç¢ºå¯¦	確實
116951	åºıåĪĹ	序列
116952	å¨±ä¹Ĳå¹³åı°	娱乐平台
116953	èŀįèµĦç§Łèµģ	融资租赁
116954	èµĦæºĲåħ±äº«	资源共享
116955	èģ½åĪ°	聽到
116956	æĲŀå¾Ĺ	搞得
116957	ç»§ç»Ńä¿ĿæĮģ	继续保持
116958	åĲ¯èĴĻ	启蒙
116959	çľº	眺
116960	ä¸Ŀè·¯	丝路
116961	è®¾æĸ½å»ºè®¾	设施建设
116962	æİ¥åľ°	接地
116963	æİ¥åľ°æ°Ķ	接地气
116964	ç¬¬ä¸īåŃ£åº¦	第三季度
116965	åŁºè°ĥ	基调
116966	åıĳéŁ³	发音
116967	ç¤¾ä¼ļèµĦæľ¬	社会资本
116968	éĽĩä¸»	雇主
116969	è¿ŀèĥľ	连胜
116970	æ²¡åķ¥	没啥
116971	å»¢	廢
116972	èµ¶èµ´	赶赴
116973	æ¼ĶåĮĸ	演化
116974	åı¤æĢª	古怪
116975	çİĭçĪ·	王爷
116976	é¢ĦåħĪ	预先
116977	å¼Ģåħ·	开具
116978	åĽŀé¦ĸ	回首
116979	åľ°ä¸ĭæ°´	地下水
116980	å°ıç¼ĸä¸Ģèµ·	小编一起
116981	èµİåĽŀ	赎回
116982	åľ°è²Į	地貌
116983	åĪĿä¸ī	初三
116984	åı¯çĶ¨äºİ	可用于
116985	éģĹè¿¹	遗迹
116986	è¿Ļæī¹	这批
116987	èĸªæ°´	薪水
116988	å¿ħçĦ¶ä¼ļ	必然会
116989	æ²½	沽
116990	éįĭ	鍋
116991	ç¬¬ä¸Ģéĥ¨	第一部
116992	åĪĬçī©	刊物
116993	å®ŀä¾ĭ	实例
116994	æ¸ħåĩĢ	清净
116995	ä¸ĬèµĽåŃ£	上赛季
116996	åĽ¾è¡¨	图表
116997	éĤ®è½®	邮轮
116998	åĵªè£¡	哪裡
116999	çĽ¸è§ģ	相见
117000	æī°ä¹±	扰乱
117001	æ¯ıæ¯ı	每每
117002	è¿Ļè¾ĪåŃĲ	这辈子
117003	ç¡«éħ¸	硫酸
117004	äºīçĽ¸	争相
117005	æº¯æºĲ	溯源
117006	åĩºä¼Ĺ	出众
117007	çİīçŁ³	玉石
117008	åħ±çĶŁ	共生
117009	æĹ¶éĹ´æ®µ	时间段
117010	éĩįè¦ģæĮĩç¤º	重要指示
117011	æ¶Īè´¹éľĢæ±Ĥ	消费需求
117012	éķ¿éķ¿	长长
117013	éķ¿éķ¿çļĦ	长长的
117014	å®īæĬļ	安抚
117015	å¢ŀé«ĺ	增高
117016	æľ¬è½®	本轮
117017	äº²çľ¼	亲眼
117018	é£İæ³¢	风波
117019	èĢģå¦Ī	老妈
117020	æĶ¶è´¹æłĩåĩĨ	收费标准
117021	åĨħéĻĨ	内陆
117022	æĮ¥åıĳ	挥发
117023	åįĩåŃ¦	升学
117024	èĥ¸åīį	胸前
117025	åģıè¿ľ	偏远
117026	çº¯æ´ģ	纯洁
117027	æĸ½å·¥åįķä½į	施工单位
117028	èº«ä»·	身价
117029	è´¢åĬĽ	财力
117030	çº¶	纶
117031	è£ħçĶ²	装甲
117032	æĺ¾ç¤ºåĻ¨	显示器
117033	æ¯«åįĩ	毫升
117034	æ·±çŁ¥	深知
117036	èĢ¶ç©Į	耶穌
117037	è¾ĥéĩı	较量
117038	åľ¨è¿ĩæ¸¡	在过渡
117039	åľ¨è¿ĩæ¸¡æľŁ	在过渡期
117040	èĮĹ	茗
117041	ä¸Ģä¸ªæĺŁæľŁ	一个星期
117042	èĬ·	芷
117043	è´¿èµĤ	贿赂
117044	æ¿ķ	濕
117045	æĩĤäºĭ	懂事
117046	ç§§	秧
117047	åħħå½ĵ	充当
117048	åĽ½ç«ĭ	国立
117049	èĬ±çĵ£	花瓣
117050	éĤĦè¦ģ	還要
117051	åħ¬åľĴ	公園
117052	è§¦åĬ¨	触动
117053	æ³°å·ŀ	泰州
117054	ä»Ģä¹Īæł·	什么样
117055	æ»ĭåħ»	滋养
117056	è¯ĦåĪ¤	评判
117057	æĮ¥æīĭ	挥手
117058	èĦĪ	脈
117059	å§¥å§¥	姥姥
117060	è¿Ĳè´¹	运费
117061	æ¯ħåĬĽ	毅力
117062	å¿ĥæĻº	心智
117063	ä¸įæİĴéĻ¤	不排除
117064	ç¬¬ä¸īä»£	第三代
117065	éĢĢè´§	退货
117066	æĺŁéĻħ	星际
117067	æ°¸åĪ©	永利
117068	æĬ¤åį«	护卫
117069	çıŃè½¦	班车
117070	è¨Ģè¡Į	言行
117071	ç¹ª	繪
117072	ä¸»åĬ¨æĢ§	主动性
117073	å·¥ç¨ĭè´¨éĩı	工程质量
117074	éĥĬåĮº	郊区
117075	ä¸Ģæłĭ	一栋
117076	ä½Ĩå®ŀéĻħä¸Ĭ	但实际上
117077	ä¸īå¤§èģĮä¸ļ	三大职业
117078	åĳ¼åı«	呼叫
117079	å¥³åħĴ	女兒
117080	è¯ģåĪ¸æĬķèµĦ	证券投资
117081	èĢĥæħ®	考慮
117082	çĤ«èĢĢ	炫耀
117083	æ²»å¥½	治好
117084	åĺ¶	嘶
117085	èĥ¤	胤
117086	åħīä¼ıåıĳçĶµ	光伏发电
117087	åĩłæŃ¥	几步
117088	æīĢæīĢ	所所
117089	æīĢæīĢéķ¿	所所长
117090	çħ§æł·	照样
117091	åĵ¥ä»¬	哥们
117092	è¯Ľ	诛
117093	è¿Ļä¸ĢåĪ»	这一刻
117094	çŁ¿çī©è´¨	矿物质
117095	ä¸įå¾Ĺå·²	不得已
117096	åĲĮçĽŁ	同盟
117097	ç»Ĩå¾®	细微
117098	è·¯èĻİ	路虎
117099	çĻ¾èĬ±	百花
117100	æ··æ²Į	混沌
117101	ä¸Ĭæµ·è¯ģåĪ¸	上海证券
117102	éĢĢç¨İ	退税
117103	èµŀåı¹	赞叹
117104	æī®æ¼Ķæ¸¸æĪı	扮演游戏
117105	åĲįåĪĹ	名列
117106	åĲįåĪĹåīį	名列前
117107	åĲįåĪĹåīįèĮħ	名列前茅
117108	ç±³å°Ķ	米尔
117109	ä»Ģä¹ĪåİŁåĽł	什么原因
117110	å®īåħ¨ä¿Ŀéļľ	安全保障
117111	ä¸Ģåıªæīĭ	一只手
117112	ä¹³ä¸ļ	乳业
117113	ä¸įçĶĺ	不甘
117114	æĥħåķĨ	情商
117115	æĮ¡ä½ı	挡住
117116	åİŁåĽłä¹ĭä¸Ģ	原因之一
117117	è¿Ļä¸¤å¤©	这两天
117118	çĥĺçĦĻ	烘焙
117119	è±¬	豬
117120	ä½łä»¥ä¸º	你以为
117121	æ²¡è§ģè¿ĩ	没见过
117122	åĵªå®¶å¥½	哪家好
117123	åīįä»»	前任
117124	è¿Ľè´§	进货
117125	éĢĢåĽŀ	退回
117126	ä¸²èģĶ	串联
117127	èĩ³æĸ¼	至於
117128	åĨ°æ·ĩ	冰淇
117129	åĨ°æ·ĩæ·ĭ	冰淇淋
117130	æŁ¥çľĭè¯¦æĥħ	查看详情
117131	çı¾å¯¦	現實
117132	æİ¨æµĭ	推测
117133	æİ¥æīĭ	接手
117134	éļ¶å±ŀäºİ	隶属于
117135	åŁİå¸Ĥç¾¤	城市群
117136	æĿİåħĪçĶŁ	李先生
117137	çŁ¿æ³īæ°´	矿泉水
117138	çī¹ä»·	特价
117139	æĽ´å¤ļç²¾å½©	更多精彩
117140	ç¨ĭå¼ı	程式
117141	è¯»æĩĤ	读懂
117142	å±ıèĶ½	屏蔽
117143	å¥¥æŀĹ	奥林
117144	å¥¥æŀĹåĮ¹	奥林匹
117145	å¥¥æŀĹåĮ¹åħĭ	奥林匹克
117146	çº¢èĸ¯	红薯
117147	å¥®	奮
117148	å®Ŀçİī	宝玉
117149	ç¶²çµ¡	網絡
117150	è²§	貧
117151	æ¬§å¼ı	欧式
117152	çĻ½ç³ĸ	白糖
117153	èĩªçĦ¶çģ¾å®³	自然灾害
117154	åĳĬè¯īå¥¹	告诉她
117155	å»ļ	廚
117156	çĤ¹åĩ»æŁ¥çľĭ	点击查看
117157	é£İæ¹¿	风湿
117158	èµĦäº§éĩįç»Ħ	资产重组
117159	ä¹Łä¸įä¾ĭå¤ĸ	也不例外
117160	åįĬä¸ªå°ıæĹ¶	半个小时
117161	åĲ¸å¼ķæĽ´å¤ļ	吸引更多
117162	æĹ¶éĹ´èĬĤçĤ¹	时间节点
117163	æĶ¶çº³	收纳
117164	åĲ¸æ¯Ĵ	吸毒
117165	èĢģä¹¡	老乡
117166	çĲħ	琅
117167	æľĢçµĤ	最終
117168	åıįæĦŁ	反感
117169	çĶ¨å¾®ä¿¡	用微信
117170	çĶ¨å¾®ä¿¡æī«	用微信扫
117171	éĢŁçİĩ	速率
117172	å¤§çĨĬçĮ«	大熊猫
117173	åı¯æĥ³	可想
117174	åı¯æĥ³èĢĮ	可想而
117175	åı¯æĥ³èĢĮçŁ¥	可想而知
117176	åĴ§	咧
117177	èµ°åħ¥	走入
117178	ç¢³éħ¸	碳酸
117179	èĮĥåĨ°	范冰
117180	èĮĥåĨ°åĨ°	范冰冰
117181	è¢«åĪ¤	被判
117182	ç§¯æŀģæİ¨åĬ¨	积极推动
117183	è¶³è¶³	足足
117184	ç²ĴåŃĲ	粒子
117185	å¤§å®Ĺ	大宗
117186	å¤§å®ĹåķĨåĵģ	大宗商品
117187	ç½ĳç»ľç§ĳæĬĢ	网络科技
117188	æĽ¼åŁİ	曼城
117189	å·²ä¹ħ	已久
117190	å·²ä¹ħçļĦ	已久的
117191	ç§¦çļĩ	秦皇
117192	ç§¦çļĩå²Ľ	秦皇岛
117193	ä»»æķĻ	任教
117194	åĶ¯ç¾İ	唯美
117195	æ·¡åĮĸ	淡化
117196	æ¡ĤèĬ±	桂花
117197	çŁ¥è¯ĨåĪĨåŃĲ	知识分子
117198	æĩĴå¾Ĺ	懒得
117199	ä¸»åħ¬	主公
117200	è®¾è®¡çĲĨå¿µ	设计理念
117201	è³º	賺
117202	æīĢæıĲä¾Ľ	所提供
117203	æīĢæıĲä¾Ľä¹ĭ	所提供之
117204	æĶ»åħĭ	攻克
117205	åĤ¾	傾
117206	è¯Ńæ³ķ	语法
117207	åįĥåı¤	千古
117208	éĸĭæĶ¾	開放
117209	ç¬¬ä¸ĢèĬĤ	第一节
117210	éĤĦæ²Ĵ	還沒
117211	éĢĥçĶŁ	逃生
117212	æ³Ĺ	泗
117213	åİ¿å§Ķä¹¦è®°	县委书记
117214	ä½ľèĢħæīĢæľī	作者所有
117215	çħ½	煽
117216	ç»ħ	绅
117217	æłħ	栅
117218	æľ´ç´ł	朴素
117219	çĳķçĸµ	瑕疵
117220	åĮħåĮħ	包包
117221	æ°ĳä¸»åħļ	民主党
117222	ä¸įè¿ľå¤Ħ	不远处
117223	å¥ĩå¼Ĥ	奇异
117224	åĺ»åĺ»	嘻嘻
117225	æī¼	扼
117226	ç¿»å¼Ģ	翻开
117227	æĢİèĥ½	怎能
117228	éģ´éĢī	遴选
117229	è§£éĩĭ	解釋
117230	å¹¼ç¨ļ	幼稚
117231	è¦ģå¥½å¥½	要好好
117232	è¶´åľ¨	趴在
117233	ç´¢åıĸ	索取
117234	ç»ĪçĶŁ	终生
117235	åħ¨æµģç¨ĭ	全流程
117236	éģ©çķ¶	適當
117237	åįıè°ĥåıĳå±ķ	协调发展
117238	æĬ¥ä»ĩ	报仇
117239	ç§ĳæĬĢåĽŃ	科技园
117240	ä»Ģä¹Īéĥ½ä¸į	什么都不
117241	æľĢåĲİä¸Ģæ¬¡	最后一次
117242	ç»Ļäººä¸Ģç§į	给人一种
117243	æł¸å®ļ	核定
117244	è¢«åĪĹåħ¥	被列入
117245	æĦıæĥ³ä¸įåĪ°	意想不到
117246	èĢĥæŁ¥	考查
117247	åľ¨æŃ¤ä¹ĭåīį	在此之前
117248	æīĵçĲĥ	打球
117249	è¶ĬæĿ¥è¶Ĭå°ĳ	越来越少
117250	å®ļå¾ĭ	定律
117251	è¡ĮæĶ¿æľºåħ³	行政机关
117252	ä½ıæĪ¿åħ¬ç§¯	住房公积
117253	å°ıå§Ĳå§Ĳ	小姐姐
117254	ä¸īèı±	三菱
117255	ä¿®è¡¥	修补
117256	èŀĥèŁ¹	螃蟹
117257	è¥¿çĶ²	西甲
117258	æĢł	怠
117259	çŃīå¤ļé¡¹	等多项
117260	äº§ä¸ļéĽĨèģļ	产业集聚
117261	ä»·æł¼ä¸Ĭæ¶¨	价格上涨
117262	åħ¬åħ±åľºæīĢ	公共场所
117263	è¢ĭåŃĲ	袋子
117264	æĨ§æĨ¬	憧憬
117265	çļĦæĸ¹å¼ıæĿ¥	的方式来
117266	åĪ°è´¦	到账
117267	çģ½	災
117268	å·´èı²	巴菲
117269	å·´èı²çī¹	巴菲特
117270	æ¼Ķä¹ł	演习
117271	èŃ¦ç¤ºæķĻèĤ²	警示教育
117272	çķıæĥ§	畏惧
117273	å¼ķæµģ	引流
117274	æĶ¶æĶ¯	收支
117275	å±Ĥåĩº	层出
117276	å±Ĥåĩºä¸į	层出不
117277	å±Ĥåĩºä¸įç©·	层出不穷
117278	æĳĩæ»ļ	摇滚
117279	è¾¦çĲĨ	辦理
117280	çºµè§Ĥ	纵观
117281	æķĳæµİ	救济
117282	å®¶éĥ½çŁ¥éģĵ	家都知道
117283	åĮ¯	匯
117284	å°ıé¸Ł	小鸟
117285	ä»»åĭĻ	任務
117286	è®¡åħ¥	计入
117287	ç«ŀéĢī	竞选
117288	å¼ĢèįĴæĹ¶æľŁ	开荒时期
117289	åĳ¨æģ©	周恩
117290	åĳ¨æģ©æĿ¥	周恩来
117291	äº¤ç»ĩ	交织
117292	çķ¢æ¥Ń	畢業
117293	æł¹æį®èĩªå·±	根据自己
117294	æĸ°äººçİ©å®¶	新人玩家
117295	åŃµåĮĸåĻ¨	孵化器
117296	éĩĩæļĸ	采暖
117297	å¹³åĿĩæ°´å¹³	平均水平
117298	åħ¬å¼Ģè¯¾	公开课
117299	å¤±åĪ©	失利
117300	ä¼ºæľį	伺服
117301	çĬģ	犁
117302	å¿½æĤł	忽悠
117303	ä¸»è¦ģéĽĨä¸Ń	主要集中
117304	æ¤įæłĳ	植树
117305	æ¯ĹéĤ»	毗邻
117306	èĩºçģ£	臺灣
117307	åĩºåĽ½çķĻåŃ¦	出国留学
117308	æĬĹéľĩ	抗震
117309	æĥ©æĪĴ	惩戒
117310	å¹´åºķåīį	年底前
117311	åĴ¸éĺ³	咸阳
117312	æ°ĳå±ħ	民居
117313	å¤§çĲĨçŁ³	大理石
117314	éĿ³	靳
117315	éķĸ	镖
117316	æ¸ħè¿ľ	清远
117317	è£ħè½½	装载
117318	èĩĢ	臀
117319	å½±ä¸ļ	影业
117320	å¼ŁåħĦ	弟兄
117321	æĤ²è§Ĥ	悲观
117322	çĿĢçľ¼äºİ	着眼于
117323	æįįåį«	捍卫
117324	åī¥å¤º	剥夺
117325	ç¯Ĩ	篆
117326	å¾Īéķ¿æĹ¶éĹ´	很长时间
117327	è¥Ł	襟
117328	ç¬¬ä¸ĢçĻ¾	第一百
117329	ä¸ĢåĪĨéĴ±	一分钱
117330	æĸ°éĹ»è®°èĢħ	新闻记者
117331	éķ·æľŁ	長期
117332	æ³ķæĪĺç»ĦåĲĪ	法战组合
117333	è°ģçŁ¥éģĵ	谁知道
117334	èħ°éĥ¨	腰部
117335	æ±īåł¡	汉堡
117336	åħ¥çĿ¡	入睡
117337	åįĸæİī	卖掉
117338	æ¶Īè²»èĢħ	消費者
117339	æĥ¯ä¾ĭ	惯例
117340	æĥ³äºĨ	想了
117341	æĥ³äºĨæĥ³	想了想
117342	èĢģæĹ§å°ıåĮº	老旧小区
117343	ä¼łè¨Ģ	传言
117344	åĪĨæķ°çº¿	分数线
117345	æµģæ³ª	流泪
117346	ç»Ħç»ĩé¢Ĩå¯¼	组织领导
117347	äºļåĨĽ	亚军
117348	å¢ŀåĢ¼æľįåĬ¡	增值服务
117349	å¾¹	徹
117350	ä¼¶	伶
117351	äºĽè®¸	些许
117352	å¸ĥèİ±	布莱
117353	å¼ºæĤį	强悍
117354	å®«å»·	宫廷
117355	ç»¿èĮ¶	绿茶
117356	åĮ¡	匡
117357	å¾ĪæŃ£å¸¸	很正常
117358	æĺ¥å¤ı	春夏
117359	æ¯Ļ	毙
117360	è¯Ħæ¯Ķ	评比
117361	åĩ¡äºĭ	凡事
117362	æĬīæĭ©	抉择
117363	åĢĴéľī	倒霉
117364	éĩįåº¦	重度
117365	åįıä¼ļä¼ļéķ¿	协会会长
117366	å¿§èĻĳ	忧虑
117367	ä¸ĭä¸Ģç¯ĩ	下一篇
117368	æ²ªæ·±	沪深
117369	æĪİ	戎
117370	æīĵä»Ĺ	打仗
117371	åįĪé¥Ń	午饭
117372	å¹´é¾Ħæ®µ	年龄段
117373	ä¸ŃåĽ½è¶³çĲĥ	中国足球
117374	è®¾è®¡æĸ¹æ¡Ī	设计方案
117375	åºĶçĶ¨æŁ¥çľĭ	应用查看
117376	é¢ĦæĸĻ	预料
117377	åĹ¡	嗡
117378	ç¥ĸçĪ¶	祖父
117379	çļĦä¸Ģåĳĺ	的一员
117380	æ´Ĺå¹²åĩĢ	洗干净
117381	åİĨåı²æĸ°	历史新
117382	åİĨåı²æĸ°é«ĺ	历史新高
117383	çĭ¬åħ·	独具
117384	æħĭåº¦	態度
117385	æīĵäº¤	打交
117386	æīĵäº¤éģĵ	打交道
117387	é»ĦçŁ³	黄石
117388	çĽ¼æľĽ	盼望
117389	çī§åľº	牧场
117390	è½¬å¼¯	转弯
117391	åįĩåįİ	升华
117392	åĨįä¹Łæ²¡æľī	再也没有
117393	èĭ±æīį	英才
117394	æĽ´åĲįä¸º	更名为
117395	åĢŁçĶ¨	借用
117396	çºłéĶĻ	纠错
117397	ç»Ŀå¯¹ä¸įä¼ļ	绝对不会
117398	çİĭçīĮ	王牌
117399	çĽĨåľ°	盆地
117400	å¤±è°ĥ	失调
117401	å¥½è±¡	好象
117402	é³¥	鳥
117403	ä¿Ŀä¿®	保修
117404	åĽĽä¸ªèĩªä¿¡	四个自信
117405	å¤´çļ®	头皮
117406	åİŁåīĩ	原則
117407	æĬ¥æ¡Ī	报案
117408	å¥´éļ¶	奴隶
117409	å³Ļ	峙
117410	è°ĥæĸĻ	调料
117411	ä¹Łè¨±	也許
117412	èĲ½åĪ°	落到
117413	èĲ½åĪ°å®ŀ	落到实
117414	èĲ½åĪ°å®ŀå¤Ħ	落到实处
117415	çĦļçĥ§	焚烧
117416	çĶŁæ´»çİ¯å¢ĥ	生活环境
117417	åºĶåıĬæĹ¶	应及时
117418	è¶Ĭè¿ĩ	越过
117419	æĦŁè¬Ŀ	感謝
117420	æĻ¯å¾·	景德
117421	æĻ¯å¾·éķĩ	景德镇
117422	çĬĢ	犀
117423	èº«éĤĬ	身邊
117424	ç¨İåĬ¡æĢ»å±Ģ	税务总局
117425	åĩĢåľŁ	净土
117426	ä¾µåįł	侵占
117427	åĬ¨å·¥	动工
117428	å¹´ä¹ĭ	年之
117429	å¹´ä¹ĭä¹ħ	年之久
117430	ç¬¬äºĮèĬĤ	第二节
117431	åĬ¨çī©åĽŃ	动物园
117432	ç¬¬ä¸Ģä¹¦è®°	第一书记
117433	éħļ	酚
117434	çĶŁäº§è®¾å¤ĩ	生产设备
117435	æŁĲç§įç¨ĭåº¦	某种程度
117436	åľŃ	圭
117437	åĩŃåĢŁçĿĢ	凭借着
117438	éĺħè§Ī	阅览
117439	çĻ½æ²Ļ	白沙
117440	æ²¹çĥŁ	油烟
117441	çªģçł´åı£	突破口
117442	åıĹå½±åĵį	受影响
117443	åı¯ä»¥æĽ´å¥½	可以更好
117444	å³°åĢ¼	峰值
117445	æĿĤè´¨	杂质
117446	å®¿è¿ģ	宿迁
117447	çĽĺæ´»	盘活
117448	æ¿Ģèµ·	激起
117449	åĦ¿ç§ĳ	儿科
117450	åĿĲèĲ½åľ¨	坐落在
117451	æĮªå¨ģ	挪威
117452	æµ·å²Ľ	海岛
117453	ç»Łç»Ł	统统
117454	éĻ¨	陨
117455	ä¼ĺäºİ	优于
117456	å°Īå®¶	專家
117457	ä¸ĢéĤĬ	一邊
117458	èĲĬ	萊
117459	äºĨä¸Ģåı£	了一口
117460	æ²ĥå°Ķæ²ĥ	沃尔沃
117461	æŃ£å¸¸ä½¿çĶ¨	正常使用
117462	æĻ®éģįåŃĺåľ¨	普遍存在
117463	ä¸°æ»¡	丰满
117464	çĶ»åį·	画卷
117465	åºĶæĶ¶	应收
117466	åºĶæĶ¶è´¦	应收账
117467	åºĶæĶ¶è´¦æ¬¾	应收账款
117468	å®Įæķ´çĥŃ	完整热
117469	å®Įæķ´çĥŃæ¦ľ	完整热榜
117470	æ³¨è§Ĩ	注视
117471	çĨĦ	熄
117472	èº¬	躬
117473	éĶĢåĶ®äººåĳĺ	销售人员
117474	è¶ĭåĲĳ	趋向
117475	çĦ¦æĢ¥	焦急
117476	åįģå¹´åīį	十年前
117477	ä¼łç»Łäº§ä¸ļ	传统产业
117478	è³ªéĩı	質量
117479	åĩ¤åĩ°ç½ĳ	凤凰网
117480	èµĦæºĲæķ´åĲĪ	资源整合
117481	æ¶Įåħ¥	涌入
117482	æĸĩåĮĸä¼łæĴŃ	文化传播
117483	çķĮç¬¬ä¸Ģ	界第一
117484	æ°´æ³µ	水泵
117485	å®«æ®¿	宫殿
117486	æİ¢å¯»	探寻
117487	ä¿®åīª	修剪
117488	æĦıè¦ĭ	意見
117489	ç´Ĭä¹±	紊乱
117490	æĽī	曉
117491	çĻ½è¡£	白衣
117492	èĻİåį«	虎卫
117493	ç´§æī£	紧扣
117494	å¤Ħå¤Ħéķ¿	处处长
117495	åĪĽå»ºå·¥ä½ľ	创建工作
117496	çº¢æŀ£	红枣
117497	é¥¼å¹²	饼干
117498	äºĨåįĬå¤©	了半天
117499	ä¼ļå½±åĵįåĪ°	会影响到
117500	çĽ¸ä¿¡å¤§å®¶	相信大家
117501	èħ¾é£ŀ	腾飞
117502	å°±å¦ĤåĲĮ	就如同
117503	ä¸ĭéĿ¢å°ıç¼ĸ	下面小编
117504	æ°ĳèĲ¥ç»ıæµİ	民营经济
117505	æĻ¦	晦
117506	è£ħæī®	装扮
117507	é»ĳå¤ľ	黑夜
117508	å¸¸å¾·	常德
117509	å·¥ä¸ļå¤§åŃ¦	工业大学
117510	æĺİçŁ¥	明知
117511	éĺŁåĳĺä»¬	队员们
117512	åĲ¬è¯¾	听课
117513	æ¯ıéļĶ	每隔
117514	çľŁæĺ¯å¤ª	真是太
117515	åĲĪä½ľåħ±èµ¢	合作共赢
117516	çĲĨåıĳ	理发
117517	æīįå¹²	才干
117518	çľĭèµ·ä¾Ĩ	看起來
117519	æ®¿ä¸ĭ	殿下
117520	å®īéĺ³	安阳
117521	æīĢäº§çĶŁçļĦ	所产生的
117522	éĽĩä½£	雇佣
117523	æĬ¬èµ·å¤´	抬起头
117524	æį®æĬ¥éģĵ	据报道
117525	éļĨéĩįä¸¾è¡Į	隆重举行
117526	äº¤éĶĻ	交错
117527	è¶ħé¢Ŀ	超额
117528	åĮĸçĸĹ	化疗
117529	é¡Ĩ	顆
117530	çºµæ·±	纵深
117531	çĪ±åĽ½ä¸»ä¹ī	爱国主义
117532	éĻ¢åī¯éĻ¢éķ¿	院副院长
117533	è®³	讳
117534	çľŁæŃ£åģļåĪ°	真正做到
117535	åŃ¤åįķ	孤单
117536	èĩªçĦ¶èĢĮ	自然而
117537	èĩªçĦ¶èĢĮçĦ¶	自然而然
117538	ä¿®èº«	修身
117539	èĬ¹	芹
117540	æģ¯æģ¯	息息
117541	æģ¯æģ¯çĽ¸åħ³	息息相关
117542	é©¾æł¡	驾校
117543	æİ©é¥°	掩饰
117544	æ³½è¿ŀ	泽连
117545	æ³½è¿ŀæĸ¯åŁº	泽连斯基
117546	ä¸¾æŃ¢	举止
117547	ç®¡çĲĨä½ĵåĪ¶	管理体制
117548	åħ¶ä¸Ńä¹ĭä¸Ģ	其中之一
117549	æĿ¾å¼Ľ	松弛
117550	æĭ¦æĪª	拦截
117551	åį«åģ¥	卫健
117552	åį«åģ¥å§Ķ	卫健委
117553	ä»İåİ»å¹´	从去年
117554	åĤ¢	傢
117555	è´Ńç¥¨	购票
117556	åĽ¾æłĩ	图标
117557	æ²³è¥¿	河西
117558	æ°ĳæĶ¿å±Ģ	民政局
117559	ç§ģèĲ¥	私营
117560	å¤ĸåĽ½è¯Ń	外国语
117561	å¹²è´§	干货
117562	æĵ¦æĭŃ	擦拭
117563	åľ°ä¸Ń	地中
117564	åľ°ä¸Ńæµ·	地中海
117565	æµĵæµĵ	浓浓
117566	æµĵæµĵçļĦ	浓浓的
117567	å§ĭå»º	始建
117568	å§ĭå»ºäºİ	始建于
117569	ç¶ĵæŃ·	經歷
117570	è·¯æ¼Ķ	路演
117571	æļ´é£İ	暴风
117572	åŁºè¾ħ	基辅
117573	æī¶è´«å·¥ä½ľ	扶贫工作
117574	ä¸ĢçĽ´å¤Ħäºİ	一直处于
117575	æĥħè¶£	情趣
117576	äºĮåŃ£åº¦	二季度
117577	åİĮæģ¶	厌恶
117578	é¡ºåĪ©å®ĮæĪĲ	顺利完成
117579	æŁ¥å°ģ	查封
117580	é¡¶ç«¯	顶端
117581	ä¸įåŃķ	不孕
117582	ä¸Ģå¤§åłĨ	一大堆
117583	è¢«æ·ĺæ±°	被淘汰
117584	æĺ¯çĶ¨æĿ¥	是用来
117585	æľĢåĲĪéĢĤ	最合适
117586	äº®çľ¼	亮眼
117587	å¹¶ä¸įæĺ¯å¾Ī	并不是很
117588	ç§ĳçłĶéĻ¢	科研院
117589	ç§ĳçłĶéĻ¢æīĢ	科研院所
117590	ç²Ł	粟
117591	é¢Īéĥ¨	颈部
117592	é»ĺé»ĺåľ°	默默地
117593	é«ĺä¸ŃçĶŁ	高中生
117594	æĹıèĩªæ²»åİ¿	族自治县
117595	æķĻåŃ¦è´¨éĩı	教学质量
117596	æĪĺçģ«	战火
117597	åĿİåĿ·	坎坷
117598	æĲŃä¹ĺ	搭乘
117599	è¯ĹæĦı	诗意
117600	åĪĳèŃ¦	刑警
117601	åĩºæ±Ĺ	出汗
117602	åįģåħŃæĿ¡	十六条
117603	è¯·åıĬæĹ¶	请及时
117604	åĨľä¸ļå¤§åŃ¦	农业大学
117605	èĲ½åı¶	落叶
117606	æĢ»èĢĮè¨Ģ	总而言
117607	æĢ»èĢĮè¨Ģä¹ĭ	总而言之
117608	æĿľåħ°	杜兰
117609	æĿľåħ°çī¹	杜兰特
117610	éĻªä½ł	陪你
117611	åħ¬æĬ¥	公报
117612	çķĻè¨ĢæĿ¿	留言板
117613	éĺħåİĨ	阅历
117614	ç«¶çĪŃ	競爭
117615	ç»ĻåĪ«äºº	给别人
117616	æĹ¥æĬ¥ç¤¾	日报社
117617	åĿĲèĲ½	坐落
117618	åĿĲèĲ½äºİ	坐落于
117619	éĩĳåŃĹ	金字
117620	éĩĳåŃĹå¡Ķ	金字塔
117621	åĽ¤	囤
117622	è¯Ŀåī§	话剧
117623	æĮģç»Ńæİ¨è¿Ľ	持续推进
117624	æ¼ıæ°´	漏水
117625	è©³ç´°	詳細
117626	æĢĢæĬ±	怀抱
117627	åıĺå¹»	变幻
117628	é¥¥é¥¿	饥饿
117629	éļĲèº«	隐身
117630	ä¸ªèµĽåŃ£	个赛季
117631	åĵ¡å·¥	員工
117632	æģ¢å¤įæŃ£å¸¸	恢复正常
117633	äºĨå¥½å¤ļ	了好多
117634	æĺŁå·´	星巴
117635	æĺŁå·´åħĭ	星巴克
117636	åħīçİ¯	光环
117637	å¸ħåĵ¥	帅哥
117638	çĻ½éĽª	白雪
117639	ç¨įç¨į	稍稍
117640	è®¡æıĲ	计提
117641	æĦĽæĥħ	愛情
117642	éİĸ	鎖
117643	ä¿¡éĺ³	信阳
117644	è§Ģå¯Ł	觀察
117645	å¦Ĥæŀľä½łæĥ³	如果你想
117646	çĽ¸æ¯Ķä¹ĭä¸ĭ	相比之下
117647	è§£å¼Ģ	解开
117648	æīĵåį°æľº	打印机
117649	èº«èº¯	身躯
117650	ç²¾ç¥ŀæĸĩæĺİ	精神文明
117651	èĤ¡æĮĩ	股指
117652	å¾®åĪĽ	微创
117653	çº¢èĮ¶	红茶
117654	èĩ´çĻĮ	致癌
117655	æģ©æĸ½	恩施
117656	èħ¿éĥ¨	腿部
117657	å¤§åŀĭå¤ļäºº	大型多人
117658	å®īåĢį	安倍
117659	è¾ħå¯¼åĳĺ	辅导员
117660	èĪªéģĵ	航道
117661	å¸ĥå°Ķ	布尔
117662	åįĹå®ģå¸Ĥ	南宁市
117663	ä¸ĬçıŃæĹı	上班族
117664	ä¾§ç»ĵæŀĦæĢ§	侧结构性
117665	è¿½éļı	追随
117666	å½ĵåľ°æĶ¿åºľ	当地政府
117667	èµ°åĩºæĿ¥	走出来
117668	éĩĳèŀįä¸ļ	金融业
117669	ä¸Ľä¹¦	丛书
117670	é¡¹çĽ®ç»ıçĲĨ	项目经理
117671	è¿ĩæĪ·	过户
117672	éª¨æŀ¶	骨架
117673	è¡Ļ	衙
117674	ä»Ģéº½	什麽
117675	èħĭ	腋
117676	è¦ģå®³	要害
117677	åľ¨åºĬä¸Ĭ	在床上
117678	ä»£è¨Ģäºº	代言人
117679	ä¸¦å°ĩ	並將
117680	åĲĦä¸ªæĸ¹éĿ¢	各个方面
117681	è°´è´£	谴责
117682	åħ±æĮ¯	共振
117683	åį³å°ĨåĪ°æĿ¥	即将到来
117684	èĤºçĻĮ	肺癌
117685	ä¾ĽéĶĢ	供销
117686	ä¸ĽæŀĹ	丛林
117687	èµĥ	赃
117688	åįģä½Ļå¹´	十余年
117689	åĭĺæİ¢	勘探
117690	éŁµåĳ³	韵味
117691	èĭ¦ç¬ĳ	苦笑
117692	æľĢå¤§ç¨ĭåº¦	最大程度
117693	éĩįçĤ¹åħ³æ³¨	重点关注
117694	ä¹ĭä¸¾	之举
117695	æ»¡æĢĢ	满怀
117696	åıĹåĪ°å½±åĵį	受到影响
117697	æĭĽæĬķæłĩ	招投标
117698	è¡¥é½Ĳ	补齐
117699	è¥¿çº¢	西红
117700	è¥¿çº¢æŁ¿	西红柿
117701	é¬§	鬧
117702	è£ħåį¸	装卸
117703	éĤ»éĩĮ	邻里
117704	èĤĩäºĭ	肇事
117705	æİĴæ¯Ĵ	排毒
117706	åŃ¤åĦ¿	孤儿
117707	éĽ¶è·Ŀç¦»	零距离
117708	å®ŀå¹²	实干
117709	çľĭæŁ¥çľĭ	看查看
117710	æĶ¶è´¹ç«Ļ	收费站
117711	ç»·	绷
117712	åħ¬çĽĬæĢ§	公益性
117713	éĢĴç»Ļ	递给
117714	æĶ»æīĵ	攻打
117715	æĺŁçº§éħĴåºĹ	星级酒店
117716	æĺİåªļ	明媚
117717	çį¨ç«ĭ	獨立
117718	è¯Ŀè¯ŃæĿĥ	话语权
117719	ä¸ĢæŃ¥ä¸ĢæŃ¥	一步一步
117720	ä¹¦æ³ķå®¶	书法家
117721	æľªç»ıæİĪæĿĥ	未经授权
117722	çŁ³èĨı	石膏
117723	åĩŃä»Ģä¹Ī	凭什么
117724	çļĦæĹ¥	的日
117725	çļĦæĹ¥åŃĲéĩĮ	的日子里
117726	è¯±äºº	诱人
117727	çĻ¾åĪĨçĻ¾	百分百
117728	èĪĪè¶£	興趣
117729	å¼łåħĪçĶŁ	张先生
117730	èĢģçĪ·åŃĲ	老爷子
117731	æ³¢çī¹	波特
117732	åŁºéĩĳä»½é¢Ŀ	基金份额
117733	æ²Ļåıĳä¸Ĭ	沙发上
117734	å¥ĭæĸĹçĽ®æłĩ	奋斗目标
117735	æ°¢èĥ½	氢能
117736	æ²ĥå°ĶçİĽ	沃尔玛
117737	ç¾©åĭĻ	義務
117738	éŁ³ç®±	音箱
117739	æ²īæµ¸	沉浸
117740	æ²īæµ¸åľ¨	沉浸在
117741	èĭ±åľĭ	英國
117742	çģ¯çģ«	灯火
117743	è¿Ľé¡¹	进项
117744	ä¸¤ç«¯	两端
117745	ä¹Ķä¸¹	乔丹
117746	èĦ¸é¢Ĭ	脸颊
117747	åıĳå±ķæ½ľåĬĽ	发展潜力
117748	åĭķä½ľ	動作
117749	åĵĪä½Ľ	哈佛
117750	å®´ä¼ļ	宴会
117751	æ§į	槍
117752	ç«ĭå¿Ĺ	立志
117753	ç¡ķå£«åŃ¦ä½į	硕士学位
117754	åĭĭç«ł	勋章
117755	è¿Ļåľºæ¯ĶèµĽ	这场比赛
117756	æĮģå¹³	持平
117757	éķĢéĶĮ	镀锌
117758	èĭ±çī¹	英特
117759	èĭ±çī¹å°Ķ	英特尔
117760	æķĻèģĮå·¥	教职工
117761	åĬŁåĬĽ	功力
117762	è¯¥æ¡Ī	该案
117763	ä¸Ģæ¢Ŀ	一條
117764	åĺīå¹´	嘉年
117765	åĺīå¹´åįİ	嘉年华
117766	è¿«ä¸įåıĬ	迫不及
117767	è¿«ä¸įåıĬå¾ħ	迫不及待
117768	è¿Ļä¸ªæĹ¶ä»£	这个时代
117769	ç²¾å½©æĴŃæĬ¥	精彩播报
117770	äººèĦ¸	人脸
117771	äººèĦ¸è¯ĨåĪ«	人脸识别
117772	æ£Ģå¯Łå®ĺ	检察官
117773	å°ıèħ¿	小腿
117774	éĨĴçĽ®	醒目
117775	åħļæĢ»	党总
117776	åħļæĢ»æĶ¯	党总支
117777	æĪŁ	戟
117778	èĮ«çĦ¶	茫然
117779	è±ĨæµĨ	豆浆
117780	ä¸»æ²»	主治
117781	éĿĴæµ·çľģ	青海省
117782	åĪĳäºĭè´£ä»»	刑事责任
117783	çł°	砰
117784	ä¹ĭæ¬ĬåĪ©	之權利
117785	äºĶå®ĺ	五官
117786	è¿·æĥĳ	迷惑
117787	åħ¥åºĵ	入库
117788	å®¶çºº	家纺
117789	å¼¹ç°§	弹簧
117790	åįģäºĶæĿ¡	十五条
117791	ç»Ļå®Ŀå®Ŀ	给宝宝
117792	èĪªç©ºèĪªå¤©	航空航天
117793	å¾Ģå¤ĸ	往外
117794	å¼ķåĬĽ	引力
117795	çľ¼çļ®	眼皮
117796	æ¶īè¶³	涉足
117797	æĿ¥å®¾	来宾
117798	åľ¨çº¿è§Ĵèī²	在线角色
117799	çĥŃéĶĢ	热销
117800	æµģéĢĿ	流逝
117801	æ³¡æ³¡	泡泡
117802	éĻįå¹ħ	降幅
117803	è´ŁéĿ¢å½±åĵį	负面影响
117804	çº¢æ¥¼	红楼
117805	çº¢æ¥¼æ¢¦	红楼梦
117806	éļĶçĿĢ	隔着
117807	ä¾¥å¹¸	侥幸
117808	è®¸ä¹ħ	许久
117809	åĴĮçĿ¦	和睦
117810	èŃ½	譽
117811	ä½¿çĶ¨èĢħæĪĸ	使用者或
117812	ä¹°åįķ	买单
117813	è¿´	迴
117814	é£İæīĩ	风扇
117815	æķĻå¸«	教師
117816	æ¡ĮåŃĲä¸Ĭ	桌子上
117817	å¾Īæ¼Ĥäº®	很漂亮
117818	åł±å°İ	報導
117819	ç¬¬ä¸ĢåŃ£åº¦	第一季度
117820	ç©©å®ļ	穩定
117821	æĤ²åĵĢ	悲哀
117822	çĿĢåĬĽæīĵéĢł	着力打造
117823	æĮŁ	挟
117824	è·¯æ¡¥	路桥
117825	åĳĲ	呐
117826	åľ£è¯ŀèĬĤ	圣诞节
117827	çļĩåŃĲ	皇子
117828	ä»ĩæģ¨	仇恨
117829	éħĿéħ¿	酝酿
117830	ä¸įéĹ´	不间
117831	ä¸įéĹ´æĸŃ	不间断
117832	æĮĩå°ĸ	指尖
117833	ä¸ŃåĽ½ç½ĳæ¸¸	中国网游
117834	åŀ£	垣
117835	æĦıè§ģå»ºè®®	意见建议
117836	æ¯ħçĦ¶	毅然
117837	äº®åº¦	亮度
117838	èģĶè°Ĭ	联谊
117839	å½ķåħ¥	录入
117840	åĦ²	儲
117841	å¨ĺå®¶	娘家
117842	ç§ĳå°Ķ	科尔
117843	ä¹Łæ²¡ä»Ģä¹Ī	也没什么
117844	æł¹æį®ä¸įåĲĮ	根据不同
117845	åı¶ä¿®	叶修
117846	åĢ¼å®Ī	值守
117847	æľ«ç«¯	末端
117848	åĪ¨	刨
117849	åĤµåĭĻ	債務
117850	èģ¯åĲĪ	聯合
117851	å¥ĩå¹»	奇幻
117852	èĻļæŀĦ	虚构
117853	é»Ħæĺı	黄昏
117854	å¹³åĿ¦	平坦
117855	æµģæ°ĵ	流氓
117856	æĸ°åŁºå»º	新基建
117857	æĮ½æķĳ	挽救
117858	åįİå°Ķ	华尔
117859	åįİå°Ķè¡Ĺ	华尔街
117860	æľĢåıĹæ¬¢è¿İ	最受欢迎
117861	ç»Ńçº¦	续约
117862	å¼Ĭç«¯	弊端
117863	éŃĶæ³ķå¸Ī	魔法师
117864	éŃĶæ³ķå¸ĪåĴĮ	魔法师和
117865	åħ·ä½ĵåĨħå®¹	具体内容
117866	çĲīçĴĥ	琉璃
117867	æī©å®¹	扩容
117868	èĮ¶åĽŃ	茶园
117869	ä¸»ä¹īèĢħ	主义者
117870	ç«ĭéĿ¢	立面
117871	æİ¥åıĹéĩĩè®¿	接受采访
117872	åĩºåħ¥å¢ĥ	出入境
117873	ç§ĳåįı	科协
117874	éĴ³	钳
117875	çµĲæ§ĭ	結構
117876	ç»ĵæŀľæĺ¾ç¤º	结果显示
117877	åı°è´¦	台账
117878	å°±æĿ¥çľĭçľĭ	就来看看
117879	èĩªæķĳ	自救
117880	åıįæĩī	反應
117881	åİ»åĵªåĦ¿	去哪儿
117882	è¿Ļé¦ĸ	这首
117883	è¿Ļé¦ĸæŃĮ	这首歌
117884	åĲ¬ä¼Ĺ	听众
117885	å¤ĸå£³	外壳
117886	ä½ĵèĤ²é¦Ĩ	体育馆
117887	å¯¦æĸ½	實施
117888	èŀºä¸Ŀ	螺丝
117889	æĭīåįĩ	拉升
117890	çĮĽåľ°	猛地
117891	åħ¨åĽ½äººæ°ĳ	全国人民
117892	æĤīå°¼	悉尼
117893	æĹıç¾¤	族群
117894	åĽ¢åĳĺ	团员
117895	ä¸¤ä¸ªå°ıæĹ¶	两个小时
117896	åľ¨çİ©å®¶	在玩家
117897	åľ¨çİ©å®¶ä¸Ń	在玩家中
117898	çĶľçĶľ	甜甜
117899	æĬķè¡Į	投行
117900	åįĶæľĥ	協會
117901	éĻ¡	陡
117902	åĬłå·¥åİĤ	加工厂
117903	æ¦ĨæŀĹ	榆林
117904	æŃ»è§Ĵ	死角
117905	åĨħå¹ķ	内幕
117906	æīĢæľīæĥħèĬĤ	所有情节
117907	åĪ·åį¡	刷卡
117908	æ°´èĤ¿	水肿
117909	èĥĥåı£	胃口
117910	å«Įå¼ĥ	嫌弃
117911	æ²®ä¸§	沮丧
117912	ä¸īå¹´çº§	三年级
117913	æ¶Ĥå±Ĥ	涂层
117914	å¿ĥä»ª	心仪
117915	å¿ĥä»ªçļĦ	心仪的
117916	å¤Ń	夭
117917	é¦ĸè½®	首轮
117918	æĹłè®ºæĺ¯åħ¶	无论是其
117919	éĢıæ°Ķ	透气
117920	äºĮåįģäºĶ	二十五
117921	ç®«	箫
117922	åĬŁåĬ³	功劳
117923	çŃ¾ä¸ĭ	签下
117924	æ²īè¿·	沉迷
117925	æķĳåĳ½	救命
117926	éĹªéĹª	闪闪
117927	åĲĥäºı	吃亏
117928	å±ķåĵģ	展品
117929	åį³æĹ¶åıĳçĶŁ	即时发生
117930	ç¶ľ	綜
117931	ç¶ľåĲĪ	綜合
117932	æłĩæĺİ	标明
117933	çľĭçĶµå½±	看电影
117934	åħ¬ç«ł	公章
117935	éĺ¿æ£®	阿森
117936	éĺ¿æ£®çº³	阿森纳
117937	èº«åĪĽéĢł	身创造
117938	èº«åĪĽéĢłçļĦ	身创造的
117939	æ¸Ľå°ĳ	減少
117940	åĢ¼å¾Ĺåħ³æ³¨	值得关注
117941	éĽ¶åĶ®åķĨ	零售商
117942	æįĨç»ĳ	捆绑
117943	è¸ıåħ¥	踏入
117944	èĽŁ	蛟
117945	æŁ´çº³	柴纳
117946	èĢģåħµ	老兵
117947	ç»¿èī²çİ¯ä¿Ŀ	绿色环保
117948	é¹Ń	鹭
117949	éº»æľ¨	麻木
117950	æıŃçīĮ	揭牌
117951	è¿Ļæ¬¾è½¦	这款车
117952	ç¾İå¾·	美德
117953	ç¾İå¾·åħ¬åı¸	美德公司
117954	æ¶§	涧
117955	è°ģçŁ¥	谁知
117956	æ´ĭèĳ±	洋葱
117957	æ¯įæł¡	母校
117958	ä¸ĢéĹª	一闪
117959	çĶ·ä¸»è§Ĵ	男主角
117960	æĹłçº¿çĶµ	无线电
117961	å±łå®°	屠宰
117962	æĺ¯éŁ©åĽ½	是韩国
117963	æĺ¯éŁ©åĽ½å¨±	是韩国娱
117964	å®¹è²Į	容貌
117965	åĿĩä½¿åħ¶	均使其
117966	å¤ªå¿«	太快
117967	å¹´çĶ±	年由
117968	å¹´çĶ±çĽĽ	年由盛
117969	èĭ¦èĭ¦	苦苦
117970	åĬĽè¿ĺæĺ¯	力还是
117971	åĬĽè¿ĺæĺ¯èĩª	力还是自
117972	æĨ©	憩
117973	èģ¯çµ¡	聯絡
117974	åĶ¾	唾
117975	åħ·æľīæĪĺå£«	具有战士
117976	è¿½éĹ®	追问
117977	åłĨæĶ¾	堆放
117978	åıįé©³	反驳
117979	å®ŀäºĭæ±Ĥ	实事求
117980	å®ŀäºĭæ±Ĥæĺ¯	实事求是
117981	åŃ¸éĻ¢	學院
117982	åįģåĩłä¸ª	十几个
117983	æķĳæĬ¤	救护
117984	æķĳæĬ¤è½¦	救护车
117985	ç½ĳç»ľä¼łæĴŃ	网络传播
117986	åįģåħ«å±Ĭ	十八届
117987	éĥ¨åī¯	部副
117988	éĥ¨åī¯éĥ¨éķ¿	部副部长
117989	çĹ´è¿·	痴迷
117990	ç®¡çĲĨæĿ¡ä¾ĭ	管理条例
117991	èŀįä¸ºä¸Ģä½ĵ	融为一体
117992	æĢ»äº§åĢ¼	总产值
117993	è³ĵ	賓
117994	ä¸ĥæĺŁ	七星
117995	çıŃç»Ħ	班组
117996	ç»Łé¢Ĩ	统领
117997	è¯·å¤§å®¶	请大家
117998	éĩĳéĻµ	金陵
117999	èĪħèĪħ	舅舅
118000	æµ·æ¹¾	海湾
118001	æĸ½çŃĸ	施策
118002	äº«èªī	享誉
118003	éº¥	麥
118004	ç«¯åįĪ	端午
118005	ç»¿åŁİ	绿城
118006	ç¢ºä¿Ŀ	確保
118007	å·´æĭī	巴拉
118008	åĨĴçĿĢ	冒着
118009	æħ·æħ¨	慷慨
118010	ä¸ªäººè§ĤçĤ¹	个人观点
118011	ä¹Ļçĥ¯	乙烯
118012	ç¡ħè°·	硅谷
118013	éĸĭå±ķ	開展
118014	å°ļä¹¦	尚书
118015	åĿļéŁ§	坚韧
118016	åºµ	庵
118017	èĢģé¾Ħ	老龄
118018	èĢģé¾ĦåĮĸ	老龄化
118019	çľ¨çľ¼	眨眼
118020	ç»¿æ°´	绿水
118021	ç»¿æ°´éĿĴå±±	绿水青山
118022	ä¹¦é¦Ļ	书香
118023	ä¸»åĬĽåĨĽ	主力军
118024	æīįæĺ¯çľŁæŃ£	才是真正
118025	æĬ¢åħĪ	抢先
118026	æĪĲå°±æĦŁ	成就感
118027	éĩįæŀĦ	重构
118028	éĴ¢åİĤ	钢厂
118029	æĪĲä»½	成份
118030	èĬ±çº¹	花纹
118031	ä¹ĭäºī	之争
118032	å¹²ç»Ĩèĥŀ	干细胞
118033	æĹ¢åı¯ä»¥	既可以
118034	ç¹ģçĲĲ	繁琐
118035	æĦļèł¢	愚蠢
118036	éĿŀå¸¸æĺİæĺ¾	非常明显
118037	ä½ĵå½©	体彩
118038	æĬĢæ³ķ	技法
118039	æĿĨèıĮ	杆菌
118040	å¹¿æ³Ľåħ³æ³¨	广泛关注
118041	åĮĹå®ĭ	北宋
118042	å§Ĭå¦¹	姊妹
118043	åįıåĬŀ	协办
118044	æ·®åįĹ	淮南
118045	çĥı	烏
118046	æ´ĹèĦ¸	洗脸
118047	åıĹè®¿	受访
118048	åıĹè®¿èĢħ	受访者
118049	éĩįè¦ģåĽłç´ł	重要因素
118050	å½±è§Ĩåī§	影视剧
118051	ç»¼èīºèĬĤçĽ®	综艺节目
118052	èľķåıĺ	蜕变
118053	äºĮçº¿	二线
118054	äºĮçº¿åŁİå¸Ĥ	二线城市
118055	ä¼Ĭå§ĭ	伊始
118056	çıĬçĳļ	珊瑚
118057	èĩªæŁ¥	自查
118058	åħ¥åĽŃ	入园
118059	åĩ¶æīĭ	凶手
118060	åħ¬è¯ī	公诉
118061	éģĩéļ¾	遇难
118062	éĩĩçŁ¿çŃī	采矿等
118063	èĩªçĲĨ	自理
118064	åĸ·æ¶Ĥ	喷涂
118065	æī©åħħ	扩充
118066	éĢıè§Ĩ	透视
118067	é«ĺéĢŁå¢ŀéķ¿	高速增长
118068	åĽ¾çĶ»	图画
118069	ç¾¹	羹
118070	èĤĩåºĨ	肇庆
118071	è¾ľè´Ł	辜负
118072	èµĶä»ĺ	赔付
118073	è·¡	跡
118074	åģ¥åº·æĪĲéķ¿	健康成长
118075	ä»¥ä¸ĬåŃ¦åİĨ	以上学历
118076	åıĸå¾Ĺä»¥åıĬ	取得以及
118077	æ²īç§¯	沉积
118078	åįģä¹Ŀå±Ĭ	十九届
118079	çĽ¸éĹľæľįåĭĻ	相關服務
118080	æī§åĭ¤	执勤
118081	åī¯åİ¿éķ¿	副县长
118082	å¯°	寰
118083	åģľæ»ŀ	停滞
118084	æ·¹æ²¡	淹没
118085	çŁ³çģ°	石灰
118086	çį¸	獸
118087	åĢ¦	倦
118088	ç¾İåªĴ	美媒
118089	æķĻæ¡Ī	教案
118090	åĬłçĽĸ	加盖
118091	åħ¬å¼ĢèµĽ	公开赛
118092	å¥łåŁº	奠基
118093	æĺĨèĻ«	昆虫
118094	çŀħ	瞅
118095	ç£·éħ¸	磷酸
118096	äºīåĪĽ	争创
118097	çİĭæĻĵ	王晓
118098	ç¼ĵåĨ²	缓冲
118099	åİļåİļ	厚厚
118100	åİļåİļçļĦ	厚厚的
118101	æŀ£åºĦ	枣庄
118102	ç²¾çĽĬ	精益
118103	ç²¾çĽĬæ±Ĥ	精益求
118104	ç²¾çĽĬæ±Ĥç²¾	精益求精
118105	åĪĨæĶ¯æľºæŀĦ	分支机构
118106	å®ŀæĸ½ç»ĨåĪĻ	实施细则
118107	æĸ°èµĽåŃ£	新赛季
118108	ç¸½çµ±	總統
118109	éĢłè¡Ģ	造血
118110	é¢ĩåħ·	颇具
118111	é»ĦåŁĶ	黄埔
118112	è¡ĢèĦĤ	血脂
118113	äº¤éĢļå·¥åħ·	交通工具
118114	å³¥	峥
118115	æĹıèĩªæ²»å·ŀ	族自治州
118116	å¯ºéĻ¢	寺院
118117	ç¢ºå®ļ	確定
118118	æ¦Ĥå¿µèĤ¡	概念股
118119	æĦŁå®ĺ	感官
118120	æŁľåı°	柜台
118121	åĶĶ	唔
118122	çŀŃè§£ä¸¦	瞭解並
118123	æĢ»ä»·	总价
118124	åĲ¸åħ¥	吸入
118125	æĢ¼	怼
118126	æĻļéĹ´	晚间
118127	å±Ĭæ¯ķä¸ļçĶŁ	届毕业生
118128	çĶŁå§ľ	生姜
118129	éĺħè¯»åħ¨æĸĩ	阅读全文
118130	å¾ĹåĪ°æľīæķĪ	得到有效
118131	æĲľæķĳ	搜救
118132	åİĨæĿ¥	历来
118133	èŃīæĺİ	證明
118134	åĥ»	僻
118135	èĨ³é£Ł	膳食
118136	åĦĦåħĥ	億元
118137	æīĵåİĭ	打压
118138	å®¾å®¢	宾客
118139	åķ¼	啼
118140	ä¸ĢçĻ¾å¤ļ	一百多
118141	æ·±åħ¥äººå¿ĥ	深入人心
118142	æ¢ħå·ŀ	梅州
118143	çłĶåŃ¦	研学
118144	åħ³ä¹İ	关乎
118145	è¼Ľ	輛
118146	äº²åıĭ	亲友
118147	éħįæĸĻ	配料
118148	æĪĳçĪ±ä½ł	我爱你
118149	è´¸æĺĵæĪĺ	贸易战
118150	æľīèī²	有色
118151	æľīèī²éĩĳå±ŀ	有色金属
118152	æįĲåĬ©	捐助
118153	ä¸ºé¦ĸ	为首
118154	ä¸ºé¦ĸçļĦ	为首的
118155	å¯ĮåĬĽ	富力
118156	çĶ·ç¥ŀ	男神
118157	é³³	鳳
118158	æµĩæ°´	浇水
118159	åĲ±	吱
118160	æĺİç¡®æıĲåĩº	明确提出
118161	åı¹äºĨ	叹了
118162	åı¹äºĨåı£æ°Ķ	叹了口气
118163	ç¤¼æĭľ	礼拜
118164	è¿Ļä¸ªåĲįåŃĹ	这个名字
118165	ä¿¡å¾Ĵ	信徒
118166	å¿Ĺå¼º	志强
118167	éĻĲæĹ¶	限时
118168	æĶ¶è²»	收費
118169	åĨľå®¶ä¹Ĳ	农家乐
118170	å°ıé¾ĻèĻ¾	小龙虾
118171	èĲ½å¹ķ	落幕
118172	æ§Ł	槟
118173	åŃ¦éľ¸	学霸
118174	æĪĸå¤ļ	或多
118175	æĪĸå¤ļæĪĸ	或多或
118176	æĪĸå¤ļæĪĸå°ĳ	或多或少
118177	åº§è°Īä¼ļä¸Ĭ	座谈会上
118178	æ¶¼	涼
118179	éŃĶçİĭ	魔王
118180	å²±	岱
118181	é¡¶å±Ĥ	顶层
118182	é¡¶å±Ĥè®¾è®¡	顶层设计
118183	èĦĳåŃĲéĩĮ	脑子里
118184	éĻ¢åŃĲéĩĮ	院子里
118185	è½©è¾ķ	轩辕
118186	èº«å¿ĥåģ¥åº·	身心健康
118187	èħĳ	腑
118188	éĹľæ³¨	關注
118189	åıĤåĬłä¼ļè®®	参加会议
118190	ä¸ŃåįİæĸĩåĮĸ	中华文化
118191	è¿½å¯»	追寻
118192	å®īçĦ¶	安然
118193	é£Ļåįĩ	飙升
118194	éŁŃèıľ	韭菜
118195	é¸¦	鸦
118196	åĤ¨éĩı	储量
118197	çĶ·æĸ¹	男方
118198	å¤ĩä»½	备份
118199	æĳĶåĢĴ	摔倒
118200	æ¶¦æ»ĳæ²¹	润滑油
118201	éĢ¼è¿ĳ	逼近
118202	çĶ³è¯ī	申诉
118203	é¸Łç±»	鸟类
118204	çŁ³æ²¹åĮĸå·¥	石油化工
118205	åĿļæŀľ	坚果
118206	è¿Ļå®¶ä¼Ļ	这家伙
118207	æĭĴä¸į	拒不
118208	çľŁçļ®	真皮
118209	è·ĿéĽ¢	距離
118210	è¿ĺæĮº	还挺
118211	éĽķåĥı	雕像
118212	åĪĿæģĭ	初恋
118213	æıĲä¾ĽæĽ´å¤ļ	提供更多
118214	æŁ¥çľĭåħ¨æĸĩ	查看全文
118215	æķ°åŃĹè´§å¸ģ	数字货币
118216	åĸīåĴĻ	喉咙
118217	åı¦ä¸Ģä½į	另一位
118218	åĤ¬åĮĸ	催化
118219	åĤ¬åĮĸåīĤ	催化剂
118220	ä»İæĿ¥æ²¡	从来没
118221	å¯ĨåĪĩçĽ¸åħ³	密切相关
118222	éĥ¨ä¸»ä»»	部主任
118223	äº§åĵģç»ıçĲĨ	产品经理
118224	ä¸¦åĲĮæĦı	並同意
118225	èĲ½åħ¥	落入
118226	å±ıå¹ķä¸Ĭ	屏幕上
118227	åħ¬åı¸ç«łç¨ĭ	公司章程
118228	æį¢åı¥è¯Ŀ	换句话
118229	æį¢åı¥è¯Ŀè¯´	换句话说
118230	ä½įæĸ¼	位於
118231	ä½Ķ	佔
118232	åĩ»æĿĢ	击杀
118233	çĽ¸è¾ĥ	相较
118234	çĽ¸è¾ĥäºİ	相较于
118235	ç²½åŃĲ	粽子
118236	åįĹæŀģ	南极
118237	å®«é¢Ī	宫颈
118238	è£ģåĳĺ	裁员
118239	æĺİç»Ĩ	明细
118240	ä»·åĢ¼éĵ¾	价值链
118241	åĽĽä¸ªæĸ¹éĿ¢	四个方面
118242	æĥħåĨµæĿ¥çľĭ	情况来看
118243	æĮĳåīĶ	挑剔
118244	æ®ĺ	殘
118245	æŀģåĬĽ	极力
118246	çĸĳéļ¾	疑难
118247	æĬµæĬĹåĬĽ	抵抗力
118248	æĢ¥éĢŁ	急速
118249	æĪĮ	戌
118250	ä½İä¼°	低估
118251	éĹªè¿ĩ	闪过
118252	æģ¬	恬
118253	èµŀæī¬	赞扬
118254	ä»ĸå¦Ī	他妈
118255	æĪĲä¸ºä¸ĢåĲį	成为一名
118256	æ´Ĺç¤¼	洗礼
118257	é¢Ħè®¡å°Ĩ	预计将
118258	åħĪè¿Ľåįķä½į	先进单位
118259	è¼Ķ	輔
118260	éĢĥèĦ±	逃脱
118261	çİ°åŃĺ	现存
118262	èĢģèĻİæľº	老虎机
118263	åįģä¸ĥæĿ¡	十七条
118264	åı¦ä¸ĢåįĬ	另一半
118265	æ¸©æĥħ	温情
118266	åī¥ç¦»	剥离
118267	ä¸ĸè´¸	世贸
118268	å®ĺåı¸	官司
118269	å¾Īå·®	很差
118270	éĹ´è·Ŀ	间距
118271	è¯·æ³¨æĦı	请注意
118272	åı²è¯Ĺ	史诗
118273	åĪ©åĻ¨	利器
118274	è¿Ĳç®Ĺ	运算
118275	æ²¦ä¸º	沦为
118276	è©²ä½¿çĶ¨èĢħ	該使用者
118277	èĮ¬	茬
118278	éĶ¦ç»£	锦绣
118279	åı²æĸĻ	史料
118280	çģµæ´»æĢ§	灵活性
118281	èģĶç¤¾	联社
118282	æĹłåĬ©	无助
118283	æĬĹæ°§åĮĸ	抗氧化
118284	èıľèĤ´	菜肴
118285	éĢłèĪ¹	造船
118286	æİīèĲ½	掉落
118287	å¤įæŁ¥	复查
118288	åĭĥåĭĥ	勃勃
118289	åĳ¼å£°	呼声
118290	çµ¦äºĪ	給予
118291	åĲĮäºĭä»¬	同事们
118292	ç½°	罰
118293	è¯ķæİ¢	试探
118294	åħ³éĶ®åŃĹ	关键字
118295	æįĲçĮ®	捐献
118296	ç»Łè®¡æķ°æį®	统计数据
118297	åĪĽä½ľèĢħ	创作者
118298	ä¸ĭåįĬ	下半
118299	ä¸ĭåįĬåľº	下半场
118300	æī¿æĭħè´£ä»»	承担责任
118301	ç«¯æŃ£	端正
118302	ç©¿è¡£	穿衣
118303	ä¼łçĲĥ	传球
118304	åĬ©éķ¿	助长
118305	åĩ±	凱
118306	éķ¶åµĮ	镶嵌
118307	é£ŀç¿Ķ	飞翔
118308	è¾ĵåįµ	输卵
118309	è¾ĵåįµç®¡	输卵管
118310	ä¸ĩåħ¬éĩĮ	万公里
118311	æİ¨å¹¿åºĶçĶ¨	推广应用
118312	å¿«æ¨Ĥ	快樂
118313	ç§½	秽
118314	èī°å·¨	艰巨
118315	åĲ¬å®Į	听完
118316	åĿļç¡¬	坚硬
118317	å¥¥åľ°	奥地
118318	å¥¥åľ°åĪ©	奥地利
118319	é¢ĵ	颓
118320	èĻĲå¾ħ	虐待
118321	ä¾Ľæ±Ĥ	供求
118322	éľīç´ł	霉素
118323	ä¼ªè£ħ	伪装
118324	ä¹¡åľŁ	乡土
118325	åĩ¡æľ¬ç½ĳ	凡本网
118326	åĩ¡æľ¬ç½ĳæ³¨	凡本网注
118327	ä¼ĬåĪ©	伊利
118328	è¡¡æ°´	衡水
118329	æĽ´åĥıæĺ¯	更像是
118330	åĪĨéĴŁå·¦åı³	分钟左右
118331	è¦ıæ¨¡	規模
118332	äºĶåĪĨéĴŁ	五分钟
118333	åºĹåĬłçĽŁ	店加盟
118334	åĽ°éĽ£	困難
118335	åħ³åģľ	关停
118336	æĢĿç»ª	思绪
118337	åĴ½åĸī	咽喉
118338	çĽ¸ç¬¦	相符
118339	çĥ¦èºģ	烦躁
118340	æĻĤæľŁ	時期
118341	åĳĪçı¾	呈現
118342	è§£æķ£	解散
118343	è¯±å¯¼	诱导
118344	éļĶçĥŃ	隔热
118345	çĮ¶	猶
118346	åįĹå®ĭ	南宋
118347	æ·±åħ¥äºĨè§£	深入了解
118348	çŃĶçĸĳ	答疑
118349	æĺ¼å¤ľ	昼夜
118350	åįĥä¼ı	千伏
118351	åĬ³åĬ¡æ´¾éģ£	劳务派遣
118352	çº¢è±Ĩ	红豆
118353	åĿıäºĭ	坏事
118354	çĤ¹æ»´	点滴
118355	å°±ä¸ļå²Ĺä½į	就业岗位
118356	çº¦åĲĪ	约合
118357	åħįéĻ¤	免除
118358	éĢĨåĬ¿	逆势
118359	éĩįéĩĳå±ŀ	重金属
118360	å®ĺå®£	官宣
118361	ä½İå»ī	低廉
118362	æģ¨ä¸įå¾Ĺ	恨不得
118363	å¾Ĺå¤©	得天
118364	å¾Ĺå¤©çĭ¬	得天独
118365	å¾Ĺå¤©çĭ¬åİļ	得天独厚
118366	ä¸Ģå°ģä¿¡	一封信
118367	æĬ½å¥ĸ	抽奖
118368	è¾Ĺè½¬	辗转
118369	çķĻå®Ī	留守
118370	çķĻå®ĪåĦ¿ç«¥	留守儿童
118371	çŃĶåį·	答卷
118372	å·¨åŀĭ	巨型
118373	æľĢå¥½ä¸įè¦ģ	最好不要
118374	æµĻæ±Łå¤§åŃ¦	浙江大学
118375	æĨ¨	憨
118376	æı¡æīĭ	握手
118377	éĴĪç»ĩ	针织
118378	æİĴéª¨	排骨
118379	çĤ½	炽
118380	å°ģè£ħ	封装
118381	åįĢåŁŁ	區域
118382	ç©ºæ°ĶåĩĢåĮĸ	空气净化
118383	åħīå½±	光影
118384	åĢĴå¡Į	倒塌
118385	å§ļæĺİ	姚明
118386	æ¤įè¢«	植被
118387	åŃ¦åīį	学前
118388	åŃ¦åīįæķĻèĤ²	学前教育
118389	èĬĿåĬł	芝加
118390	èĬĿåĬłåĵ¥	芝加哥
118391	ç¼©æ°´	缩水
118392	ä½Ł	佟
118393	åľ¨çº¿åĴ¨è¯¢	在线咨询
118394	èµıæŀĲ	赏析
118395	éĿĴèĽĻ	青蛙
118396	æĬ±ä½ı	抱住
118397	èĮĤåĲį	茂名
118398	åħ¨åĬĽæīĵéĢł	全力打造
118399	åįļå£«åŃ¦ä½į	博士学位
118400	æ²§å·ŀ	沧州
118401	åĻ¢	噢
118402	æĿĤçī©	杂物
118403	åĪ»çĶ»	刻画
118404	æįħ	捅
118405	å¾®éĩı	微量
118406	å¾®éĩıåħĥç´ł	微量元素
118407	ä¸ĢåĽŀäºĭ	一回事
118408	é¸¡èĤī	鸡肉
118409	åĪ©æ¶¦çİĩ	利润率
118410	æīįç®Ĺ	才算
118411	å¾®å¦Ļ	微妙
118412	æ£µæłĳ	棵树
118413	è´ªå©ª	贪婪
118414	åĩıåĢ¼	减值
118415	æ¢¦å¢ĥ	梦境
118416	åı¯è§Ĩ	可视
118417	åı¯è§ĨåĮĸ	可视化
118418	å¹¿å¤§å¸Ĥæ°ĳ	广大市民
118419	ä¸ĵä¸ļä»İäºĭ	专业从事
118420	ç»ıçº¬	经纬
118421	ç´§çĽ¯	紧盯
118422	çŁ¥å·±	知己
118423	è¤ļ	褚
118424	æĸĩåĮĸåºķèķ´	文化底蕴
118425	åİ¦éĹ¨å¸Ĥ	厦门市
118426	ä¸´æ¸¯	临港
118427	å¯¹åħ¶çľŁå®ŀ	对其真实
118428	å²¸è¾¹	岸边
118429	è¦ĸçĤº	視為
118430	æĬĹçĻĮ	抗癌
118431	åĶĲå®ĩ	唐宇
118432	ä¸įå¾Ĺè¶ħè¿ĩ	不得超过
118433	å¨ģæħĳ	威慑
118434	æ¡Ĩæŀ¶åįıè®®	框架协议
118435	èµ°ç§ģ	走私
118436	åĽ¢å§Ķ	团委
118437	å¤¸å¤§	夸大
118438	æ¬Ħ	欄
118439	ç¥ŀç»ıç³»ç»Ł	神经系统
118440	æĳĦå½±ä½ľåĵģ	摄影作品
118441	èĬ¥	芥
118442	å®īåºĨ	安庆
118443	æµ·æ»¨	海滨
118444	æŀĦæĢĿ	构思
118445	çīµæĮĤ	牵挂
118446	åı©	叩
118447	éĺĲæĺİ	阐明
118448	éģģ	遁
118449	ç²¾æ²¹	精油
118450	ç©´ä½į	穴位
118451	æĬ¤èº«	护身
118452	æĬ¤èº«ç¬¦	护身符
118453	æĮĩå°İ	指導
118454	åŃĺåľ¨ä¸Ģå®ļ	存在一定
118455	å¯ĤéĿĻ	寂静
118456	æµ·å¤ĸå¸Ĥåľº	海外市场
118457	éĿ¡	靡
118458	ç»¼åĲĪå¾ģ	综合征
118459	ä¿Ĳ	俐
118460	è¨Īç®Ĺ	計算
118461	æĺİæľĹ	明朗
118462	äºļè¿Ĳ	亚运
118463	äºļè¿Ĳä¼ļ	亚运会
118464	åīįçŀ»æĢ§	前瞻性
118465	åĮ®ä¹ı	匮乏
118466	äº§ä¸ļæī¶è´«	产业扶贫
118467	èĦĳæµ·	脑海
118468	èĦĳæµ·ä¸Ń	脑海中
118469	åħļçļĦé¢Ĩå¯¼	党的领导
118470	åĪĺéĤ¦	刘邦
118471	æµģæĺŁ	流星
118472	æĵĤ	擂
118473	æĶĢçĻ»	攀登
118474	åĴĶ	咔
118475	ä¸Ģä¸ĭåŃĲå°±	一下子就
118476	è¯Ĭæ²»	诊治
118477	ä½¿åĬ²	使劲
118478	åīµä½ľ	創作
118479	éĵŃè®°	铭记
118480	éĴ±è´¢	钱财
118481	æĹ¥æĬ¥è®°èĢħ	日报记者
118482	çĥŁçģ«	烟火
118483	èĥľè´Ł	胜负
118484	åįļä¸»	博主
118485	ä¸ŃåĽ½èģĶéĢļ	中国联通
118486	ç½ĳç«Ļé¦ĸé¡µ	网站首页
118487	å°±å¤Ł	就够
118488	å°±å¤ŁäºĨ	就够了
118489	æīĳåħĭ	扑克
118490	å±ħå§Ķä¼ļ	居委会
118491	è°¬	谬
118492	å®īåħ¨äºĭæķħ	安全事故
118493	åķĨçĶ¨è½¦	商用车
118494	å¾ªçİ¯ç»ıæµİ	循环经济
118495	æ·¤	淤
118496	èĢĥè¯ģ	考证
118497	å®ĿèĹı	宝藏
118498	å®Įç»ĵ	完结
118499	çłĶåıĳæĬķåħ¥	研发投入
118500	å²ĳ	岑
118501	æģŃæķ¬	恭敬
118502	ç¦»éĢĢä¼ĳ	离退休
118503	æ°´å¢¨	水墨
118504	å©¶	婶
118505	è¯Ĺåı¥	诗句
118506	å®ģæ³¢å¸Ĥ	宁波市
118507	å¼±çĤ¹	弱点
118508	åģľçīĮ	停牌
118509	å¥¶æ²¹	奶油
118510	å¥ĩçº³æ²³	奇纳河
118511	æĨĤ	憂
118512	ç¤¾ä¼ļå®ŀè·µ	社会实践
118513	è´Ŀå£³	贝壳
118514	çłĤæµĨ	砂浆
118515	èĪ¹åıª	船只
118516	å®£æī¬	宣扬
118517	ç»¼åĲĪæķ´æ²»	综合整治
118518	åĤĳ	傑
118519	æ°ĳæĹıæĸĩåĮĸ	民族文化
118520	éĩįçİ°	重现
118521	ç§¯æ·Ģ	积淀
118522	åħ¬çĦ¶	公然
118523	çħī	煉
118524	çĽ¸èģļ	相聚
118525	æ±¾	汾
118526	çº¹çĲĨ	纹理
118527	çĩĥçħ¤	燃煤
118528	æŃ¤ç§į	此种
118529	ç¾İå¦Ĩ	美妆
118530	åįĥçĵ¦	千瓦
118531	çĲĽ	琛
118532	é©¾é©¶è¯ģ	驾驶证
118533	éĺ¶æ¢¯	阶梯
118534	ä¸Ŀä¸Ŀ	丝丝
118535	å¾Īå¤ļäºĭæĥħ	很多事情
118536	åħīéĺ´	光阴
118537	èĳĹä½ľæ¬Ĭ	著作權
118538	åħ§éĥ¨	內部
118539	çĽ¸å¯¹æĿ¥è¯´	相对来说
118540	éĸĴ	閒
118541	éľĩæħĳ	震慑
118542	èªªè©±	說話
118543	æĨĳ	憑
118544	ç«¥è£ħ	童装
118545	ä½ıæĪ¿åĴĮ	住房和
118546	ä½ıæĪ¿åĴĮåŁİ	住房和城
118547	å·²ç»ıè¶ħè¿ĩ	已经超过
118548	ä¾¦å¯Ł	侦察
118549	çŁ¿çī©	矿物
118550	ä¾Ľå¤§å®¶	供大家
118551	çī¹éĤĢ	特邀
118552	ç¨ĭåºıåĳĺ	程序员
118553	çķľçī§ä¸ļ	畜牧业
118554	æ°ª	氪
118555	çĳª	瑪
118556	åĢĴåľ¨	倒在
118557	åĢĴåľ¨åľ°	倒在地
118558	æ¯Ģ	毀
118559	æ¢¯éĺŁ	梯队
118560	æİ¥èĳĹ	接著
118561	æĬĹèıĮ	抗菌
118562	è¤ĩ	複
118563	ç¬Ļ	笙
118564	æ¯Ķä¸Ĭå¹´	比上年
118565	é¸¡æ±¤	鸡汤
118566	åŃ¦ä¹łæĪĲç»©	学习成绩
118567	æĸĳæĸĵ	斑斓
118568	åħĪå¯¼	先导
118569	åĪĹä¸¾	列举
118570	è°ĥæŁ¥æĺ¾ç¤º	调查显示
118571	æ©«	橫
118572	ä¹Ŀåįģ	九十
118573	è°¢éŁµ	谢韵
118574	è·¨è¶Ĭå¼ı	跨越式
118575	å¥³æĢ§æľĭåıĭ	女性朋友
118576	èĲ¥åħ»ä»·åĢ¼	营养价值
118577	å®ŀè·µç»ıéªĮ	实践经验
118578	èĭıå·ŀå¸Ĥ	苏州市
118579	çĵ¶åŃĲ	瓶子
118580	æĸ°çļĦä¸Ģ	新的一
118581	æĸ°çļĦä¸Ģå¹´	新的一年
118582	æĺİæĻ°	明晰
118583	å®łçĪ±	宠爱
118584	åŃĹç¬¬	字第
118585	æľĹè¯µ	朗诵
118586	çº³æĸ¯	纳斯
118587	éĢĨè¡Į	逆行
118588	è«ĭæĤ¨	請您
118589	è«ĭæĤ¨æıĲä¾Ľ	請您提供
118590	èĥ¸æĢĢ	胸怀
118591	ç¬¬ä¸ĥå±Ĭ	第七届
118592	å¼ºå£®	强壮
118593	ä»£åŃķ	代孕
118594	æ±¶å·Ŀ	汶川
118595	å®¶åĸ»	家喻
118596	å®¶åĸ»æĪ·	家喻户
118597	å®¶åĸ»æĪ·æĻĵ	家喻户晓
118598	èħ®	腮
118599	åĲ¯è¿ª	启迪
118600	æĹłéļľç¢į	无障碍
118601	èĻķçĲĨåıĬ	處理及
118602	æĿ¥åİĨ	来历
118603	å®ŀåĬ¡	实务
118604	ä¹Łéļıä¹ĭ	也随之
118605	æĬĢèĥ½åŁ¹è®Ń	技能培训
118606	åŃ¤ç«ĭ	孤立
118607	åīģ	剁
118608	éĥ´å·ŀ	郴州
118609	æĶ¶æķĽ	收敛
118610	éł»éģĵ	頻道
118611	èį£å¹¸	荣幸
118612	èİ«è¿ĩäºİ	莫过于
118613	æŃ¤æĻĤ	此時
118614	çºªå§ĶçĽĳ	纪委监
118615	çºªå§ĶçĽĳå§Ķ	纪委监委
118616	çĽ¸éĤ»	相邻
118617	åı¦ä¸Ģè¾¹	另一边
118618	çªĴæģ¯	窒息
118619	æľīå¾Īå¤ļç§į	有很多种
118620	æ¯ıéĢ¢	每逢
118621	éĹ®ä¸ĸ	问世
118622	ç´¯ç´¯	累累
118623	éĿĴæĺ¥æľŁ	青春期
118624	è·¯åĨµ	路况
118625	åħĭèİ±	克莱
118626	è¿Ħä»Ĭä¸ºæŃ¢	迄今为止
118627	æĥĬå¥ĩ	惊奇
118628	è·¨åº¦	跨度
118629	éħ¿éĢł	酿造
118630	åĩĭ	凋
118631	è¿ĳä¸īå¹´	近三年
118632	åĨħé©¬	内马
118633	åĨħé©¬å°Ķ	内马尔
118634	æıį	揍
118635	è¿Ľå±ķæĥħåĨµ	进展情况
118636	èĮ§	茧
118637	æľīåºıæİ¨è¿Ľ	有序推进
118638	æĢ»åĨłåĨĽ	总冠军
118639	æĪĲç»©åįķ	成绩单
118640	éĽ»è©±åıĬ	電話及
118641	ç´§å¯Ĩç»ĵåĲĪ	紧密结合
118642	åºĬä½į	床位
118643	é¹Ĭ	鹊
118644	æķ£åıĳçĿĢ	散发着
118645	åĭŁèµĦ	募资
118646	æ°¨éħ¸	氨酸
118647	å½©ç¥ŀ	彩神
118648	è®Ģåıĸ	讀取
118649	éĩįæ¸©	重温
118650	ä¸ŃåŃĺåľ¨çļĦ	中存在的
118651	ç¾İéºĹ	美麗
118652	ä¸įæĸŃå¢ŀåĬł	不断增加
118653	è½®æµģ	轮流
118654	æİ¥åĲ¬	接听
118655	å¹´äº§åĢ¼	年产值
118656	åįĥåħĭ	千克
118657	æĪĺåľºä¸Ĭ	战场上
118658	çħ§é¡§	照顧
118659	å¹²éĥ¨éĺŁä¼į	干部队伍
118660	åį°ç«ł	印章
118661	ä¸Ģèĩ´æĢ§	一致性
118662	è¿ŀå¤ľ	连夜
118663	åħħè£ķ	充裕
118664	é»ĳåĲįåįķ	黑名单
118665	åĩĢæ°´	净水
118666	ä¸Ģå¤§æĹ©	一大早
118667	åĮħè¢±	包袱
118668	çĬ¯è§Ħ	犯规
118669	çĲĨè«ĸ	理論
118670	æŀģæĺĵ	极易
118671	éª¸	骸
118672	å¨ĺå¨ĺ	娘娘
118673	åĽ¢åľĨ	团圆
118674	äº¿åħĥä»¥ä¸Ĭ	亿元以上
118675	åĪ©çĶ¨æĤ¨çļĦ	利用您的
118676	å¸¦æĿ¥æĽ´å¤ļ	带来更多
118677	ä¸Ńå¤®ç©ºè°ĥ	中央空调
118678	æľĪèĸª	月薪
118679	çĮľæĥ³	猜想
118680	åĪºå®¢	刺客
118681	ä½ľæģ¯	作息
118682	åįķè°ĥ	单调
118683	äºĴåĪ©	互利
118684	å¦Ĥæľīä¾µæĿĥ	如有侵权
118685	å°ıå·§	小巧
118686	åįģåł°	十堰
118687	åĵĪåĵĪåĵĪåĵĪ	哈哈哈哈
118688	è¾¹éĻħ	边际
118689	æłĩè¯Ń	标语
118690	åĪĩåħ¥çĤ¹	切入点
118691	éĢĨè¢Ń	逆袭
118692	è¯ķåīĤ	试剂
118693	ç»¿è±Ĩ	绿豆
118694	è®ļ	讚
118695	åŁºçĿ£å¾Ĵ	基督徒
118696	å£¬	壬
118697	åħ¨æĺİæĺŁ	全明星
118698	éĢīç§Ģ	选秀
118699	èĪĮå°ĸ	舌尖
118700	ä¸įåĲĮç±»åŀĭ	不同类型
118701	çĥŁåĽ±	烟囱
118702	çģµæ°Ķ	灵气
118703	åĮºç®¡å§Ķä¼ļ	区管委会
118704	åĨľåī¯	农副
118705	åĨľåī¯äº§åĵģ	农副产品
118706	èĶļæĿ¥	蔚来
118707	æ²ªæĮĩ	沪指
118708	åħ»æ®ĸæĪ·	养殖户
118709	æĸĹå¿Ĺ	斗志
118710	é¦ĸé¢Ĩ	首领
118711	è¡Ģèħ¥	血腥
118712	åĬłç´§	加紧
118713	ä¸Ģèĩ´å¥½è¯Ħ	一致好评
118714	ç¬¬ä¸īèĬĤ	第三节
118715	æī¬å°ĺ	扬尘
118716	äº¤éĢļæŀ¢çº½	交通枢纽
118717	éĽ¶ç¢İ	零碎
118718	é»ĳæ´ŀ	黑洞
118719	çľĭä¸įæĩĤ	看不懂
118720	å±ŀå®ŀ	属实
118721	ä¸»åŁİåĮº	主城区
118722	å¨Ľ	娛
118723	å¨Ľæ¨Ĥ	娛樂
118724	ç¬ĳæĦı	笑意
118725	èĻ¹æ¡¥	虹桥
118726	åĲĦä¸ªçİ¯èĬĤ	各个环节
118727	çķ¥å¾®	略微
118728	èĢķèĢĺ	耕耘
118729	æľ¬åľºæ¯ĶèµĽ	本场比赛
118730	æĪĲè´¥	成败
118731	éĢīèĤ¡	选股
118732	èªŀè¨Ģ	語言
118733	çŃĶè¾©	答辩
118734	èĩªä¹ł	自习
118735	æ£º	棺
118736	ä¸ĩæ¬§åħĥ	万欧元
118737	åģľå·¥	停工
118738	å¯¹åħ¶è¿Ľè¡Į	对其进行
118739	ç§¯æŀģéħįåĲĪ	积极配合
118740	ä¹¾åĿ¤	乾坤
118741	å¦ĸæĢª	妖怪
118742	èļĮåŁł	蚌埠
118743	èµĦäº§è¯Ħä¼°	资产评估
118744	è°ĥçļ®	调皮
118745	éĻ¤å¤ķ	除夕
118746	åĽ´å¢Ļ	围墙
118747	æľįå½¹	服役
118748	æ·±æ¸Ĭ	深渊
118749	é¢ĦåĪ¶	预制
118750	çĥ½	烽
118751	å®īç¨³	安稳
118752	å»ºæŀĦ	建构
118753	çĭĻåĩ»	狙击
118754	ä¸»åĭķè¨»åĨĬ	主動註冊
118755	éĥ½æľīèĩªå·±	都有自己
118756	æİĴåĲįç¬¬ä¸Ģ	排名第一
118757	éº»è¾£	麻辣
118758	çĢļ	瀚
118759	çĥŁèĬ±çĪĨ	烟花爆
118760	çĥŁèĬ±çĪĨç«¹	烟花爆竹
118761	èĩªçĦ¶ä¿ĿæĬ¤	自然保护
118762	ä»Ļå¢ĥ	仙境
118763	ä¸ºäºĨéģ¿åħį	为了避免
118764	åĨ·åºĵ	冷库
118765	è§£æĶ¾æĢĿæĥ³	解放思想
118766	åĪĿäºĮ	初二
118767	ä½ĵè´´	体贴
118768	é¦ĸå¯Į	首富
118769	è¿ªæĭľ	迪拜
118770	æļĤç¼ĵ	暂缓
118771	æĶ¯æĮģåĬĽåº¦	支持力度
118772	ä¾¦æİ¢	侦探
118773	é©¬åĪº	马刺
118774	åĮĹæ±½	北汽
118775	ç¹ŀ	繞
118776	è°İè¨Ģ	谎言
118777	éĢ£çºĮ	連續
118778	å·³	巳
118779	ä»»ä½ķæĹ¶åĢĻ	任何时候
118780	è½¦èģĶç½ĳ	车联网
118781	åįķé¡¹	单项
118782	å¸Ńåį·	席卷
118783	å»ºçŃĳæĿĲæĸĻ	建筑材料
118784	ä¸Ńç§ĭèĬĤ	中秋节
118785	ç¡ķå£«çłĶç©¶	硕士研究
118786	ç§ģç«ĭ	私立
118787	åħļåĴĮæĶ¿åºľ	党和政府
118788	æľ¬æ¬¡äº¤æĺĵ	本次交易
118789	èººåľ¨åºĬä¸Ĭ	躺在床上
118790	ç½ĳåıĭè¯Ħè®º	网友评论
118791	å¦Ŀ	妝
118792	å®³ç¾ŀ	害羞
118793	åħ¬ç«ĭåĮ»éĻ¢	公立医院
118794	ä¸ŀ	丞
118795	çĶŁçī©è´¨	生物质
118796	åºĶéĤĢ	应邀
118797	æĬ½åıĸ	抽取
118798	åĩłå¼ł	几张
118799	æĳĺç¼ĸ	摘编
118800	ç»ĺæľ¬	绘本
118801	è¯¦è§£	详解
118802	å¼ºç¡¬	强硬
118803	æľĢåħĪè¿ĽçļĦ	最先进的
118804	æĭĽèĤ¡	招股
118805	æĭĽèĤ¡ä¹¦	招股书
118806	åįĥæĸ¹	千方
118807	åįĥæĸ¹çĻ¾	千方百
118808	åįĥæĸ¹çĻ¾è®¡	千方百计
118809	éħįéŁ³	配音
118810	é©¾çħ§	驾照
118811	å¾ģæĪĺ	征战
118812	èªĵè¨Ģ	誓言
118813	æĭľå¸Ī	拜师
118814	æĭľå¸ĪåŃ¦	拜师学
118815	æĭľå¸ĪåŃ¦èīº	拜师学艺
118816	æĬ±åĽ¢	抱团
118817	ç±³ç²ī	米粉
118818	éĿŀå¸¸éĢĤåĲĪ	非常适合
118819	èĪªæµ·	航海
118820	å±¥çº¦	履约
118821	åįģåħ«æĿ¡	十八条
118822	éĶ»éĢł	锻造
118823	éĩįè¦ģä¸¾æİª	重要举措
118824	åıĳæĮ¥ä½ľçĶ¨	发挥作用
118825	æ·ļ	淚
118826	äººç¤¾	人社
118827	äººç¤¾å±Ģ	人社局
118828	è¯ķçĤ¹å·¥ä½ľ	试点工作
118829	éĺľéĺ³	阜阳
118830	æ¡ĥåľĴ	桃園
118831	æ°ĳä¼ģ	民企
118832	æ´ģçĻ½	洁白
118833	è´µå®¾	贵宾
118834	åħ¬ç¤¾	公社
118835	è§īæĤŁ	觉悟
118836	è®°å¿ĨåĬĽ	记忆力
118837	æľĥåĵ¡è¨»åĨĬ	會員註冊
118838	æŃ¤æ¡Ī	此案
118839	éº»çĹ¹	麻痹
118840	çıĢ	珀
118841	æĸ©èİ·	斩获
118842	çĶ·åŃ©åŃĲ	男孩子
118843	å±ĢéĻĲäºİ	局限于
118844	åĭĺæŁ¥	勘查
118845	åĲĥé¥±	吃饱
118846	èĬ¬åħ°	芬兰
118847	æ£ķèī²	棕色
118848	ç¦ıç¥ī	福祉
118849	çĶ³èĬ±	申花
118850	æµ·çĽĹ	海盗
118851	èĶĳ	蔑
118852	æĸĩåŃ¸	文學
118853	æ´»æĢ§çĤŃ	活性炭
118854	çĽ´éĢļè½¦	直通车
118855	è°¢éĤĢ	谢邀
118856	èººçĿĢ	躺着
118857	åľĥ	圃
118858	æ¯ıæĹ¥ç»ıæµİ	每日经济
118859	åħ¬åħ±æĸĩåĮĸ	公共文化
118860	è®²æķħäºĭ	讲故事
118861	å¯Łçľĭ	察看
118862	æĤłéĹ²	悠闲
118863	åľ°åĿª	地坪
118864	æ¶Įçİ°åĩº	涌现出
118865	é«ĺçŃīéĻ¢æł¡	高等院校
118866	èĮĦåŃĲ	茄子
118867	éĺ²åį«	防卫
118868	ä¾ĭè¡Į	例行
118869	æĺ¾éľ²	显露
118870	æĸ°å¸¸æĢģ	新常态
118871	ç»Ŀä½³	绝佳
118872	å¯Įæ°ĳ	富民
118873	ä»¥äººæ°ĳ	以人民
118874	ä»¥äººæ°ĳä¸º	以人民为
118875	éĤ¢åı°	邢台
118876	å±ķæ¼Ķ	展演
118877	çĻ¼å¸ĥ	發布
118878	è´Łè½½	负载
118879	åģıç¦»	偏离
118880	æ°¸éģł	永遠
118881	éĩįè¦ģåİŁåĽł	重要原因
118882	åįıä¼ļä¼ļåĳĺ	协会会员
118883	éļ¾æ°ĳ	难民
118884	çĶŁäº§è½¦éĹ´	生产车间
118885	çģµåĬ¨	灵动
118886	ä¸¤å¹´åīį	两年前
118887	æĸ¹åľĨ	方圆
118888	æ´»ä¸ĭåİ»	活下去
118889	ä¸ĸçķĮè§Ĥ	世界观
118890	éªĹåıĸ	骗取
118891	ç¾İè²Į	美貌
118892	èĥ½çľĭåĩº	能看出
118893	çĻ¼æı®	發揮
118894	è§Ĥå½±	观影
118895	åīĥ	剃
118896	åĲĪèµĦåħ¬åı¸	合资公司
118897	å©§	婧
118898	å¹²æĹ±	干旱
118899	åħŃä¸ªæľĪ	六个月
118900	å°¤ä¸ºéĩįè¦ģ	尤为重要
118901	èĤ½	肽
118902	ç§¦åĽ½	秦国
118903	æīĺç¦ı	托福
118904	å»ºçŃĳå¸Ī	建筑师
118905	åįĩçº§æĶ¹éĢł	升级改造
118906	å°ıé¢Ŀ	小额
118907	å°ıé¢Ŀè´·æ¬¾	小额贷款
118908	ä¸¤ä¸ªç»´æĬ¤	两个维护
118909	æĭįæĭį	拍拍
118910	åı¯çĸĳ	可疑
118911	æį¢åıĸ	换取
118912	æŃ¦å£«	武士
118913	èµĸä»¥	赖以
118914	èµĸä»¥çĶŁåŃĺ	赖以生存
118915	æĮļ	挚
118916	æ®¿åłĤ	殿堂
118917	èĩªçĦ¶çķĮ	自然界
118918	ç£ģåľº	磁场
118919	å¦Ĥä½ķçľĭå¾ħ	如何看待
118920	ä»ĬæĹ¥å¤´æĿ¡	今日头条
118921	è¥¿åŁŁ	西域
118922	èİ·è¯Ħ	获评
118923	é¢¨æł¼	風格
118924	ä¿ĦåĽ½	俄国
118925	æīĵæĭ¼	打拼
118926	å®£ä¼łçīĩ	宣传片
118927	å¾Īæĸ¹ä¾¿	很方便
118928	ä¾Ľç»Ļä¾§	供给侧
118929	çºªå¿µç¢ĳ	纪念碑
118930	æ¯«åħĭ	毫克
118931	èĬ³é¦Ļ	芳香
118932	å·¥åķĨéĵ¶è¡Į	工商银行
118933	è¯·çĤ¹åĩ»	请点击
118934	ç¼ª	缪
118935	æĹłæķ°æ¬¡	无数次
118936	èį¯å¸Ī	药师
118937	èħ¸	腸
118938	æ¸¸èīĩ	游艇
118939	åĮ¾	匾
118940	å·¡èĪª	巡航
118941	æ²»çĲĨä½ĵç³»	治理体系
118942	èĲ¥éĢłèī¯å¥½	营造良好
118943	æ··æ·Ĩ	混淆
118944	éĢļçķħ	通畅
118945	åĬ³ç´¯	劳累
118946	ä»ĵä½į	仓位
118947	å¢ŀéķ·	增長
118948	éļĲçº¦	隐约
118949	æĿĤå¿Ĺç¤¾	杂志社
118950	åħ»èĤ²	养育
118951	åı¯èĥ½åıĳçĶŁ	可能发生
118952	èĢĥè©¦	考試
118953	è¥¿ä¾§	西侧
118954	åĬłåĢį	加倍
118955	ä¸»æĮģåı¬å¼Ģ	主持召开
118956	çķ¢ç«Ł	畢竟
118957	éĹ®è¯¢	问询
118958	æµ·æ£ł	海棠
118959	èĹ©	藩
118960	æ³¨æĺİæĿ¥æºĲ	注明来源
118961	æ£Ģçĸ«	检疫
118962	è¯·åģĩ	请假
118963	æĬļæĳ¸	抚摸
118964	èĵĦçĶµæ±ł	蓄电池
118965	è·Łä¸įä¸Ĭ	跟不上
118966	çİ°ä»£ç¤¾ä¼ļ	现代社会
118967	çŃ¹èµĦ	筹资
118968	ä½ĵèĤ²å½©ç¥¨	体育彩票
118969	å»¶è¯¯	延误
118970	è¾Ľè¾£	辛辣
118971	éĿ¢å®¹	面容
118972	åį°è®°	印记
118973	çģŃäº¡	灭亡
118974	ç´łé£Ł	素食
118975	åħ´èĩ´	兴致
118976	éľĢè¦ģçĶ¨	需要用
118977	éľĢè¦ģçĶ¨åĪ°	需要用到
118978	å®Ŀå¦Ī	宝妈
118979	ç£ĭåķĨ	磋商
118980	éļ¶å±ŀ	隶属
118981	è´¡çĮ®åĬĽéĩı	贡献力量
118982	åħ¬åħ±èµĦæºĲ	公共资源
118983	å¤§éĺª	大阪
118984	åĨĽè®Ń	军训
118985	æĤ¬å¿µ	悬念
118986	ç¤¾ä¼ļç¨³å®ļ	社会稳定
118987	å¹²äºĭåĪĽä¸ļ	干事创业
118988	æľīæĿ¡ä»¶	有条件
118989	æľīæĿ¡ä»¶çļĦ	有条件的
118990	ä¸Ģå¹´ä¸Ģåº¦	一年一度
118991	åİ¥	厥
118992	å¼ºå¥¸	强奸
118993	è±ªè½¦	豪车
118994	æİĮæŁľ	掌柜
118995	æ°´åĪ©å·¥ç¨ĭ	水利工程
118996	å³ª	峪
118997	ç§¯æŀģä½ľçĶ¨	积极作用
118998	æµ·æ·Ģ	海淀
118999	æµ·æ·ĢåĮº	海淀区
119000	çĥŃæĴŃ	热播
119001	åĿļæĮģä¸įæĩĪ	坚持不懈
119002	åıĮèĦļ	双脚
119003	ç»ŁæĪĺ	统战
119004	ä»»ä½ķäººéĥ½	任何人都
119005	åľ°ä¸ĭå®¤	地下室
119006	åĨ¶çĤ¼	冶炼
119007	è°ħè§£	谅解
119008	æ¸ĶèĪ¹	渔船
119009	å¤ªéĺ³åŁİ	太阳城
119010	è¢«æįķ	被捕
119011	è®¡ç®ĹåĻ¨	计算器
119012	è¥¿åĮ»	西医
119013	èĪĴå¿ĥ	舒心
119014	æ¡¦	桦
119015	éģ²	遲
119016	åĬĳ	劑
119017	è¨Ĺ	託
119018	èİº	莺
119019	åĸ¬	喬
119020	çĵ¯	瓯
119021	åĺĺ	嘘
119022	åłķ	堕
119023	æķĿ	敝
119024	åĳ¦	呦
119025	èĭŀ	苞
119026	æŃ¹	歹
119027	æĵ¬	擬
119028	æ£Ħ	棄
119029	èĪµ	舵
119030	å¥ª	奪
119031	çļĭ	皋
119032	æĶ¸	攸
119033	åľ©	圩
119034	ç¤Ļ	礙
119035	ç¢ĺ	碘
119036	éıĪ	鏈
119037	æĦķ	愕
119038	ç¹³	繳
119039	èĺ¸	蘸
119040	è²Ĥ	貂
119041	æ¼²	漲
119042	æĳ¹	摹
119043	æĶĿ	攝
119044	åŃ¢	孢
119045	èķŃ	蕭
119046	é¨°	騰
119047	æ½¼	潼
119048	éħ°	酰
119049	æĴ¥	撥
119050	è¹¬	蹬
119051	é¨Ļ	騙
119052	è¸¹	踹
119053	éģĲ	遐
119054	çĺĢ	瘀
119055	èĽ¤	蛤
119056	æĤĸ	悖
119057	çĴŀ	璞
119058	ç£Ĳ	磐
119059	æİ°	掰
119060	è¾Ĭ	辊
119061	å¾ĳ	徑
119062	æİĸ	掖
119063	éģŀ	遞
119064	éĤ¸	邸
119065	éĽı	雏
119066	æĨİ	憎
119067	æľ½	朽
119068	çį»	獻
119069	ç®Ķ	箔
119070	è¤¶	褶
119071	æļ¢	暢
119072	æĺµ	昵
119073	çıĤ	珂
119074	æĤ¸	悸
119075	åģµ	偵
119076	åĻľ	噜
119077	å£¯	壯
119078	æĴ®	撮
119079	æģį	恍
119080	å©ķ	婕
119081	ç¯±	篱
119082	éĺĻ	阙
119083	çīł	牠
119084	è£ĺ	裘
119085	è³¢	賢
119086	éĩľ	釜
119087	éĵł	铠
119088	èİĺ	莘
119089	æ®Ĩ	殆
119090	çĻ¸	癸
119091	è´ı	贏
119092	ç²±	粱
119093	å«¡	嫡
119094	åĨ¢	冢
119095	è¤Ĵ	褒
119096	æĩĬ	懊
119097	éľĵ	霓
119098	å¡µ	塵
119099	æĭ£	拣
119100	å»Ł	廟
119101	é£½	飽
119102	é¢Į	颌
119103	åļİ	嚎
119104	æ·º	淺
119105	èĨł	膠
119106	åİŃ	厭
119107	åļĩ	嚇
119108	åĳĥ	呃
119109	çĴĭ	璋
119110	çŃ±	筱
119111	æĭ·	拷
119112	èį§	荧
119113	éĶ°	锰
119114	åŃ°	孰
119115	èĵĵ	蓓
119116	èĨ½	膽
119117	æŀī	枉
119118	åĸ½	喽
119119	çĽĶ	盔
119120	çŃĲ	筐
119121	ç¾ļ	羚
119122	èħĮ	腌
119123	è¾«	辫
119124	æ³ĵ	泓
119125	çĶ¬	甬
119126	èŁ²	蟲
119127	åĸª	喪
119128	å¦ĵ	妓
119129	è¬Ģ	謀
119130	çĤĬ	炊
119131	æĽľ	曜
119132	æ±Ĳ	汐
119133	è´Ī	贈
119134	èįĢ	荀
119135	æĬł	抠
119136	ç¢¾	碾
119137	æ«ĥ	櫃
119138	éŀł	鞠
119139	èĳĨ	葆
119140	ç¥¯	祯
119141	å½Ŀ	彝
119142	é¦į	馍
119143	åĮ£	匣
119144	æľŃ	札
119145	åĿĤ	坂
119146	ä¿ĳ	俑
119147	èĵ®	蓮
119148	çĳĽ	瑛
119149	æīī	扉
119150	èĩŁ	臟
119151	è²«	貫
119152	çİ¥	玥
119153	æ·¼	淼
119154	åİ²	厲
119155	é³Į	鳌
119156	å³Ń	峭
119157	åĳĽ	呛
119159	é§Ĳ	駐
119160	éģ·	遷
119161	ä¿ª	俪
119162	æĢĤ	怂
119163	è¾į	辍
119164	å±į	屍
119165	åĭģ	勁
119166	å¥ļ	奚
119167	éļħ	隅
119168	éĴ´	钴
119169	è¼Ŀ	輝
119170	å®¦	宦
119171	èĲĥ	萃
119172	çĺĭ	瘋
119173	æĨ¶	憶
119174	æĤħ	悅
119175	è¾Ļ	辙
119176	åĳľ	呜
119177	çłº	砺
119178	éĢŀ	逞
119179	æµļ	浚
119180	éĸ£	閣
119181	èĸ©	薩
119182	éĻĭ	陋
119183	çĤĻ	炙
119184	èªķ	誕
119185	ä¸Ł	丟
119186	é¹½	鹽
119187	ç±Į	籌
119188	è´°	贰
119189	éĭª	鋪
119190	çľ©	眩
119191	æĴĲ	撐
119192	èĨº	膺
119193	éŀĺ	鞘
119194	ç¾²	羲
119195	çª®	窮
119196	ç´Ĳ	紐
119197	æ®´	殴
119198	çº¾	纾
119199	èºį	躍
119200	ç´ĭ	紋
119201	çĦĸ	焖
119202	çĶº	町
119203	çī½	牽
119204	çĤ¯	炯
119205	ç¼Ķ	缔
119206	æ¯ĵ	毓
119207	å¬°	嬰
119208	æ¢§	梧
119209	äºŁ	亟
119210	è¢ħ	袅
119211	çįĦ	獄
119212	è¿¥	迥
119213	æ¼¾	漾
119214	çĿĳ	睑
119215	ç¸¾	績
119216	é¦ĭ	馋
119217	é¤ħ	餅
119218	æ¹Ħ	湄
119219	æĺĩ	昇
119220	æŀŃ	枭
119221	èĸ°	薰
119222	æŁĳ	柑
119223	æ¦»	榻
119224	åĻĹ	噗
119225	åĻ´	噴
119226	æ££	棣
119227	åĶ§	唧
119228	çĨ¹	熹
119229	è¼¯	輯
119230	å¢Ł	墟
119231	é²²	鲲
119232	æĪĽ	戛
119233	èī¦	艦
119234	èĬ®	芮
119235	åĺŁ	嘟
119236	å¸¥	帥
119237	å¿»	忻
119238	çĮĿ	猝
119239	å¯µ	寵
119240	è³¦	賦
119241	èĽ¾	蛾
119242	æ»¾	滾
119243	çĤķ	炕
119244	éĵ¬	铬
119245	èĴ¿	蒿
119246	éĴ¨	钨
119247	çĥĻ	烙
119248	ç²ķ	粕
119249	æĥ¦	惦
119250	æº§	溧
119251	é¢į	颍
119252	éħ£	酣
119253	å³¦	峦
119254	ç±ģ	籁
119255	çĥĥ	烃
119256	åĨĹ	冗
119257	åıģ	叁
119258	çĽ§	盧
119259	ç½µ	罵
119260	éĴĹ	钗
119261	å¬ī	嬉
119262	è°ı	谏
119263	ç³§	糧
119264	è¾Ń	辭
119265	æ·¬	淬
119266	èŁĴ	蟒
119267	è¯©	诩
119268	è¦ĥ	覃
119269	çĻĸ	癖
119270	é½Ĵ	齒
119271	çĪĲ	爐
119272	ç®į	箍
119273	ç¼İ	缎
119274	ç£º	磺
119275	è¯«	诫
119276	è¤²	褲
119277	æĵł	擠
119278	èĲ¦	萦
119279	çĿ¬	睬
119280	è°į	谍
119281	éĦ°	鄰
119282	æł¾	栾
119283	é¡ı	顏
119284	ç¸±	縱
119285	æ¡¨	桨
119286	éĨ¬	醬
119287	è¥²	襲
119288	è®ª	讪
119289	å©º	婺
119290	èįŁ	荟
119291	åĮĿ	匝
119292	çĨł	熠
119293	èĽĬ	蛊
119294	æ¸ļ	渚
119295	å´½	崽
119296	é²¤	鲤
119297	åķ°	啰
119298	åĮķ	匕
119299	ä¸Ĳ	丐
119300	è®¥	讥
119301	åı½	叽
119302	åı¼	叼
119303	çļ¿	皿
119304	è¿Ĥ	迂
119305	åĲĨ	吆
119306	å±¹	屹
119307	èĩ¼	臼
119308	è®¹	讹
119309	é©®	驮
119310	çº«	纫
119311	æ±ŀ	汞
119312	æĬ¡	抡
119313	èĭĩ	苇
119314	åĲł	吠
119315	åĲŃ	吭
119316	åĲ®	吮
119317	å²ĸ	岖
119318	ä½ĥ	佃
119319	çĭĪ	狈
119320	åºĩ	庇
119321	åĲĿ	吝
119322	éĹ°	闰
119323	æ±¹	汹
119324	å¿±	忱
119325	æĭĦ	拄
119326	æĭĹ	拗
119327	èĮī	茉
119328	èĭĽ	苛
119329	èĮģ	茁
119330	çŁ¾	矾
119331	èĻı	虏
119332	åĳ»	呻
119333	åĴĦ	咄
119334	å¿¿	忿
119335	èĤ®	肮
119336	çĭŀ	狞
119337	çĸŁ	疟
119338	çĸĻ	疙
119339	çĸļ	疚
119340	æ³ŀ	泞
119341	å¸ļ	帚
119342	å±ī	屉
119343	è¿¢	迢
119344	é©¹	驹
119345	çİ·	玷
119350	æĮİ	挎
119351	æĭ´	拴
119352	åŀĽ	垛
119353	èį¤	荤
119354	æ®ĥ	殃
119355	çĽ¹	盹
119356	åĵĨ	哆
119357	è´»	贻
119358	æ¯¡	毡
119359	çĭ°	狰
119360	çĭ¡	狡
119361	æŁĴ	柒
119362	æģĥ	恃
119363	è¯¬	诬
119364	è¢Ħ	袄
119365	è¯²	诲
119366	èļ¤	蚤
119367	èĢĻ	耙
119368	åŁĤ	埂
119369	æįİ	捎
119370	æįĮ	捌
119371	æ¢Ĩ	梆
119372	éħĮ	酌
119373	çł¾	砾
119374	æ®ī	殉
119375	åĶł	唠
119376	æĻĮ	晌
119377	èļ£	蚣
119378	èļª	蚪
119379	èļĵ	蚓
119380	é¸¯	鸯
119381	åĶģ	唁
119382	åĶĨ	唆
119383	åĢĶ	倔
119384	èĪĢ	舀
119385	è±º	豺
119386	èĥ°	胰
119387	é¸µ	鸵
119388	é¸³	鸳
119389	é¦ģ	馁
119390	ç¾Ķ	羔
119391	æ¶£	涣
119392	æ¶ķ	涕
119393	æĤ¯	悯
119394	è¯½	诽
119395	è°Ĩ	谆
119396	ç¥Ł	祟
119397	ç»¢	绢
119398	æįº	捺
119399	æį¶	捶
119400	æį»	捻
119401	æİĤ	掂
119402	èıł	菠
119403	èĲ¤	萤
119404	éħĹ	酗
119405	çľ¶	眶
119406	åķĦ	啄
119407	èļ¯	蚯
119408	èĽĢ	蛀
119409	åĶ¬	唬
119410	å¸·	帷
119411	éĵĲ	铐
119412	éĵĽ	铛
119413	åģİ	偎
119414	å¾Ļ	徙
119415	èĦ¯	脯
119416	è±ļ	豚
119417	çĮĸ	猖
119418	çĹĬ	痊
119419	æ¶®	涮
119420	æĥŃ	惭
119421	æĤ´	悴
119422	æĥĭ	惋
119423	è°ļ	谚
119424	æı©	揩
119425	æĲĢ	搀
119426	æĲĶ	搔
119427	æ¦Ķ	榔
119428	æ¤Ń	椭
119429	éĽ³	雳
119430	åĸ³	喳
119431	è·Ľ	跛
119432	èľĵ	蜓
119433	èľĴ	蜒
119434	é¹ĥ	鹃
119435	éĶĦ	锄
119436	çĶ¥	甥
119437	çŃı	筏
119438	çĮ©	猩
119439	çĮ¬	猬
119440	çĮ¾	猾
119441	çĹ¢	痢
119442	çĹª	痪
119443	æĥ°	惰
119444	çªĺ	窘
119445	è°¤	谤
119446	éļĺ	隘
119447	å©¿	婿
119448	é¹ī	鹉
119449	çĳĻ	瑙
119450	æĸŁ	斟
119451	æ¤¿	椿
119452	éħª	酪
119453	éĽ¹	雹
119454	åĹ¦	嗦
119455	è··	跷
119456	è·º	跺
119457	è·¤	跤
119458	èľĪ	蜈
119459	èľĹ	蜗
119460	å¹Į	幌
119461	é¦ı	馏
119462	èªĬ	誊
119463	æ¼ĵ	漓
119464	è¤Ĥ	褂
119465	èĶĹ	蔗
119466	èĶ¼	蔼
119467	åħ¢	兢
119468	è£³	裳
119469	èľ»	蜻
119470	èĿĩ	蝇
119471	åĺĢ	嘀
119472	éĶ¹	锹
119473	ç®ķ	箕
119474	ç®©	箩
119475	çĺ©	瘩
119476	çĺŁ	瘟
119477	æ¼±	漱
119478	å¯¥	寥
119479	éª¡	骡
119480	æĴµ	撵
119481	æĴ¬	撬
119482	è±Į	豌
119483	åĺ¹	嘹
119484	èĿł	蝠
119485	èĿĮ	蝌
119486	èĿĹ	蝗
119487	èĿĻ	蝙
119488	éķĲ	镐
119489	ç¨¼	稼
119490	ç¯ĵ	篓
119491	èĨĽ	膛
119492	é²«	鲫
119493	çĺª	瘪
119494	é²¨	鲨
119495	æĨĶ	憔
119496	ç¿©	翩
119497	è¤¥	褥
119498	ç¼Ń	缭
119499	åĻ©	噩
119500	çĵ¢	瓢
119501	éľİ	霎
119502	è¸±	踱
119503	è¹Ĥ	蹂
119504	èŁĨ	蟆
119505	é¹¦	鹦
119506	ç¯¡	篡
119507	çĺ¸	瘸
119508	çª¿	窿
119509	ç¼°	缰
119510	èĹĲ	藐
119511	è¹ĭ	蹋
119512	èŁĭ	蟋
119513	èŁĢ	蟀
119514	èµ¡	赡
119515	èĩĬ	臊
119516	é³Ħ	鳄
119517	ç³ł	糠
119518	æĩ¦	懦
119519	åļ£	嚣
119520	éķ°	镰
119521	é³į	鳍
119522	ç°¸	簸
119523	çĻ£	癣
119524	é³ĸ	鳖
119525	é¬ĵ	鬓
119526	èłķ	蠕
119527	éľ¹	霹
119528	èºı	躏
119529	é»¯	黯
119530	çĵ¤	瓤
119531	çŁĹ	矗
119532	ä¹Ĥ	乂
119533	ä¹ľ	乜
119534	åħĢ	兀
119535	å¼ĭ	弋
119536	åŃĳ	孑
119537	åŃĵ	孓
119538	å¹º	幺
119539	äºĵ	亓
119540	å»¿	廿
119541	ä¸ı	丏
119542	åįħ	卅
119543	ä»ĥ	仃
119544	ä»ī	仉
119545	ä»Ĥ	仂
119546	åĪĪ	刈
119547	çĪ»	爻
119548	åįŀ	卞
119549	éĹ©	闩
119550	è®£	讣
119551	å¤¬	夬
119552	çĪ¿	爿
119553	æ¯ĭ	毋
119554	éĤĹ	邗
119555	éĤĽ	邛
119556	èī½	艽
119557	èī¿	艿
119558	åıµ	叵
119559	ä¸ķ	丕
119560	åĮľ	匜
119561	åĬ¢	劢
119562	åįŁ	卟
119563	åı±	叱
119564	åı»	叻
119565	ä»¨	仨
119566	ä»Ł	仟
119567	ä»¡	仡
119568	ä»«	仫
119569	ä»ŀ	仞
119570	åį®	卮
119571	æ°Ĳ	氐
119572	çĬ°	犰
119573	åĪį	刍
119574	éĤĿ	邝
119575	éĤĻ	邙
119576	è®¦	讦
119577	è®§	讧
119578	è®«	讫
119579	å°»	尻
119580	éĺ¡	阡
119581	å°ķ	尕
119582	å¼ģ	弁
119583	èĢĴ	耒
119584	çİİ	玎
119585	çİĳ	玑
119586	åľ¬	圬
119587	æī¦	扦
119588	åľª	圪
119589	åľ¹	圹
119590	æīª	扪
119591	åľ®	圮
119592	åľ¯	圯
119593	èĬĬ	芊
119594	èĬį	芍
119595	èĬĦ	芄
119596	èĬ¨	芨
119597	èĬĳ	芑
119598	èĬİ	芎
119599	èĬĹ	芗
119600	äºĺ	亘
119601	åİį	厍
119602	å¤¼	夼
119603	æĪį	戍
119604	å°¥	尥
119605	ä¹©	乩
119606	æĹ¯	旯
119607	æĽ³	曳
119608	å²Į	岌
119609	å±º	屺
119610	åĩ¼	凼
119611	åĽ¡	囡
119612	éĴĩ	钇
119613	ç¼¶	缶
119614	æ°ĺ	氘
119615	æ°ĸ	氖
119616	çīĿ	牝
119617	ä¼İ	伎
119618	ä¼Ľ	伛
119619	ä¼¢	伢
119620	ä½¤	佤
119621	ä»µ	仵
119622	ä¼¥	伥
119623	ä¼§	伧
119624	ä¼ī	伉
119625	ä¼«	伫
119626	åĽŁ	囟
119627	æ±Ĩ	汆
119628	åĪĸ	刖
119629	å¤Ļ	夙
119630	æĹ®	旮
119631	åĪİ	刎
119632	çĬ·	犷
119633	çĬ¸	犸
119634	èĪĽ	舛
119635	åĩ«	凫
119636	éĤ¬	邬
119637	é¥§	饧
119638	æ±Ķ	汔
119639	æ±ľ	汜
119640	æ±Ĭ	汊
119641	å¿ĸ	忖
119642	å¿ı	忏
119643	è®´	讴
119644	è®µ	讵
119645	è®·	讷
119646	èģ¿	聿
119647	èī®	艮
119648	åİ¾	厾
119649	å¦ģ	妁
119650	çº¡	纡
119651	çº£	纣
119652	çº¥	纥
119653	çº¨	纨
119654	çİķ	玕
119655	çİĻ	玙
119656	æĬŁ	抟
119657	æĬĶ	抔
119658	åľ»	圻
119659	åĿį	坍
119660	æĬĥ	抃
119661	ã§Ĳ	㧐
119662	èĬ«	芫
119663	èĬ¾	芾
119664	èĭĪ	苈
119665	èĭ£	苣
119666	èĭĭ	苋
119667	èĬ¼	芼
119668	èĭĮ	苌
119669	èĭģ	苁
119670	èĬ©	芩
119671	èĬª	芪
119672	èĬ¡	芡
119673	èĬŁ	芟
119674	èĭĦ	苄
119675	èĭİ	苎
119676	èĭ¡	苡
119677	æĿĮ	杌
119678	æĿĵ	杓
119679	æĿĪ	杈
119680	å¿ĳ	忑
119681	åŃĽ	孛
119682	éĤ´	邴
119683	éĤ³	邳
119684	å¥ģ	奁
119685	è±ķ	豕
119686	å¿Ĵ	忒
119687	æ¬¤	欤
119688	è½«	轫
119689	è¿ĵ	迓
119690	éĤ¶	邶
119691	å¿Ĳ	忐
119692	åį£	卣
119693	éĤº	邺
119694	æĹ°	旰
119695	åĳĭ	呋
119696	åĳĴ	呒
119697	åĳĵ	呓
119698	åĳĶ	呔
119699	åĳĸ	呖
119700	æĹ¸	旸
119701	åĲ¡	吡
119702	èĻ¬	虬
119703	åĲ½	吽
119704	åĲ£	吣
119705	åĲ²	吲
119706	å¸ı	帏
119707	å²Ī	岈
119708	å²ĺ	岘
119709	åħķ	兕
119710	åĽµ	囵
119711	åĽ«	囫
119712	éĴĬ	钊
119713	éĴĭ	钋
119714	éĴĮ	钌
119715	è¿ķ	迕
119716	æ°Ļ	氙
119717	æ°ļ	氚
119718	çī¤	牤
119719	ä½ŀ	佞
119720	ä½ļ	佚
119721	ä½Ŀ	佝
119722	ä½Ĺ	佗
119723	å½·	彷
119724	ä½ĺ	佘
119725	ä½¥	佥
119726	è±¸	豸
119727	åĿĮ	坌
119728	èĤŁ	肟
119729	å¥Ĥ	奂
119730	åĬ¬	劬
119731	çĭģ	狁
119732	é¸ł	鸠
119733	é¥¨	饨
119734	é¥©	饩
119735	é¥«	饫
119736	é¥¬	饬
119737	åºĳ	庑
119738	åºĭ	庋
119739	çĸĶ	疔
119740	çĸĸ	疖
119741	èĤĵ	肓
119742	éĹ±	闱
119743	éĹ³	闳
119744	çĤĢ	炀
119745	æ²£	沣
119746	æ²ħ	沅
119747	æ²Ķ	沔
119748	æ²¤	沤
119749	æ²ı	沏
119750	æ²ļ	沚
119751	æ±©	汩
119752	æ±¨	汨
119753	æ²¨	沨
119754	æ±´	汴
119755	æ²Ĩ	沆
119756	æ²©	沩
119757	æ³Ĳ	泐
119758	æĢĥ	怃
119759	æĢĦ	怄
119760	å¿¡	忡
119761	å¿¤	忤
119762	å¿¾	忾
119763	æĢħ	怅
119764	å¿ª	忪
119765	æĢĨ	怆
119766	å¿Ń	忭
119767	å¿¸	忸
119768	è¯Ĥ	诂
119769	è¯ĥ	诃
119770	è¯ħ	诅
119771	è¯ĭ	诋
119772	è¯Į	诌
119773	è¯Ĵ	诒
119774	éĻĤ	陂
119775	éĻī	陉
119776	å¦©	妩
119777	å¦ª	妪
119778	å¦£	妣
119779	å¦Ĺ	妗
119780	å¦«	妫
119781	å§Ĵ	姒
119782	å¦¤	妤
119783	åĬŃ	劭
119784	åĪŃ	刭
119785	éĤ°	邰
119786	çºŃ	纭
119787	çº°	纰
119788	çº´	纴
119789	çİ¡	玡
119790	çİŃ	玭
119791	çİł	玠
119792	çİ¢	玢
119793	çİ¦	玦
119794	çĽĤ	盂
119795	å¿Ŀ	忝
119796	åĮ¦	匦
119797	åĿ©	坩
119798	æĬ¨	抨
119799	æĭ¤	拤
119800	åĿ«	坫
119801	æĭĪ	拈
119802	åŀĨ	垆
119803	æĬ»	抻
119804	åĬ¼	劼
119805	æĭĥ	拃
119806	æĭĬ	拊
119807	åĿ¼	坼
119808	åĿ»	坻
119809	ã§Ł	㧟
119810	åĿ¨	坨
119811	åĿŃ	坭
119812	æĬ¿	抿
119813	åĿ³	坳
119814	èĭ·	苷
119815	èĭ¤	苤
119816	èĮı	茏
119817	èĭ«	苫
119818	èĭľ	苜
119819	èĭ´	苴
119820	èĭĴ	苒
119821	èĭĺ	苘
119822	èĮĮ	茌
119823	èĭ»	苻
119824	èĭĵ	苓
119825	èĮļ	茚
119826	èĮĨ	茆
119827	èĮĳ	茑
119828	èĮĵ	茓
119829	èĮĶ	茔
119830	èĮķ	茕
119831	èĮĢ	茀
119832	èĭķ	苕
119833	æŀ¥	枥
119834	æŀĩ	枇
119835	æĿª	杪
119836	æĿ³	杳
119837	æŀ§	枧
119838	æĿµ	杵
119839	æŀ¨	枨
119840	æŀŀ	枞
119841	æŀĭ	枋
119842	æĿ»	杻
119843	æĿ·	杷
119844	æĿ¼	杼
119845	çŁ¸	矸
119846	çłĢ	砀
119847	åĪ³	刳
119848	å¥Ħ	奄
119849	æ®ģ	殁
119850	éĥı	郏
119851	è½Ń	轭
119852	éĥħ	郅
119853	é¸¢	鸢
119854	çĽ±	盱
119855	æĺĻ	昙
119856	æĿ²	杲
119857	æĺĥ	昃
119858	åĴĤ	咂
119859	åĳ¸	呸
119860	æĺĢ	昀
119861	æĹ»	旻
119862	æĺī	昉
119863	çĤħ	炅
119864	çķĢ	畀
119865	èĻ®	虮
119866	åĴĢ	咀
119867	åĳ·	呷
119868	é»¾	黾
119869	åĳ±	呱
119870	åĳ¤	呤
119871	åĴĨ	咆
119872	åĴĽ	咛
119873	åĳ¶	呶
119874	åĳ£	呣
119875	åĴĿ	咝
119876	å²¢	岢
119877	å²¿	岿
119878	å²¬	岬
119879	å²«	岫
119880	å¸Ļ	帙
119881	å²£	岣
119882	å³ģ	峁
119883	åĪ¿	刿
119884	å²·	岷
119885	åīĢ	剀
119886	å¸Ķ	帔
119887	å³Ħ	峄
119888	æ²ĵ	沓
119889	åĽ¹	囹
119890	ç½Ķ	罔
119891	éĴį	钍
119892	éĴİ	钎
119893	éĴı	钏
119894	éĴĴ	钒
119895	éĴķ	钕
119896	éĤ¾	邾
119897	è¿®	迮
119898	çī¦	牦
119899	ç«º	竺
119900	è¿¤	迤
119901	ä½¶	佶
119902	ä¾ĳ	侑
119903	ä¾ī	侉
119904	èĩ¾	臾
119905	ä¾Ĺ	侗
119906	ä¾ı	侏
119907	ä¾©	侩
119908	ä½»	佻
119909	ä½¾	佾
119910	ä¾ª	侪
119911	ä½¼	佼
119912	ä½¯	佯
119913	ä¾¬	侬
119914	å¸Ľ	帛
119915	ä¾Ķ	侔
119916	å¾Ĥ	徂
119917	åĪ½	刽
119918	éĥĦ	郄
119919	ç±´	籴
119920	çĵ®	瓮
119921	æĪĹ	戗
119922	èĤ¼	肼
119923	äıĿ	䏝
119924	èĤ±	肱
119925	èĤ«	肫
119926	è¿©	迩
119927	éĥĩ	郇
119928	çĭİ	狎
119929	çĭį	狍
119930	çĭĴ	狒
119931	åĴİ	咎
119932	é¥¯	饯
119933	é¥´	饴
119934	åĨ½	冽
119935	åĨ¼	冼
119936	åºĸ	庖
119937	çĸł	疠
119938	çĸĿ	疝
119939	åħĸ	兖
119940	åĬ¾	劾
119943	çĤĺ	炘
119944	çĤĿ	炝
119945	çĤĶ	炔
119946	æ³Ķ	泔
119947	æ²Ń	沭
119948	æ³·	泷
119949	æ³±	泱
119950	æ³ħ	泅
119951	æ³ł	泠
119952	æ³º	泺
119953	æ³ĸ	泖
119954	æ³«	泫
119955	æ³®	泮
119956	æ²±	沱
119957	æ³¯	泯
119958	æĢĻ	怙
119959	æĢµ	怵
119960	æĢ¦	怦
119961	æĢĽ	怛
119962	æĢı	怏
119963	æĢį	怍
119965	ã¤ĺ	㤘
119966	æĢ©	怩
119967	æĢ«	怫
119968	æĢ¿	怿
119969	å®ķ	宕
119970	ç©¹	穹
119971	å®ĵ	宓
119972	è¯ĵ	诓
119973	è¯Ķ	诔
119974	è¯ĸ	诖
119975	è¯ĺ	诘
119976	æĪ¾	戾
119977	è¯Ļ	诙
119978	æĪ½	戽
119979	éĥĵ	郓
119980	è¡©	衩
119981	ç¥Ĩ	祆
119982	ç¥İ	祎
119983	ç¥ĩ	祇
119984	è¯ľ	诜
119985	è¯Ł	诟
119986	è¯£	诣
119987	è¯¤	诤
119988	è¯§	诧
119989	è¯¨	诨
119990	æĪķ	戕
119991	éĻĶ	陔
119992	å¦²	妲
119993	å¦¯	妯
119994	å§Ĺ	姗
119995	å¸ĳ	帑
119996	åŃ¥	孥
119997	é©½	驽
119998	èĻ±	虱
119999	è¿¨	迨
120000	ç»Ģ	绀
120001	ç»ģ	绁
120002	ç»Ĥ	绂
120003	é©·	驷
120004	é©¸	驸
120005	ç»ī	绉
120006	ç»Į	绌
120007	éªĢ	骀
120008	çĶ¾	甾
120009	çıı	珏
120010	çıĲ	珐
120011	çıĳ	珑
120012	çİ³	玳
120013	é¡¸	顸
120014	çıī	珉
120015	çıĪ	珈
120016	æĭ®	拮
120017	åŀŃ	垭
120018	æĮĿ	挝
120019	æĮŀ	挞
120020	åŀ¤	垤
120021	èµ³	赳
120022	è´²	贲
120023	åŀ±	垱
120024	åŀĮ	垌
120025	åŀ§	垧
120026	åŀĵ	垓
120027	æĮ¦	挦
120028	åŀł	垠
120029	èįļ	荚
120030	èįĳ	荑
120031	è´³	贳
120032	èįľ	荜
120033	èİĴ	莒
120034	èĮ¼	茼
120035	èĮ´	茴
120036	èĮ±	茱
120037	èİĽ	莛
120038	èįŀ	荞
120039	èĮ¯	茯
120040	èįı	荏
120041	èįĩ	荇
120042	èįĥ	荃
120043	èįł	荠
120044	èĮŃ	茭
120045	åŀ©	垩
120046	èį¥	荥
120047	èį¦	荦
120048	èį¨	荨
120049	èį©	荩
120050	åīĭ	剋
120051	èįª	荪
120052	èį¬	荬
120053	èį®	荮
120054	æŁ°	柰
120055	æłī	栉
120056	æŁĺ	柘
120057	æłĬ	栊
120058	æŁ©	柩
120059	æŀ°	枰
120060	æłĮ	栌
120061	æŁĻ	柙
120062	æŀµ	枵
120063	æŀ³	枳
120064	æŁŀ	柞
120065	æŁĿ	柝
120066	æłĢ	栀
120067	æŁ¢	柢
120068	æłİ	栎
120069	æŁĪ	柈
120070	æŁģ	柁
120071	æŀ·	枷
120072	æŁ½	柽
120073	åīĮ	剌
120074	éħĬ	酊
120075	éĥ¦	郦
120076	çĶŃ	甭
120077	çłĹ	砗
120078	çłĺ	砘
120079	çłĴ	砒
120080	æĸ«	斫
120081	çłŃ	砭
120082	çłľ	砜
120083	èĢ·	耷
120084	èĻº	虺
120085	æ®Ĥ	殂
120086	æ®ĩ	殇
120087	æ®Ħ	殄
120088	è½±	轱
120089	è½²	轲
120090	è½³	轳
120091	è½¶	轶
120092	è½¸	轸
120093	èĻ¿	虿
120094	æ¯ĸ	毖
120095	è§ĩ	觇
120096	å°ľ	尜
120097	åĵĲ	哐
120098	çľĦ	眄
120099	çľį	眍
120102	éĥ¢	郢
120103	çľĩ	眇
120104	çľĬ	眊
120105	çľĪ	眈
120106	ç¦º	禺
120107	åĵĤ	哂
120108	åĴ´	咴
120109	æĽ·	曷
120110	æĺ´	昴
120111	åĴ¦	咦
120112	åĵĵ	哓
120113	åĵĶ	哔
120114	çķİ	畎
120115	åĳ²	呲
120116	èĥĦ	胄
120117	çķĭ	畋
120118	çķĪ	畈
120119	èĻ¼	虼
120120	èĻ»	虻
120121	çĽħ	盅
120122	åĴ£	咣
120123	åĵķ	哕
120124	åīĲ	剐
120125	éĥ§	郧
120126	åĴ»	咻
120127	åĽ¿	囿
120128	åĴ¿	咿
120129	åĵĮ	哌
120130	åĵĻ	哙
120131	åĵļ	哚
120132	åĴ©	咩
120133	åĴ¤	咤
120134	åĵĿ	哝
120135	åĵı	哏
120136	åĵŀ	哞
120137	å³£	峣
120138	ç½ĺ	罘
120139	å³Ĵ	峒
120140	å³¤	峤
120141	å³ĭ	峋
120142	è´¶	贶
120143	éĴļ	钚
120144	éĴ¡	钡
120145	éĴ£	钣
120146	éĴ¤	钤
120147	éĴ«	钫
120148	æ°¡	氡
120149	çī¯	牯
120150	éĥľ	郜
120151	ç§ķ	秕
120152	ç§Ń	秭
120153	ç«½	竽
120154	ç¬Ī	笈
120155	ä¿¦	俦
120156	ä¿¨	俨
120157	ä¿ħ	俅
120158	åıŁ	叟
120159	åŀ¡	垡
120160	çī®	牮
120161	ä¿£	俣
120162	ä¿ļ	俚
120163	çļĪ	皈
120164	ä¿Ł	俟
120165	éĢħ	逅
120166	å¾ĩ	徇
120167	å¾ī	徉
120168	èĪ¢	舢
120169	éĥĹ	郗
120170	ä¿İ	俎
120171	éĥ¤	郤
120172	çĪ°	爰
120173	éĥĽ	郛
120174	çĵ´	瓴
120175	èĥ¨	胨
120176	èĥª	胪
120177	èĥĽ	胛
120178	èĥĤ	胂
120179	èĥĻ	胙
120180	èĥį	胍
120181	èĥĹ	胗
120182	èĥĿ	胝
120183	æľĲ	朐
120184	èĥ«	胫
120185	é¸¨	鸨
120186	åĮį	匍
120187	çĭ¨	狨
120188	çĭ¯	狯
120189	é£ĳ	飑
120190	çĭ©	狩
120191	çĭ²	狲
120192	è¨ĩ	訇
120193	éĢĦ	逄
120194	æĺĿ	昝
120195	é¥·	饷
120196	é¥¸	饸
120197	é¥¹	饹
120198	åŃª	孪
120199	å¨Ī	娈
120200	åº¥	庥
120201	çĸ¬	疬
120202	çĸ£	疣
120203	çĸ¥	疥
120204	çĸŃ	疭
120205	åºł	庠
120206	ç«ĳ	竑
120207	é£Ĵ	飒
120208	éĹ¼	闼
120209	éĹ¾	闾
120210	éĹ¿	闿
120211	éĺĤ	阂
120212	ç¾ĳ	羑
120213	è¿¸	迸
120214	ç±¼	籼
120215	éħĭ	酋
120216	çĤ»	炻
120217	çĥĢ	烀
120218	çĤ·	炷
120219	æ´±	洱
120220	æ´¹	洹
120221	æ´§	洧
120222	æ´Į	洌
120223	æµĥ	浃
120224	æ´ĩ	洇
120225	æ´Ħ	洄
120226	æ´Ļ	洙
120227	æ¶İ	涎
120228	æ´İ	洎
120229	æ´«	洫
120230	æµį	浍
120231	æ´®	洮
120232	æ´µ	洵
120233	æµĴ	浒
120234	æµĶ	浔
120235	æµķ	浕
120236	æ´³	洳
120237	æģ¸	恸
120238	æģĵ	恓
120239	æģ¹	恹
120240	æģ«	恫
120241	æģ»	恻
120242	æģĤ	恂
120243	æģª	恪
120244	æģ½	恽
120245	å®¥	宥
120246	æīĥ	扃
120247	è¡²	衲
120248	è¡½	衽
120249	è¡¿	衿
120250	è¢Ĥ	袂
120251	ç¥ľ	祜
120252	ç¥ĵ	祓
120253	ç¥ļ	祚
120254	è¯®	诮
120255	ç¥Ĺ	祗
120256	ç¥¢	祢
120257	è¯°	诰
120258	è¯³	诳
120259	é¸©	鸩
120260	æĺ¶	昶
120261	åĴ«	咫
120262	å¼Ń	弭
120263	çīģ	牁
120264	èĥ¥	胥
120265	éĻŁ	陟
120266	å§®	姮
120267	å¨Ĩ	娆
120268	å§Ŀ	姝
120269	å§£	姣
120270	å§ĺ	姘
120271	å§¹	姹
120272	ç¾¿	羿
120273	çĤ±	炱
120274	çŁľ	矜
120275	ç»Ķ	绔
120276	éªģ	骁
120277	éªħ	骅
120278	ç»Ĺ	绗
120279	ç»Ľ	绛
120280	éªĪ	骈
120281	èĢĸ	耖
120282	æĮĪ	挈
120283	çı¥	珥
120284	çıĻ	珙
120285	é¡¼	顼
120286	çı°	珰
120287	çı©	珩
120288	çı§	珧
120289	çı£	珣
120290	çıŀ	珞
120291	çĲ¤	琤
120292	çı²	珲
120293	æģļ	恚
120294	åŁķ	埕
120295	åŁĺ	埘
120296	åŁĻ	埙
120297	åŁļ	埚
120298	æĮ¹	挹
120299	èĢĨ	耆
120300	èĢĦ	耄
120301	åŁĴ	埒
120302	æįĭ	捋
120303	è´½	贽
120304	åŀ¸	垸
120305	æįĥ	捃
120306	çĽį	盍
120307	èį¸	荸
120308	èİ³	莳
120309	èİ´	莴
120310	èİª	莪
120311	èİł	莠
120312	èİľ	莜
120313	èİħ	莅
120314	èį¼	荼
120315	èİ©	莩
120316	èį½	荽
120317	èİ¸	莸
120318	èį»	荻
120319	èİ¨	莨
120320	é¸ª	鸪
120321	èİ¼	莼
120322	æł²	栲
120323	æł³	栳
120324	æ¡¡	桡
120325	æ¡İ	桎
120326	æ¡¢	桢
120327	æ¡¤	桤
120328	æ¢ĥ	梃
120329	æłĿ	栝
120330	æ¡ķ	桕
120331	æ¡ģ	桁
120332	æ¡§	桧
120333	æ¡ħ	桅
120334	æłŁ	栟
120335	æ¡ī	桉
120336	æł©	栩
120337	éĢĳ	逑
120338	éĢĭ	逋
120339	å½§	彧
120340	é¬²	鬲
120341	è±ĩ	豇
120342	éħĲ	酐
120343	éĢ¦	逦
120344	åİĿ	厝
120345	åŃ¬	孬
120346	çłĿ	砝
120347	çł¹	砹
120348	çł§	砧
120349	çł·	砷
120350	çłŁ	砟
120351	çł¼	砼
120352	çł¥	砥
120353	çł£	砣
120354	åīŀ	剞
120355	çł»	砻
120356	è½¼	轼
120357	è½¾	轾
120358	è¾Ĥ	辂
120359	é¸«	鸫
120360	è¶¸	趸
120361	é¾Ģ	龀
120362	é¸¬	鸬
120363	èĻĶ	虔
120364	çľ¬	眬
120365	åĶĽ	唛
120366	çľĻ	眙
120367	åĵ§	哧
120368	åĵ½	哽
120369	æĻģ	晁
120370	é¸®	鸮
120371	è¶µ	趵
120372	è¶¿	趿
120373	çķĽ	畛
120374	èļ¨	蚨
120375	èļľ	蚜
120376	èļį	蚍
120377	èļĭ	蚋
120378	èļ¬	蚬
120379	èļĿ	蚝
120380	èļ§	蚧
120381	åĶ¢	唢
120382	åľĦ	圄
120383	åĶ£	唣
120384	åĶı	唏
120385	çĽİ	盎
120386	åĶĳ	唑
120387	å´Ĥ	崂
120388	å´ĥ	崃
120389	ç½¡	罡
120390	ç½Ł	罟
120391	è§Ĭ	觊
120392	èµħ	赅
120393	éĴ²	钲
120394	éĴµ	钵
120395	éĴ¹	钹
120396	éĴº	钺
120397	éĴ½	钽
120398	éĴ¼	钼
120399	éĴ¿	钿
120400	éĵĢ	铀
120401	éĵĦ	铄
120402	éĵĨ	铆
120403	éĵĪ	铈
120404	éĵī	铉
120405	éĵĬ	铊
120406	éĵĭ	铋
120407	éĵĮ	铌
120408	éĵį	铍
120410	ä¥½	䥽
120411	éĵİ	铎
120412	æ°©	氩
120413	æ°¤	氤
120414	æ°¦	氦
120415	æ¯ª	毪
120416	èĪĲ	舐
120417	ç§£	秣
120418	ç§«	秫
120419	çĽī	盉
120420	ç¬Ħ	笄
120421	ç¬ķ	笕
120422	ç¬Ĭ	笊
120423	ç¬ı	笏
120424	ç¬Ĩ	笆
120425	ä¿¸	俸
120426	ä¿µ	俵
120427	åģĮ	偌
120428	ä¿³	俳
120429	ä¿¶	俶
120430	åĢ¬	倬
120431	åĢı	倏
120432	æģģ	恁
120433	åĢŃ	倭
120434	ä¿¾	俾
120435	åĢľ	倜
120436	éļ¼	隼
120437	éļ½	隽
120438	åĢĮ	倌
120439	åĢ¥	倥
120440	èĩ¬	臬
120441	éĥ«	郫
120442	åĢ¨	倨
120443	è¡Ħ	衄
120444	é¢Ģ	颀
120445	å¾ķ	徕
120446	èĪ«	舫
120447	è¡¾	衾
120448	èĥ¯	胯
120449	èĥ±	胱
120450	èĥ´	胴
120451	èĥŃ	胭
120452	èĦį	脍
120453	èĥ¼	胼
120454	èĦĴ	脒
120455	é¸±	鸱
120456	é¸²	鸲
120457	çĭ·	狷
120458	çĮģ	猁
120459	çĭ³	狳
120460	çĮĥ	猃
120461	çĭº	狺
120462	éĢĸ	逖
120463	æ¡Ģ	桀
120464	é¥½	饽
120465	åĩĩ	凇
120466	æĮĽ	挛
120467	äº³	亳
120468	çĸ³	疳
120469	çĸ´	疴
120470	çĸ¸	疸
120471	çĸ½	疽
120472	çĹĪ	痈
120473	çĸ±	疱
120474	çĹĤ	痂
120475	çĹī	痉
120476	è¡®	衮
120477	é¢ĥ	颃
120478	æģ£	恣
120479	æĹĨ	旆
120480	æĹĦ	旄
120481	æĹĥ	旃
120482	éĺĥ	阃
120483	éĺĦ	阄
120484	è¨ļ	訚
120485	éĺĨ	阆
120486	æģĻ	恙
120487	ç²ĳ	粑
120488	çĥľ	烜
120489	çĥ©	烩
120490	çĥĬ	烊
120491	åī¡	剡
120492	éĥ¯	郯
120493	çĥ¬	烬
120494	æ¶ĳ	涑
120495	æµ¯	浯
120496	æ¶ŀ	涞
120497	æ¶Ł	涟
120498	å¨ĳ	娑
120499	æ¶ł	涠
120500	æµŀ	浞
120501	æ¶ĵ	涓
120502	æµ¥	浥
120503	æ¶Ķ	涔
120504	æµľ	浜
120505	æµł	浠
120506	æµ£	浣
120507	æĤļ	悚
120508	æĤŃ	悭
120509	æĤĿ	悝
120510	æĤĴ	悒
120511	æĤĮ	悌
120512	æĤĽ	悛
120513	çªĪ	窈
120514	åīľ	剜
120515	è¯¹	诹
120516	è¯¼	诼
120517	è¢Ĵ	袒
120518	è¢¢	袢
120519	è¯¿	诿
120520	è°Ģ	谀
120521	è°Ĥ	谂
120522	è°Ħ	谄
120523	è°ĩ	谇
120524	å±Ĳ	屐
120525	å±Ļ	屙
120526	éĻ¬	陬
120527	åĭĲ	勐
120528	å¥ĺ	奘
120529	çīĤ	牂
120530	èļ©	蚩
120531	éĻ²	陲
120532	å¨Į	娌
120533	å¨ī	娉
120534	å¨²	娲
120535	å¨´	娴
120536	å¨£	娣
120537	å¨ĵ	娓
120538	å©Ģ	婀
120539	çķļ	畚
120540	éĢ¡	逡
120541	ç»ł	绠
120542	éªĬ	骊
120543	ç»¡	绡
120544	éªĭ	骋
120545	ç»¦	绦
120546	ç»¨	绨
120547	éªİ	骎
120548	éĤķ	邕
120549	é¸¶	鸶
120550	å½Ĺ	彗
120551	èĢľ	耜
120552	çĦĺ	焘
120553	èĪĤ	舂
120554	çĲı	琏
120555	çĲĩ	琇
120556	éº¸	麸
120557	æı¶	揶
120558	åŁ´	埴
120559	åŁ¯	埯
120560	æį¯	捯
120561	æİ³	掳
120562	æİ´	掴
120563	åŁ¸	埸
120564	åŁµ	埵
120565	èµ§	赧
120566	åŁ¤	埤
120567	æįŃ	捭
120568	éĢµ	逵
120569	åŁĿ	埝
120570	åłĭ	堋
120571	åłį	堍
120572	æİ¬	掬
120573	é¸·	鸷
120574	æį½	捽
120575	æİĬ	掊
120576	åłī	堉
120577	æİ¸	掸
120578	æį©	捩
120579	æİ®	掮
120580	æĤ«	悫
120581	åŁŃ	埭
120582	åŁ½	埽
120583	æİĩ	掇
120584	æİ¼	掼
120585	èģĥ	聃
120586	èĲģ	萁
120587	èıĺ	菘
120588	åłĩ	堇
120589	èĲĺ	萘
120590	èĲĭ	萋
120591	èı½	菽
120592	èıĸ	菖
120593	èĲľ	萜
120594	èĲ¸	萸
120595	èĲĳ	萑
120596	æ£»	棻
120597	èıĶ	菔
120598	èıŁ	菟
120599	èĲı	萏
120600	èı¹	菹
120601	èıª	菪
120602	èıħ	菅
120603	èıĢ	菀
120604	èı°	菰
120605	èı¡	菡
120606	æ¢¿	梿
120607	æ¢ı	梏
120608	è§ĭ	觋
120609	æ¡´	桴
120610	æ¡·	桷
120611	æ£ģ	棁
120612	æ¡«	桫
120613	æ£Ĥ	棂
120614	åķ¬	啬
120615	éĥ¾	郾
120616	æķķ	敕
120617	è±ī	豉
120618	éĦĦ	鄄
120619	éħŀ	酞
120620	ç¡İ	硎
120621	ç¡Ń	硭
120622	ç¡ĸ	硖
120623	ç¡Ĺ	硗
120624	ç¡Ĳ	硐
120625	ç¡ĩ	硇
120626	ç¡Į	硌
120627	é¸¸	鸸
120628	çĵł	瓠
120629	åĮı	匏
120630	åİ©	厩
120631	æ®Ĵ	殒
120632	æ®ĵ	殓
120633	æ®į	殍
120634	èµī	赉
120635	éĽ©	雩
120636	è¾Ħ	辄
120637	åłĳ	堑
120638	çľŃ	眭
120639	çľ¦	眦
120640	åķ§	啧
120641	æĻ¡	晡
120642	æĻ¤	晤
120643	çľµ	眵
120644	åľĬ	圊
120645	åĸı	喏
120646	åķī	啉
120647	åĭĸ	勖
120648	æĻŀ	晞
120649	åĶµ	唵
120650	æĻĹ	晗
120651	åķŃ	啭
120652	çķ¦	畦
120653	è¶º	趺
120654	åķ®	啮
120655	è·Ħ	跄
120656	èļ¶	蚶
120657	èĽĦ	蛄
120658	èĽİ	蛎
120659	èĽĨ	蛆
120660	èļ°	蚰
120661	åľī	圉
120662	èļ±	蚱
120663	èĽī	蛉
120664	èĽı	蛏
120665	èļ´	蚴
120666	åķģ	啁
120667	åķķ	啕
120668	åĶ¿	唿
120669	åķĲ	啐
120670	åĶ¼	唼
120671	åĶ·	唷
120672	åķĸ	啖
120673	åķµ	啵
120674	åķ¶	啶
120675	åķ·	啷
120676	åĶ³	唳
120677	åĶ°	唰
120678	åķľ	啜
120679	å¸»	帻
120680	å´ļ	崚
120681	å´¦	崦
120682	å¸¼	帼
120683	å´®	崮
120684	å´¤	崤
120685	å´Ĩ	崆
120686	èµĩ	赇
120687	èµĪ	赈
120688	èµĬ	赊
120689	éĵĳ	铑
120690	éĵĴ	铒
120691	éĵĹ	铗
120692	éĵĻ	铙
120693	éĵŁ	铟
120694	éĵ¡	铡
120695	éĵ¢	铢
120696	éĵ£	铣
120697	éĵ¤	铤
120698	éĵ§	铧
120699	éĵ¨	铨
120700	éĵ©	铩
120701	éĵª	铪
120702	éĵ«	铫
120703	éĵ¯	铯
120704	éĵ°	铰
120705	éĵ±	铱
120706	éĵ³	铳
120707	éĵµ	铵
120708	éĵ·	铷
120709	çī¾	牾
120710	é¸¹	鸹
120711	ç§¾	秾
120712	éĢ¶	逶
120713	ç¬º	笺
120714	çŃĩ	筇
120715	ç¬¸	笸
120716	ç¬ª	笪
120717	ç¬®	笮
120718	ç¬ł	笠
120719	ç¬¥	笥
120720	ç¬¤	笤
120721	ç¬³	笳
120722	ç¬¾	笾
120723	ç¬ŀ	笞
120724	åģ¾	偾
120725	åģĥ	偃
120726	åģķ	偕
120727	åģĪ	偈
120728	åĤĢ	傀
120729	åģ¬	偬
120730	åģ»	偻
120731	çļĳ	皑
120732	çļİ	皎
120733	é¸»	鸻
120734	å¾ľ	徜
120735	èĪ¸	舸
120736	èĪ»	舻
120737	èĪ´	舴
120738	èĪ·	舷
120739	é¾Ľ	龛
120740	ç¿İ	翎
120741	èĦ¬	脬
120742	èĦĺ	脘
120743	èĦ²	脲
120744	åĮĲ	匐
120745	çĮĹ	猗
120746	çĮ¡	猡
120747	çĮŀ	猞
120748	æĸĽ	斛
120749	çĮķ	猕
120750	é¦Ĺ	馗
120751	é¦ĥ	馃
120752	é¦Ħ	馄
120753	é¸¾	鸾
120754	åº¹	庹
120755	åº¾	庾
120756	çĹĶ	痔
120757	çĹį	痍
120758	ç¿Ĭ	翊
120759	æĹĮ	旌
120760	æĹİ	旎
120761	è¢¤	袤
120762	éĺĩ	阇
120763	éĺĪ	阈
120764	éĺī	阉
120765	éĺĬ	阊
120766	éĺĭ	阋
120767	éĺį	阍
120768	éĺı	阏
120769	ç¾Ł	羟
120770	ç²Ŀ	粝
120771	çĦĲ	焐
120772	çĦĵ	焓
120773	çĦĹ	焗
120774	æ·ħ	淅
120775	æ·ŀ	淞
120776	æ¸İ	渎
120777	æ¶¿	涿
120778	æ·ĸ	淖
120779	æĮ²	挲
120780	æ·ł	淠
120781	æ¶¸	涸
120782	æ¸ĳ	渑
120783	æ·¦	淦
120784	æ·Ŀ	淝
120785	æ¶ª	涪
120786	æ·Ļ	淙
120787	æ¶«	涫
120788	æ¸Į	渌
120789	æĤ»	悻
120790	æĤ±	悱
120791	æĥĿ	惝
120792	æĥĺ	惘
120793	æĥĨ	惆
120794	æĥļ	惚
120795	æĥĩ	惇
120796	æĥ®	惮
120797	çªķ	窕
120798	è°Į	谌
120799	æīĪ	扈
120800	çļ²	皲
120801	è°ĳ	谑
120802	è£Ĩ	裆
120803	è¢·	袷
120804	è£ī	裉
120805	è°Ĵ	谒
120806	è°Ķ	谔
120807	è°ķ	谕
120808	è°ĸ	谖
120809	è°Ĺ	谗
120810	è°Ļ	谙
120811	è°Ŀ	谝
120812	éĢ¯	逯
120813	éĥ¿	郿
120814	éļĪ	隈
120815	ç²ľ	粜
120816	éļį	隍
120817	éļĹ	隗
120818	å©Ĭ	婊
120819	å¨¼	娼
120820	å©¢	婢
120821	å©µ	婵
120822	èĥ¬	胬
120823	è¢Ī	袈
120824	ç¿Į	翌
120825	æģ¿	恿
120826	æ¬¸	欸
120827	ç»«	绫
120828	éªĲ	骐
120829	ç»¯	绯
120830	ç»±	绱
120831	éªĴ	骒
120832	ç»²	绲
120833	éªĵ	骓
120834	ç»¶	绶
120835	ç»º	绺
120836	ç»»	绻
120837	ç»¾	绾
120838	éªĸ	骖
120839	ç¼ģ	缁
120840	èĢł	耠
120841	çĲ«	琫
120842	çĲµ	琵
120843	çĲ¶	琶
120844	çĲ¥	琥
120845	çĲ¨	琨
120846	çĲ°	琰
120847	çĲ®	琮
120848	çĲ¯	琯
120849	çĲ¬	琬
120850	çĲļ	琚
120851	è¾ĩ	辇
120852	é¼ĭ	鼋
120853	æı³	揳
120854	åłŀ	堞
120855	æĲ½	搽
120856	æı¸	揸
120857	æıł	揠
120858	åłĻ	堙
120859	è¶Ħ	趄
120860	æıĸ	揖
120861	é¢ī	颉
120862	å¡Ħ	塄
120863	æı¿	揿
120864	èĢĭ	耋
120865	æıĦ	揄
120866	èĽ©	蛩
120867	èĽ°	蛰
120868	å¡Ĩ	塆
120869	æĳĴ	摒
120870	æıĨ	揆
120871	æİ¾	掾
120872	èģĴ	聒
120873	èĳĳ	葑
120874	èĳļ	葚
120875	éĿ°	靰
120876	éĿ¸	靸
120877	èĳ³	葳
120878	èĳº	葺
120879	èĳ¸	葸
120880	èĲ¼	萼
120881	èĳ¶	葶
120882	èĴĮ	蒌
120883	èĳŃ	葭
120884	æ¥®	楮
120885	æ£¼	棼
120886	æ¤Ł	椟
120887	æ£¹	棹
120888	æ¤¤	椤
120889	æ£°	棰
120890	èµį	赍
120891	æ¤ĭ	椋
120892	æ¤ģ	椁
120893	æ¤ª	椪
120894	æ¤Ĳ	椐
120895	é¹ģ	鹁
120896	éħ¤	酤
120897	éħ¢	酢
120898	éħ¡	酡
120899	é¹Ĥ	鹂
120900	æ®ļ	殚
120901	æ®Ľ	殛
120902	éĽ±	雱
120903	è¾ĭ	辋
120904	æ¤ł	椠
120905	è¾İ	辎
120906	çĿĦ	睄
120907	çĿĩ	睇
120908	çĿĥ	睃
120909	æĪ¢	戢
120910	åĸĭ	喋
120911	åĹĴ	嗒
120912	åĸĥ	喃
120913	åĸ±	喱
120914	åĸ¹	喹
120915	æĻ·	晷
120916	åĸĪ	喈
120917	è·ĸ	跖
120918	è·Ĺ	跗
120919	è·ŀ	跞
120920	è·ļ	跚
120921	è·İ	跎
120922	è·ı	跏
120923	è·Ĩ	跆
120924	èĽ±	蛱
120925	èĽ²	蛲
120926	èĽŃ	蛭
120927	èĽ³	蛳
120928	èĽĲ	蛐
120929	èĽĶ	蛔
120930	èĽŀ	蛞
120931	èĽ´	蛴
120932	èĽĺ	蛘
120933	åĸģ	喁
120934	åĸŁ	喟
120935	åķ¾	啾
120936	åĹĸ	嗖
120937	åĸĳ	喑
120938	åĹŁ	嗟
120939	åĹŀ	嗞
120940	åĸĻ	喙
120941	åµĺ	嵘
120942	åµĸ	嵖
120943	å´´	崴
120944	éģĦ	遄
120945	è©Ī	詈
120946	åµİ	嵎
120947	åµ¬	嵬
120948	åµĽ	嵛
120949	åµ¯	嵯
120950	åµĿ	嵝
120951	åµ«	嵫
120952	å¹Ħ	幄
120953	åµĭ	嵋
120954	èµķ	赕
120955	éĵ»	铻
120956	éĵ¼	铼
120957	éĵ¿	铿
120958	éĶĥ	锃
120959	éĶĨ	锆
120960	éĶĩ	锇
120961	éĶī	锉
120962	éĶı	锏
120963	éĶĳ	锑
120964	éĶĴ	锒
120965	éĶĶ	锔
120966	éĶķ	锕
120967	æİ£	掣
120968	çŁ¬	矬
120969	æ°°	氰
120970	æ¯³	毳
120971	æ¯½	毽
120972	çĬĬ	犊
120973	çĬĦ	犄
120974	çĬĭ	犋
120975	é¹Ħ	鹄
120976	çĬį	犍
120977	åµĩ	嵇
120978	é»į	黍
120979	ç¨ĥ	稃
120980	ç¨Ĥ	稂
120981	çŃļ	筚
120982	çŃµ	筵
120983	çŃĮ	筌
120984	åĤ£	傣
120985	åĤĪ	傈
120986	èĪĦ	舄
120987	çīį	牍
120988	åĤ¥	傥
120989	åĤ§	傧
120990	éģĳ	遑
120991	åĤ©	傩
120992	å¾¨	徨
120993	åªŃ	媭
120994	çķ²	畲
120995	å¼ĳ	弑
120996	ç¿ķ	翕
120997	é¹Ĩ	鹆
120998	èħĪ	腈
120999	èħĵ	腓
121000	èħĨ	腆
121001	èħ´	腴
121002	èħļ	腚
121003	èħ±	腱
121004	é±¿	鱿
121005	é²Ģ	鲀
121006	é²Ĥ	鲂
121007	çĮ¢	猢
121008	çĮ¹	猹
121009	çĮ¥	猥
121010	é£ĵ	飓
121011	è§ŀ	觞
121012	è§ļ	觚
121013	çĮ±	猱
121014	é¢İ	颎
121015	é£§	飧
121016	é¦ĩ	馇
121017	é¦Ĭ	馊
121018	äºµ	亵
121019	èĦĶ	脔
121020	è£Ĵ	裒
121021	çĹ£	痣
121022	çĹ¨	痨
121023	çĹ¦	痦
121024	çĹŀ	痞
121025	çĹ¤	痤
121026	çĹ§	痧
121027	èµĵ	赓
121028	ç«¦	竦
121029	çĵ¿	瓿
121030	åķ»	啻
121031	é¢ı	颏
121032	é¹ĩ	鹇
121033	éĺĳ	阑
121034	éĺĴ	阒
121035	éĺķ	阕
121036	ç²ŀ	粞
121037	éģĴ	遒
121038	åŃ³	孳
121039	çĦ¯	焯
121040	çĦľ	焜
121041	çĦ±	焱
121042	é¹Ī	鹈
121043	æ¸«	渫
121044	æ¹®	湮
121045	æ¹İ	湎
121046	æ¹ľ	湜
121047	æ¹į	湍
121048	æ¹«	湫
121049	æº²	溲
121050	æ¹Ł	湟
121051	æºĨ	溆
121052	æ¹²	湲
121053	æ¹Ķ	湔
121054	æ¹ī	湉
121055	æ¸¥	渥
121056	æ»ģ	滁
121057	æĦł	愠
121058	æĥº	惺
121059	æĦ¦	愦
121060	æĥ´	惴
121061	æĦĢ	愀
121062	æĦİ	愎
121063	æĦĶ	愔
121064	åĸ¾	喾
121065	å¯Ĳ	寐
121066	è°Ł	谟
121067	è£¢	裢
121068	è£İ	裎
121069	è£¥	裥
121070	ç¥¾	祾
121071	è°ł	谠
121072	è°¡	谡
121073	è°¥	谥
121074	è°§	谧
121075	åŃ±	孱
121076	å¼¼	弼
121077	å·½	巽
121078	éªĺ	骘
121079	åªª	媪
121080	å·¯	巯
121081	ç¿ļ	翚
121082	çļ´	皴
121083	éªĽ	骛
121084	ç¼Ĥ	缂
121085	ç¼ĥ	缃
121086	ç¼Ħ	缄
121087	å½ĺ	彘
121088	ç¼ĩ	缇
121089	ç¼Ī	缈
121090	ç¼Į	缌
121091	ç¼ĳ	缑
121092	ç¼Ĵ	缒
121093	ç¼Ĺ	缗
121094	é£¨	飨
121095	èĢ¢	耢
121096	çĳģ	瑁
121097	çĳĹ	瑗
121098	çĳĦ	瑄
121099	éģ¨	遨
121100	éªľ	骜
121101	éŁ«	韫
121102	é«¡	髡
121103	å¡¬	塬
121104	éĦ¢	鄢
121105	è¶Ķ	趔
121106	è¶ĳ	趑
121107	æĳħ	摅
121108	æĳģ	摁
121109	èľĩ	蜇
121110	æĲĭ	搋
121111	æĲª	搪
121112	æĲĲ	搐
121113	æĲĽ	搛
121114	æĲł	搠
121115	æĳĪ	摈
121116	å½Ģ	彀
121117	æ¯Ĥ	毂
121118	æĲ¦	搦
121119	æĲ¡	搡
121120	èĵģ	蓁
121121	æĪ¡	戡
121122	èĵį	蓍
121123	éĦŀ	鄞
121124	èĵĲ	蓐
121125	èĵ¦	蓦
121126	é¹ĭ	鹋
121127	èĴ½	蒽
121128	èĵĸ	蓖
121129	èĵĬ	蓊
121130	èĴ¯	蒯
121131	èĵŁ	蓟
121132	èĵĳ	蓑
121133	èĴº	蒺
121134	èĵł	蓠
121135	èĴŁ	蒟
121136	èĴ¡	蒡
121137	èĴ¹	蒹
121138	èĴ´	蒴
121139	èĴĹ	蒗
121140	èĵ¥	蓥
121141	æ¥Ķ	楔
121142	æ¥Ĥ	楂
121143	æ¥Ŀ	楝
121144	æ¥«	楫
121145	æ¥¸	楸
121146	æ¤´	椴
121147	æ§Į	槌
121148	æ¥¯	楯
121149	çļĻ	皙
121150	æ¦Ī	榈
121151	æ§İ	槎
121152	æ¦ī	榉
121153	æ¥¦	楦
121154	æ¥£	楣
121155	æ¥¹	楹
121156	æ¤½	椽
121157	åī½	剽
121158	éħ©	酩
121159	èľĥ	蜃
121160	ç¢Ľ	碛
121161	ç¢ĵ	碓
121162	ç¡¼	硼
121163	ç¢ī	碉
121164	ç¢ļ	碚
121165	ç¢ĩ	碇
121166	ç¢ľ	碜
121167	é¹Į	鹌
121168	è¾ı	辏
121169	é¾ĥ	龃
121170	é¾ħ	龅
121171	è¨¾	訾
121172	ç²²	粲
121173	çĿļ	睚
121174	åĹª	嗪
121175	éŁª	韪
121176	åĹ·	嗷
121177	åĹī	嗉
121178	çĿ¨	睨
121179	çĿ¢	睢
121180	éĽİ	雎
121181	çĿ¥	睥
121182	åĹĳ	嗑
121183	åĹ«	嗫
121184	åĹ¬	嗬
121185	åĹĶ	嗔
121186	åĹĿ	嗝
121187	æĪ¥	戥
121188	åĹĦ	嗄
121189	çħ¦	煦
121190	æļĦ	暄
121191	éģ¢	遢
121192	æļĮ	暌
121193	è·¬	跬
121194	è·¶	跶
121195	è·¸	跸
121196	è·Ĳ	跐
121197	è·£	跣
121198	è·¹	跹
121199	èĽ¸	蛸
121200	èľĬ	蜊
121201	èľį	蜍
121202	èľī	蜉
121203	èľ£	蜣
121204	çķ¹	畹
121205	èĽ¹	蛹
121206	åĹ¥	嗥
121207	åĹ²	嗲
121208	åĹ³	嗳
121209	åĹĮ	嗌
121210	åĹį	嗍
121211	åĹĲ	嗐
121212	åĹ¤	嗤
121213	åĹµ	嗵
121214	ç½¨	罨
121215	åµĬ	嵊
121216	åµ´	嵴
121217	éª°	骰
121218	éĶĹ	锗
121219	éĶĽ	锛
121220	éĶľ	锜
121221	éĶĿ	锝
121222	éĶŀ	锞
121223	éĶŁ	锟
121224	éĶ¢	锢
121225	éĶ¨	锨
121226	éĶ©	锩
121227	éĶŃ	锭
121228	éĶ±	锱
121229	éĽī	雉
121230	æ°²	氲
121231	çĬı	犏
121232	æŃĥ	歃
121233	ç¨ŀ	稞
121234	ç¨Ĺ	稗
121235	ç¨Ķ	稔
121236	çŃł	筠
121237	çŃ¢	筢
121238	çŃ®	筮
121239	çŃ²	筲
121240	çīĴ	牒
121241	æķ«	敫
121242	å¾Ń	徭
121243	æĦĨ	愆
121244	èīĦ	艄
121245	è§İ	觎
121246	æ¯¹	毹
121247	è²Ĭ	貊
121248	è²ħ	貅
121249	è²ī	貉
121250	é¢Ķ	颔
121251	èħł	腠
121252	èħ©	腩
121253	èħ¼	腼
121254	èħŃ	腭
121255	èħ§	腧
121256	å¡į	塍
121257	åªµ	媵
121258	é²ħ	鲅
121259	é²Ĩ	鲆
121260	é²ĩ	鲇
121261	é²Ī	鲈
121262	é²ĭ	鲋
121263	é²Ĳ	鲐
121264	èĤĦ	肄
121265	é¹Ĳ	鹐
121266	é£ķ	飕
121267	è§¥	觥
121268	éģĽ	遛
121269	é¦Ĳ	馐
121270	é¹ĳ	鹑
121271	äº¶	亶
121272	çĺĥ	瘃
121273	çĹ±	痱
121274	çĹ¼	痼
121275	çĹ¿	痿
121276	çĺĲ	瘐
121277	çĺģ	瘁
121278	çĺĨ	瘆
121279	éºĤ	麂
121280	æŃĨ	歆
121281	æĹĴ	旒
121282	éĺĸ	阖
121283	éĺĹ	阗
121284	ç¾§	羧
121285	è±¢	豢
121286	ç²³	粳
121287	çĮ·	猷
121288	çħ³	煳
121289	çħ¨	煨
121290	çħħ	煅
121291	çħĬ	煊
121292	çħ¸	煸
121293	çħº	煺
121294	æ»Ł	滟
121295	æº±	溱
121296	æºĺ	溘
121297	æ¼Ń	漭
121298	æ»¢	滢
121299	æº¥	溥
121300	æº½	溽
121301	è£Ł	裟
121302	æº»	溻
121303	æº·	溷
121304	æ»Ĺ	滗
121305	æ»«	滫
121306	æº´	溴
121307	æ»ı	滏
121308	æ»ĥ	滃
121309	æ»¦	滦
121310	æºı	溏
121311	æ»Ĥ	滂
121312	æ»ĵ	滓
121313	æºŁ	溟
121314	æ»ª	滪
121315	æĦ«	愫
121316	æħĬ	慊
121317	é²İ	鲎
121318	éªŀ	骞
121319	çªł	窠
121320	çª£	窣
121321	è£±	裱
121322	è£¨	裨
121323	è£¾	裾
121324	è£°	裰
121325	ç¦Ĭ	禊
121326	è°©	谩
121327	è°ª	谪
121328	åª¾	媾
121329	å««	嫫
121330	åª²	媲
121331	å«Ĵ	嫒
121332	å«Ķ	嫔
121333	åª¸	媸
121334	ç¼Ļ	缙
121335	ç¼ľ	缜
121336	ç¼Ľ	缛
121337	è¾Ķ	辔
121338	éªĿ	骝
121339	ç¼Ł	缟
121340	ç¼¡	缡
121341	ç¼¢	缢
121342	ç¼£	缣
121343	éªŁ	骟
121344	èĢ¥	耥
121345	çĴĪ	璈
121346	çĳŃ	瑭
121347	çįĴ	獒
121348	è§ı	觏
121349	æħĿ	慝
121350	å«ł	嫠
121351	åıĨ	叆
121352	æĳ½	摽
121353	å¢ģ	墁
121354	æĴĤ	撂
121355	æĳŀ	摞
121356	æĴĦ	撄
121357	ç¿¥	翥
121358	è¸ħ	踅
121359	æĳŃ	摭
121360	å¢ī	墉
121361	å¢Ĵ	墒
121362	æ¦ĸ	榖
121363	ç¶¦	綦
121364	èĶ«	蔫
121365	èĶ·	蔷
121366	éĿº	靺
121367	éĿ¼	靼
121368	éŀħ	鞅
121369	éĿ¿	靿
121370	çĶį	甍
121371	èĶ¸	蔸
121372	èĶŁ	蔟
121373	èĶº	蔺
121374	æĪ¬	戬
121375	èķĸ	蕖
121376	èĶ»	蔻
121377	èĵ¿	蓿
121378	æĸ¡	斡
121379	é¹ķ	鹕
121380	èĵ¼	蓼
121381	æ¦Ľ	榛
121382	æ¦§	榧
121383	æ¦«	榫
121384	æ¦Ń	榭
121385	æ§Ķ	槔
121386	æ¦±	榱
121387	æ§ģ	槁
121388	æ§ł	槠
121389	æ¦·	榷
121390	åĥ°	僰
121391	éħ½	酽
121392	éħ¹	酹
121393	ç¢¡	碡
121394	ç¢´	碴
121395	ç¢£	碣
121396	ç¢²	碲
121397	èĩ§	臧
121398	è±¨	豨
121399	æ®¡	殡
121400	éľģ	霁
121401	èľļ	蜚
121402	é¾ĩ	龇
121403	é¾Ī	龈
121405	äģĸ	䁖
121406	çĿ½	睽
121407	åĺŀ	嘞
121408	åĺĪ	嘈
121409	åĺĮ	嘌
121410	åĺģ	嘁
121411	æļĿ	暝
121412	è¸Į	踌
121413	è¸ī	踉
121414	èľŀ	蜞
121415	èľ¥	蜥
121416	èľ®	蜮
121417	èĿĪ	蝈
121418	èľ´	蜴
121419	èľ±	蜱
121420	èľ©	蜩
121421	èľ·	蜷
121422	èľ¿	蜿
121423	èŀĤ	螂
121424	èľ¢	蜢
121425	åĺ¡	嘡
121426	é¹Ĺ	鹗
121427	åĺ£	嘣
121428	åĺ¤	嘤
121429	åĺļ	嘚
121430	åĹ¾	嗾
121431	åĺ§	嘧
121432	ç½´	罴
121433	ç½±	罱
121434	å¹Ķ	幔
121435	å¶Ĥ	嶂
121436	å¹Ľ	幛
121437	èµĻ	赙
121438	ç½Ĥ	罂
121439	éª·	骷
121440	éª¶	骶
121441	é¹ĺ	鹘
121442	éĶ²	锲
121443	éĶ´	锴
121444	éĶ¶	锶
121445	éĶ·	锷
121446	éĶ¸	锸
121447	éĶµ	锵
121448	éķĤ	镂
121449	çĬĴ	犒
121450	ç®Ĳ	箐
121451	ç®¦	箦
121452	ç®§	箧
121453	ç®¸	箸
121454	ç®¬	箬
121455	ç®ħ	箅
121456	ç®ª	箪
121457	ç®ľ	箜
121458	ç®¢	箢
121459	ç®ĵ	箓
121460	åĥĸ	僖
121461	åĦĨ	儆
121462	åĥ³	僳
121463	åĥŃ	僭
121464	åĬģ	劁
121465	åĥ®	僮
121466	éŃĥ	魃
121467	éŃĨ	魆
121468	çĿ¾	睾
121469	èīĭ	艋
121470	éĦ±	鄱
121471	èĨĪ	膈
121472	èĨĳ	膑
121473	é²ĳ	鲑
121474	é²Ķ	鲔
121475	é²ļ	鲚
121476	é²Ľ	鲛
121477	é²Ł	鲟
121478	çįĲ	獐
121479	è§«	觫
121480	éĽĴ	雒
121481	å¤¤	夤
121482	é¦ĳ	馑
121483	éĬ®	銮
121484	å¡¾	塾
121485	çĺĮ	瘌
121486	çĺĬ	瘊
121487	çĺĺ	瘘
121488	çĺĻ	瘙
121489	æĹĸ	旖
121490	èĨĤ	膂
121491	éĺļ	阚
121492	éĦ¯	鄯
121493	é²ŀ	鲞
121494	ç²¿	粿
121495	ç²¼	粼
121496	ç³ģ	糁
121497	æ§Ĭ	槊
121498	é¹ļ	鹚
121499	çĨĺ	熘
121500	çĨ¥	熥
121501	æ½¢	潢
121502	æ¼ķ	漕
121503	æ»¹	滹
121504	æ¼¯	漯
121505	æ¼¶	漶
121506	æ½ĭ	潋
121507	æ½´	潴
121508	æ¼ª	漪
121509	æ¼ī	漉
121510	æ¼©	漩
121511	æ¾ī	澉
121512	æħµ	慵
121513	æĲ´	搴
121514	çª¨	窨
121515	å¯¤	寤
121516	ç¶®	綮
121517	è°®	谮
121518	è¤¡	褡
121519	è¤Ļ	褙
121520	è¤ĵ	褓
121521	è¤Ľ	褛
121522	è¤Ĭ	褊
121523	è°¯	谯
121524	è°°	谰
121525	è°²	谲
121526	å±£	屣
121527	é¹Ľ	鹛
121528	å«±	嫱
121529	å«ĸ	嫖
121530	å«¦	嫦
121531	å«ļ	嫚
121532	å«ĺ	嫘
121533	é¼Ĳ	鼐
121534	çŀĢ	瞀
121535	é¹ľ	鹜
121536	éªł	骠
121537	ç¼¥	缥
121538	ç¼¦	缦
121539	ç¼§	缧
121540	ç¼¨	缨
121541	éª¢	骢
121542	ç¼«	缫
121543	èĢ¦	耦
121544	èĢ§	耧
121545	çĴľ	璜
121546	çĴİ	璎
121547	çĴģ	璁
121548	å¥Ń	奭
121549	é«¯	髯
121550	é««	髫
121551	æĴ·	撷
121552	æĴħ	撅
121553	èµŃ	赭
121554	æĴ¸	撸
121555	éĭĨ	鋆
121556	æĴĻ	撙
121557	æĴº	撺
121558	å¢Ģ	墀
121559	èģ©	聩
121560	è§Ĳ	觐
121561	éŀĳ	鞑
121562	èķĻ	蕙
121563	éŀĴ	鞒
121564	èķĪ	蕈
121565	èķ¨	蕨
121566	èķ¤	蕤
121567	èķŀ	蕞
121568	èķº	蕺
121569	çŀ¢	瞢
121570	èķĥ	蕃
121571	èķ²	蕲
121572	èµľ	赜
121573	æ§¿	槿
121574	æ¨¯	樯
121575	æ§Ń	槭
121576	æ¨Ĺ	樗
121577	æ¨ĺ	樘
121578	æ§²	槲
121579	éĨĮ	醌
121580	éĨħ	醅
121581	éĿ¥	靥
121582	éŃĩ	魇
121583	é¤į	餍
121584	ç£Ķ	磔
121585	ç£Ļ	磙
121586	éľĪ	霈
121587	è¾ĺ	辘
121588	é¾ī	龉
121589	é¾Ĭ	龊
121590	è§ĳ	觑
121591	çŀĮ	瞌
121592	çŀĭ	瞋
121593	çŀĳ	瞑
121594	åĺŃ	嘭
121595	åĻİ	噎
121596	åĻ¶	噶
121597	é¢Ļ	颙
121598	æļ¹	暹
121599	åĻĺ	噘
121600	è¸Ķ	踔
121601	è¸Ŀ	踝
121602	è¸Ł	踟
121603	è¸Ĵ	踒
121604	è¸¬	踬
121605	è¸®	踮
121606	è¸¯	踯
121607	è¸º	踺
121608	è¸ŀ	踞
121609	èĿ½	蝽
121610	èĿ¾	蝾
121611	èĿ»	蝻
121612	èĿ°	蝰
121613	èĿ®	蝮
121614	èŀĭ	螋
121615	èĿĵ	蝓
121616	èĿ£	蝣
121617	èĿ¼	蝼
121618	åĺ¬	嘬
121619	é¢ļ	颚
121620	åĻį	噍
121621	åĻĻ	噙
121622	åĻĮ	噌
121623	åĻĶ	噔
121624	é¢Ľ	颛
121625	å¹ŀ	幞
121626	å¹¡	幡
121627	å¶Ļ	嶙
121628	å¶Ŀ	嶝
121629	éªº	骺
121630	éķĬ	镊
121631	éķī	镉
121632	éķĮ	镌
121633	éķı	镏
121634	éķĴ	镒
121635	éķĵ	镓
121636	éķĶ	镔
121637	ç¨·	稷
121638	ç®´	箴
121639	ç¯ĳ	篑
121640	ç¯ģ	篁
121641	ç¯Į	篌
121642	çīĸ	牖
121643	åĦĭ	儋
121644	èĻ¢	虢
121645	é¹ŀ	鹞
121646	èĨĺ	膘
121647	é²ł	鲠
121648	é²¡	鲡
121649	é²¢	鲢
121650	é²£	鲣
121651	é²¥	鲥
121652	é²§	鲧
121653	é²©	鲩
121654	çįĹ	獗
121655	çįł	獠
121656	è§¯	觯
121657	é¦ĵ	馓
121658	é¦Ķ	馔
121659	éº¾	麾
121660	å»Ľ	廛
121661	çĺĽ	瘛
121662	çĺ¼	瘼
121663	çĺ¢	瘢
121664	çĺł	瘠
121665	é½ĳ	齑
121666	ç¾°	羰
121669	ç³Į	糌
121670	ç³į	糍
121671	ç³ħ	糅
121672	çĨľ	熜
121673	çĨµ	熵
121674	æ¾į	澍
121675	æ¾Į	澌
121676	æ½¸	潸
121677	æ½¦	潦
121678	æ½²	潲
121679	éĭĪ	鋈
121680	æ½Ł	潟
121681	æ½º	潺
121682	å¯®	寮
121683	çª³	窳
121684	è°³	谳
121685	è¤´	褴
121686	è¤Ł	褟
121687	è¤«	褫
121688	è°µ	谵
121689	çĨ¨	熨
121690	å±¦	屦
121691	åĭ°	勰
121692	æĪ®	戮
121693	èĿ¥	蝥
121694	ç¼¬	缬
121695	ç¼®	缮
121696	ç¼¯	缯
121697	éª£	骣
121698	çķ¿	畿
121699	èĢ©	耩
121700	èĢ¨	耨
121701	èĢª	耪
121702	çĴŁ	璟
121703	éĿĽ	靛
121704	çĴł	璠
121705	çĴĺ	璘
121706	èģ±	聱
121707	èŀ¯	螯
121708	é«»	髻
121709	é«Ń	髭
121710	é«¹	髹
121711	æĵĢ	擀
121712	çĶı	甏
121713	æĵŀ	擞
121714	ç¸ł	縠
121715	ç£¬	磬
121716	é¢ŀ	颞
121717	èķ»	蕻
121718	é¢Ł	颟
121719	èĸ¤	薤
121720	èĸ¨	薨
121721	æªł	檠
121722	èĸı	薏
121723	èĸ®	薮
121724	èĸľ	薜
121725	èĸħ	薅
121726	æ¨¾	樾
121727	æ©Ľ	橛
121728	æ©ĩ	橇
121729	æ¨µ	樵
121730	æªİ	檎
121731	æ©¹	橹
121732	æ¨½	樽
121733	æ¨¨	樨
121734	æ©¼	橼
121735	å¢¼	墼
121736	æ©Ĳ	橐
121737	ç¿®	翮
121738	éĨĲ	醐
121739	éĨį	醍
121740	éĨļ	醚
121741	ç£²	磲
121742	èµĿ	赝
121743	æ®ª	殪
121744	éľı	霏
121745	éĮ¾	錾
121746	è¾ļ	辚
121747	éģ½	遽
121748	æ°ħ	氅
121749	çŀŁ	瞟
121750	çŀł	瞠
121751	çŀ°	瞰
121752	åļĦ	嚄
121753	åļĨ	嚆
121754	åĻ¤	噤
121755	æļ¾	暾
121756	è¹Ģ	蹀
121757	è¸µ	踵
121758	è¸½	踽
121759	è¹ī	蹉
121760	è¹ģ	蹁
121761	èŀ¨	螨
121762	èŀĪ	螈
121763	èŀħ	螅
121764	èŀŃ	螭
121765	èŀł	螠
121766	èŀŁ	螟
121767	åĻ±	噱
121768	åĻ«	噫
121769	åĻ»	噻
121770	åĻ¼	噼
121771	ç½¹	罹
121772	åľľ	圜
121774	ä¦ĥ	䦃
121775	éķĹ	镗
121776	éķĺ	镘
121777	éķļ	镚
121778	éķĽ	镛
121779	éķĿ	镝
121780	éķŀ	镞
121781	éķł	镠
121782	æ°ĩ	氇
121783	æ°Ĩ	氆
121784	ç©ĳ	穑
121785	ç¯Ŀ	篝
121786	ç¯¥	篥
121787	ç¯¦	篦
121788	ç¯ª	篪
121789	ç¯Ļ	篙
121790	çĽ¥	盥
121791	åĬĵ	劓
121792	ç¿±	翱
121793	éŃī	魉
121794	éŃĪ	魈
121795	å¾¼	徼
121796	æŃĻ	歙
121797	èĨ¦	膦
121798	èĨĻ	膙
121799	é²®	鲮
121800	é²±	鲱
121801	é²³	鲳
121802	é²´	鲴
121803	é²µ	鲵
121804	é²·	鲷
121805	é²»	鲻
121806	çį´	獴
121807	çįŃ	獭
121808	çį¬	獬
121809	éĤĤ	邂
121810	é¹§	鹧
121811	å»¨	廨
121812	èµŁ	赟
121813	çĺ°	瘰
121814	å»ª	廪
121815	çĺ¿	瘿
121816	çĺµ	瘵
121817	çĺ´	瘴
121818	çĻĥ	癃
121819	çĺ³	瘳
121820	éºĩ	麇
121821	éºĪ	麈
121822	å¬´	嬴
121823	å£ħ	壅
121824	ç³Ĺ	糗
121825	çĶĳ	甑
121826	çĩİ	燎
121827	çĩł	燠
121828	çĩĶ	燔
121829	çĩ§	燧
121830	æ¿ĳ	濑
121831	æ¿ī	濉
121832	æ½ŀ	潞
121833	æ¾§	澧
121834	æ¾¹	澹
121835	æ¾¥	澥
121836	æ¾¶	澶
121837	æ¿Ĥ	濂
121838	è¤°	褰
121839	çª¸	窸
121840	å¬ĸ	嬖
121841	çĬŁ	犟
121842	éļ°	隰
121843	å¬Ĺ	嬗
121844	é¢¡	颡
121845	ç¼±	缱
121846	ç¼²	缲
121847	ç¼³	缳
121848	çĴ©	璩
121849	çĴª	璪
121850	èŀ«	螫
121851	æĵ¤	擤
121852	å£ķ	壕
121853	è§³	觳
121854	ç½Ħ	罄
121855	æĵ¢	擢
121856	èĸ¹	薹
121857	éŀ¡	鞡
121858	éŀ¬	鞬
121859	èĸ·	薷
121860	èĹĵ	藓
121861	èĹģ	藁
121862	æªĦ	檄
121863	æª©	檩
121864	æĩĭ	懋
121865	éĨ¢	醢
121866	ç¿³	翳
121867	ç¤ħ	礅
121868	ç£´	磴
121869	é¹©	鹩
121870	é¾ĭ	龋
121871	é¾Į	龌
121872	è±³	豳
121873	å£ĳ	壑
121874	é»»	黻
121875	åļı	嚏
121876	åļħ	嚅
121877	è¹ĳ	蹑
121878	è¹Ĵ	蹒
121879	è¹Ĭ	蹊
121880	èŁ¥	蟥
121881	èŀ¬	螬
121882	èŀµ	螵
121883	çĸĥ	疃
121884	èŀ³	螳
121885	èŁĳ	蟑
121886	åļĵ	嚓
121887	ç½½	罽
121888	ç½¾	罾
121889	å¶·	嶷
121890	é»ľ	黜
121891	é»Ŀ	黝
121892	é«ģ	髁
121893	é«Ģ	髀
121894	éķ¡	镡
121895	éķ¢	镢
121896	éķ£	镣
121897	éķ¦	镦
121898	éķ§	镧
121899	éķ©	镩
121900	éķª	镪
121901	éķ«	镫
121902	ç½ħ	罅
121903	ç°Į	簌
121904	ç¯¾	篾
121905	ç¯¼	篼
121906	ç°ĸ	簖
121907	ç°ĭ	簋
121908	é¼¢	鼢
121909	åĦ¡	儡
121910	é¹ª	鹪
121911	é¼¾	鼾
121912	çļ¤	皤
121913	éŃį	魍
121914	é¾ł	龠
121915	ç¹ĩ	繇
121916	è²ĺ	貘
121917	éĤĪ	邈
121918	è²Ķ	貔
121919	èĩĮ	臌
121920	èĨ»	膻
121921	èĩĨ	臆
121922	èĩĥ	臃
121923	é²¼	鲼
121924	é²½	鲽
121925	é³Ģ	鳀
121926	é³ĥ	鳃
121927	é³ħ	鳅
121928	é³ĩ	鳇
121929	é³Ĭ	鳊
121930	èŀ½	螽
121931	çĩ®	燮
121932	é¹«	鹫
121933	ç³ľ	糜
121934	ç¸»	縻
121935	çĻį	癍
121936	éºĭ	麋
121937	æĩĳ	懑
121938	æ¿¡	濡
121939	æ¿®	濮
121940	æ¿ŀ	濞
121941	æ¿ł	濠
121942	æ¿¯	濯
121943	è¹ĩ	蹇
121944	è¬ĩ	謇
121945	éĤĥ	邃
121946	è¥ģ	襁
121947	æªĹ	檗
121948	æĵĺ	擘
121949	åŃº	孺
121950	éļ³	隳
121951	å¬·	嬷
121952	èŁĬ	蟊
121953	é¹¬	鹬
121954	éįª	鍪
121955	éıĬ	鏊
121956	é¬Ī	鬈
121957	é¬ĥ	鬃
121958	çŀ½	瞽
121959	éŀ¯	鞯
121960	éŀ¨	鞨
121961	éŀ«	鞫
121962	éŀ§	鞧
121963	éŀ£	鞣
121964	èĹľ	藜
121965	èĹł	藠
121966	éĨª	醪
121967	è¹Ļ	蹙
121968	ç¤ĵ	礓
121969	çĩ¹	燹
121970	é¤®	餮
121971	çŀ¿	瞿
121972	æĽĽ	曛
121973	é¢¢	颢
121974	èºĩ	躇
121975	è¹ļ	蹚
121976	èŁĽ	蟛
121977	èŁª	蟪
121978	èŁł	蟠
121979	èŁ®	蟮
121980	é¹®	鹮
121981	é»ł	黠
121982	é»Ł	黟
121983	é«ħ	髅
121984	é«Ĥ	髂
121985	éķ¬	镬
121986	éķŃ	镭
121987	éķ¯	镯
121988	é¦¥	馥
121989	ç°Ł	簟
121990	ç°ª	簪
121991	é¼¬	鼬
121992	éĽł	雠
121993	èīŁ	艟
121994	é³İ	鳎
121995	é³ı	鳏
121996	é³Ĳ	鳐
121997	çĻŀ	癞
121998	çĻĶ	癔
121999	ç³¨	糨
122000	è¹©	蹩
122001	éİı	鎏
122002	éĤĭ	邋
122003	é¬ı	鬏
122004	æĶī	攉
122005	éŀ²	鞲
122006	éŀ´	鞴
122007	èĹ¿	藿
122008	èĺ§	蘧
122009	èĺħ	蘅
122010	éĨ®	醮
122011	éĨ¯	醯
122012	éħĥ	酃
122013	éľª	霪
122014	éľŃ	霭
122015	éľ¨	霨
122016	é»¼	黼
122017	åļ¯	嚯
122018	è¹°	蹰
122019	è¹¶	蹶
122020	è¹½	蹽
122021	è¹¼	蹼
122022	è¹´	蹴
122023	è¹¾	蹾
122024	è¹¿	蹿
122025	èłĸ	蠖
122026	èłĵ	蠓
122027	èŁ¾	蟾
122028	èłĬ	蠊
122029	é»¢	黢
122030	é«ĭ	髋
122031	é«Į	髌
122032	éķ²	镲
122033	ç±Ģ	籀
122034	é½ģ	齁
122035	éŃĳ	魑
122036	èī¨	艨
122037	é³ĵ	鳓
122038	é³Ķ	鳔
122039	é³ķ	鳕
122040	é³Ĺ	鳗
122041	é³Ļ	鳙
122042	éıĸ	鏖
122043	ç¾¸	羸
122044	ã¸Ĩ	㸆
122045	çĢ£	瀣
122046	çĢĽ	瀛
122047	è¥¦	襦
122048	è°¶	谶
122049	è¥ŀ	襞
122050	éª¥	骥
122051	ç¼µ	缵
122052	çĵĴ	瓒
122053	æĶĺ	攘
122054	èĺ©	蘩
122055	èĺĸ	蘖
122056	éĨ´	醴
122057	éľ°	霰
122058	éħĨ	酆
122059	çŁį	矍
122060	èºħ	躅
122061	é¼į	鼍
122062	å·ī	巉
122063	é»©	黩
122064	é»¥	黥
122065	é»ª	黪
122066	éķ³	镳
122067	éķ´	镴
122068	é»§	黧
122069	çºĤ	纂
122070	çĴº	璺
122071	é¼¯	鼯
122072	èĩľ	臜
122073	é³ľ	鳜
122074	é³Ŀ	鳝
122075	é³Ł	鳟
122076	çį¾	獾
122077	åŃĢ	孀
122078	éª§	骧
122079	çĵĺ	瓘
122080	é¼Ļ	鼙
122081	éĨº	醺
122082	ç¤´	礴
122083	é¢¦	颦
122084	æĽ©	曩
122085	é³¢	鳢
122086	éºĿ	麝
122087	å¤Ķ	夔
122088	çĪĿ	爝
122089	çģı	灏
122090	ç¦³	禳
122091	éĲ¾	鐾
122092	ç¾¼	羼
122093	èł¡	蠡
122094	èĢ±	耱
122095	é¹³	鹳
122096	æ°į	氍
122097	é¥ķ	饕
122098	èºĲ	躐
122099	é«ĳ	髑
122100	éķµ	镵
122101	ç©°	穰
122102	é¥Ķ	饔
122103	é¬»	鬻
122104	é¬Ł	鬟
122105	è¶±	趱
122106	æĶ«	攫
122107	æĶ¥	攥
122108	é¢§	颧
122109	èºľ	躜
122110	é¼¹	鼹
122111	çĻ¯	癯
122112	èł²	蠲
122113	èł¹	蠹
122114	èºŀ	躞
122115	è¡¢	衢
122116	çģŀ	灞
122117	è¥»	襻
122118	çºĽ	纛
122119	é¬£	鬣
122120	æĶ®	攮
122121	åĽĶ	囔
122122	é¦ķ	馕
122123	æĪĨ	戆
122124	çĪ¨	爨
122125	é½ī	齉
122126	äºį	亍
122127	å°¢	尢
122128	å½³	彳
122129	åį¬	卬
122130	æ®³	殳
122132	æ¯Į	毌
122133	éĤĺ	邘
122134	æĪĭ	戋
122135	åľ¢	圢
122136	æ°ķ	氕
122137	ä¼ĭ	伋
122138	ä»Ŀ	仝
122139	åĨ®	冮
122140	æ°¿	氿
122141	æ±Ī	汈
122142	æ°¾	氾
122143	å¿ī	忉
122144	å®Ħ	宄
122146	è®±	讱
122147	æīŀ	扞
122148	åľ²	圲
122149	åľ«	圫
122150	èĬı	芏
122151	èĬĥ	芃
122152	æľ³	朳
122153	æľ¸	朸
122156	éĤ¨	邨
122157	åĲĴ	吒
122158	åĲĸ	吖
122159	å±¼	屼
122160	å±¾	屾
122161	è¾¿	辿
122162	éĴĨ	钆
122163	ä»³	仳
122164	ä¼£	伣
122165	ä¼Ī	伈
122166	çĻ¿	癿
122167	çĶª	甪
122168	éĤł	邠
122169	çĬ´	犴
122170	åĨ±	冱
122171	éĤ¡	邡
122173	æ±ĭ	汋
122175	äľ£	䜣
122176	è®»	讻
122178	åŃĸ	孖
122180	çº©	纩
122181	çİĴ	玒
122182	çİĵ	玓
122183	çİĺ	玘
122184	çİļ	玚
122185	åĪ¬	刬
122187	åĿľ	坜
122188	åĿī	坉
122189	æī½	扽
122191	åĿĭ	坋
122192	æīº	扺
122193	ã§ĳ	㧑
122194	æ¯Ĳ	毐
122195	èĬ°	芰
122196	èĬ£	芣
122197	èĭĬ	苊
122198	èĭī	苉
122199	èĬĺ	芘
122200	èĬ´	芴
122201	èĬł	芠
122204	èĬ¤	芤
122205	æĿķ	杕
122206	æĿĻ	杙
122207	æĿĦ	杄
122208	æĿ§	杧
122209	æĿ©	杩
122210	å°ª	尪
122211	å°¨	尨
122212	è½ª	轪
122214	åĿĴ	坒
122215	èĬĪ	芈
122216	æĹ´	旴
122217	æĹµ	旵
122218	åĳĻ	呙
122220	ãķ®	㕮
122221	å²į	岍
122224	å²ł	岠
122225	å²ľ	岜
122226	åĳĩ	呇
122227	åĨı	冏
122228	è§ĥ	觃
122229	å²Ļ	岙
122230	ä¼¾	伾
122231	ãĳĩ	㑇
122232	ä¼Ń	伭
122233	ä½ĸ	佖
122234	ä¼²	伲
122235	ä½ģ	佁
122236	é£ı	飏
122237	çĭĥ	狃
122238	éĹ¶	闶
122239	æ±§	汧
122240	æ±«	汫
122243	æ²Ħ	沄
122244	æ²ĺ	沘
122246	æ±Ń	汭
122247	ã³ĩ	㳇
122248	æ²ĩ	沇
122249	å¿®	忮
122250	å¿³	忳
122251	å¿º	忺
122253	ç¥ĥ	祃
122254	è¯ĩ	诇
122255	éĤ²	邲
122256	è¯İ	诎
122257	è¯Ĳ	诐
122258	å±ĥ	屃
122261	å²Ĭ	岊
122262	éĺ½	阽
122263	ä¢º	䢺
122264	éĺ¼	阼
122265	å¦§	妧
122266	å¦ĺ	妘
122269	çº®	纮
122270	é©²	驲
122272	çº»	纻
122275	çº¼	纼
122276	çİ¤	玤
122277	çİŀ	玞
122278	çİ±	玱
122279	çİŁ	玟
122280	éĤ½	邽
122281	éĤ¿	邿
122282	åĿ¥	坥
122283	åĿ°	坰
122284	åĿ¬	坬
122285	åĿ½	坽
122286	å¼Ĩ	弆
122287	èĢµ	耵
122288	ä¢¼	䢼
122291	èĮĭ	茋
122292	èĭ§	苧
122293	èĭ¾	苾
122294	èĭł	苠
122295	æŀħ	枅
122296	ãŃİ	㭎
122297	æŀĺ	枘
122298	æŀį	枍
122299	çŁ¼	矼
122300	çŁ»	矻
122301	åĮ¼	匼
122305	æĹ¿	旿
122306	æĺĦ	昄
122307	æĺĴ	昒
122308	æĺĪ	昈
122309	åĴī	咉
122310	åĴĩ	咇
122311	åĴį	咍
122312	å²µ	岵
122313	å²½	岽
122314	å²¨	岨
122315	å²ŀ	岞
122316	å³Ĥ	峂
122318	ãŁĥ	㟃
122319	åĽ·	囷
122321	éĴĲ	钐
122322	éĴĶ	钔
122323	éĴĸ	钖
122324	çī¥	牥
122325	ä½´	佴
122326	åŀĪ	垈
122327	ä¾ģ	侁
122328	ä¾¹	侹
122329	ä½¸	佸
122330	ä½º	佺
122331	éļ¹	隹
122332	ãĳĬ	㑊
122333	ä¾Ĥ	侂
122334	ä½½	佽
122335	ä¾ĺ	侘
122336	éĥĪ	郈
122337	èĪł	舠
122338	éĥĲ	郐
122339	éĥĥ	郃
122340	æĶ½	攽
122341	èĤŃ	肭
122342	èĤ¸	肸
122343	èĤ·	肷
122344	çĭī	狉
122345	çĭĿ	狝
122346	é¥³	饳
122347	å¿ŀ	忞
122348	çĤĮ	炌
122349	çĤĨ	炆
122350	æ³Ļ	泙
122351	æ²º	沺
122352	æ³Ĥ	泂
122353	æ³ľ	泜
122354	æ³ĥ	泃
122355	æ³ĩ	泇
122356	æĢĬ	怊
122357	å³ĥ	峃
122358	ç©¸	穸
122359	ç¥ĭ	祋
122360	ç¥Ĭ	祊
122364	é¸¤	鸤
122365	å¼¢	弢
122366	å¼¨	弨
122367	éĻĳ	陑
122369	éĻİ	陎
122371	åįº	卺
122372	ä¹¸	乸
122373	å¦Ń	妭
122374	å§Ī	姈
122377	è¿³	迳
122378	åıķ	叕
122380	é©µ	驵
122383	äĮ¹	䌹
122384	é©º	驺
122386	ç»ĭ	绋
122387	ç»Ĳ	绐
122388	çłī	砉
122389	èĢĶ	耔
122390	ãĽĥ	㛃
122391	çİ¶	玶
122392	çıĩ	珇
122393	çıħ	珅
122395	çıĭ	珋
122396	çİ¹	玹
122397	çıĮ	珌
122398	çİ¿	玿
122399	éŁ¨	韨
122400	åŀļ	垚
122401	åŀ¯	垯
122402	åŀĻ	垙
122403	åŀ²	垲
122404	åŁı	埏
122405	åŀį	垍
122406	èĢĩ	耇
122407	é¿į	鿍
122408	åŀİ	垎
122409	åŀ´	垴
122410	åŀŁ	垟
122411	åŀŀ	垞
122412	æĮĵ	挓
122413	åŀµ	垵
122414	åŀı	垏
122415	æĭ¶	拶
122416	èįĸ	荖
122417	èįģ	荁
122418	èįĻ	荙
122419	èįĽ	荛
122420	èĮĪ	茈
122421	èĮ½	茽
122422	èįĦ	荄
122423	èĮº	茺
122425	èįĵ	荓
122426	èĮ³	茳
122429	èĮĽ	茛
122430	èįŃ	荭
122431	ãŃķ	㭕
122432	æŁ·	柷
122433	æŁĥ	柃
122434	æŁĬ	柊
122435	æŀ¹	枹
122436	æłĲ	栐
122437	æŁĸ	柖
122438	éĥļ	郚
122439	åīħ	剅
122440	ä´ĵ	䴓
122441	è¿º	迺
122442	åİĸ	厖
122443	çłĨ	砆
122444	çłĳ	砑
122445	çłĦ	砄
122446	èĢı	耏
122447	å¥ĵ	奓
122449	ä¶®	䶮
122450	è½µ	轵
122451	è½·	轷
122452	è½¹	轹
122453	è½º	轺
122454	æĺº	昺
122457	æĺ½	昽
122458	çĽ·	盷
122459	åĴ¡	咡
122460	åĴº	咺
122461	æĺ³	昳
122462	æĺ£	昣
122463	æĺ¤	昤
122464	æĺ«	昫
122465	æĺ¡	昡
122466	åĴ¥	咥
122467	æĺª	昪
122468	èĻ·	虷
122469	èĻ¸	虸
122470	åĵĥ	哃
122471	å³ĺ	峘
122472	èĢĳ	耑
122473	å³Ľ	峛
122475	å³Ĺ	峗
122476	å³§	峧
122477	å¸¡	帡
122478	éĴĺ	钘
122480	éĴľ	钜
122484	éĴª	钪
122485	éĴ¬	钬
122486	éĴŃ	钭
122487	çŁ§	矧
122488	ç§¬	秬
122489	ä¿«	俫
122490	èĪģ	舁
122491	ä¿ľ	俜
122492	ä¿Ļ	俙
122493	ä¿į	俍
122494	åŀķ	垕
122495	è¡İ	衎
122496	èĪ£	舣
122497	å¼ĩ	弇
122498	ä¾´	侴
122499	é¸§	鸧
122500	äı¡	䏡
122501	èĥł	胠
122503	èĥĪ	胈
122504	èĥ©	胩
122505	èĥ£	胣
122506	æľı	朏
122507	é£Ĳ	飐
122508	è¨Ħ	訄
122509	é¥»	饻
122510	åº¤	庤
122511	çĸ¢	疢
122512	çĤ£	炣
122513	çĤŁ	炟
122515	ã¶²	㶲
122516	æ´Ń	洭
122517	æ´ĺ	洘
122518	æ´ĵ	洓
122519	æ´¿	洿
122520	ã³ļ	㳚
122521	æ³ļ	泚
122522	æµĪ	浈
122523	æµī	浉
122524	æ´¸	洸
122525	æ´ĳ	洑
122526	æ´¢	洢
122527	æ´Ī	洈
122528	æ´ļ	洚
122529	æ´º	洺
122530	æ´¨	洨
122531	æµĲ	浐
122532	ã³ĺ	㳘
122533	æ´´	洴
122534	æ´£	洣
122535	æģĶ	恔
122536	å®¬	宬
122537	çªĢ	窀
122538	æīĤ	扂
122539	è¢Ĩ	袆
122540	ç¥ı	祏
122541	ç¥Ĳ	祐
122542	ç¥ķ	祕
122543	åıļ	叚
122544	éĻ§	陧
122545	éĻŀ	陞
122546	å¨Ģ	娀
122547	å§ŀ	姞
122548	å§±	姱
122549	å§¤	姤
122550	å§¶	姶
122551	å§½	姽
122552	æŀ²	枲
122553	ç»ĸ	绖
122554	éªĥ	骃
122559	å½ĸ	彖
122560	éªī	骉
122561	æģĿ	恝
122562	çıª	珪
122563	çıĽ	珛
122564	çı¹	珹
122565	çĲĬ	琊
122566	çİ¼	玼
122567	çıĸ	珖
122570	çı½	珽
122571	çı¦	珦
122572	çı«	珫
122573	çıĴ	珒
122575	çı¢	珢
122576	çıķ	珕
122577	çıĿ	珝
122579	åŁĹ	埗
122580	åŀ¾	垾
122581	åŀº	垺
122582	åŁĨ	埆
122583	åŀ¿	垿
122584	åŁĮ	埌
122585	åŁĩ	埇
122586	èİ°	莰
122587	èĮĿ	茝
122589	éĦĢ	鄀
122590	èİ¶	莶
122591	èİĿ	莝
122592	äĵĸ	䓖
122593	èİĻ	莙
122594	æł»	栻
122595	æ¡ł	桠
122598	æ¡Ħ	桄
122599	æ¢ł	梠
122600	æł´	栴
122601	æ¢´	梴
122602	æłĴ	栒
122603	éħİ	酎
122604	éħı	酏
122606	çłµ	砵
122607	çłł	砠
122608	çł«	砫
122609	çł¬	砬
122610	ç¡ģ	硁
122611	æģ§	恧
122612	ç¿ĥ	翃
122613	éĥª	郪
122616	è¾Ģ	辀
122617	è¾ģ	辁
122620	åīķ	剕
122621	èµĢ	赀
122622	åĵ¢	哢
122623	æĻħ	晅
122624	æĻĬ	晊
122625	åĶĿ	唝
122626	åĵ³	哳
122627	åĵ±	哱
122628	åĨĶ	冔
122629	æĻĶ	晔
122630	æĻĲ	晐
122631	çķĸ	畖
122632	èļĦ	蚄
122633	èļĨ	蚆
122636	å¸±	帱
122637	å´ģ	崁
122638	å³¿	峿
122640	å´Ħ	崄
122641	å¸¨	帨
122642	å´Ģ	崀
122643	èµĨ	赆
122645	éĴ·	钷
122650	çľļ	眚
122651	çĶ¡	甡
122652	ç¬«	笫
122653	åĢ»	倻
122654	åĢ´	倴
122655	èĦ©	脩
122656	åĢ®	倮
122657	åĢķ	倕
122658	åĢŀ	倞
122661	åĢĵ	倓
122662	åĢ§	倧
122663	è¡ĥ	衃
122664	èĻĴ	虒
122665	èĪŃ	舭
122666	èĪ¯	舯
122667	èĪ¥	舥
122668	çĵŀ	瓞
122669	é¬¯	鬯
122670	é¸°	鸰
122671	èĦİ	脎
122672	æľĵ	朓
122673	èĥ²	胲
122674	èĻĵ	虓
122675	é±½	鱽
122676	çĭ´	狴
122677	å³±	峱
122678	çĭ»	狻
122679	çľ¢	眢
122681	åĭį	勍
122682	çĹĦ	痄
122683	çĸ°	疰
122684	çĹĥ	痃
122685	ç«ĺ	竘
122686	ç¾ĸ	羖
122687	ç¾ĵ	羓
122688	æ¡Ĭ	桊
122689	æķī	敉
122690	çĥł	烠
122691	çĥĶ	烔
122692	çĥ¶	烶
122693	çĥ»	烻
122695	æ¶į	涍
122696	æµ¡	浡
122697	æµŃ	浭
122698	æµ¬	浬
122699	æ¶Ħ	涄
122700	æ¶¢	涢
122701	æ¶Ĳ	涐
122702	æµ°	浰
122703	æµŁ	浟
122704	æµĽ	浛
122705	æµ¼	浼
122706	æµ²	浲
122707	æ¶ĺ	涘
122708	æĤĪ	悈
122709	æĤĥ	悃
122710	æĤ¢	悢
122712	å®§	宧
122713	çªħ	窅
122714	çªĬ	窊
122715	çªİ	窎
122716	æīħ	扅
122717	æīĨ	扆
122718	è¢ª	袪
122719	è¢Ĺ	袗
122720	è¢¯	袯
122721	ç¥§	祧
122722	éļº	隺
122723	åł²	堲
122724	çĸį	疍
122727	éĻ´	陴
122728	çĥĿ	烝
122729	çł®	砮
122730	ãĽļ	㛚
122731	åĵ¿	哿
122732	ç¿Ģ	翀
122733	ç¿Ĥ	翂
122734	åīŁ	剟
122737	ç»¤	绤
122738	éªį	骍
122741	äĤ®	䂮
122742	çĲİ	琎
122743	çı¸	珸
122744	çıµ	珵
122745	çĲĦ	琄
122746	çĲĪ	琈
122747	çĲĢ	琀
122748	çıº	珺
122749	æİŃ	掭
122750	åłİ	堎
122751	åłĲ	堐
122752	åŁ¼	埼
122753	æİİ	掎
122754	åŁ«	埫
122755	åłĮ	堌
122756	æĻ¢	晢
122759	æİŀ	掞
122760	åŁª	埪
122761	å£¸	壸
122762	ãĻį	㙍
122763	èģį	聍
122764	èıĿ	菝
122765	èĲļ	萚
122766	èı¥	菥
122767	èİ¿	莿
122768	äĵ«	䓫
122769	åĭļ	勚
122770	äĵ¬	䓬
122771	èĲĨ	萆
122772	èıĤ	菂
122773	èıį	菍
122774	èı¼	菼
122775	èĲ£	萣
122776	äĵ¨	䓨
122777	èıī	菉
122778	äĵĽ	䓛
122779	æ¢¼	梼
122780	æ¢½	梽
122781	æ¡²	桲
122782	æ¢¾	梾
122783	æ¡¯	桯
122784	æ¢£	梣
122785	æ¢Į	梌
122786	æ¡¹	桹
122787	æķĶ	敔
122788	åİ£	厣
122789	ç¡Ķ	硔
122790	é¿İ	鿎
122791	ç¡Ļ	硙
122792	ç¡ļ	硚
122793	ç¡Ĭ	硊
122794	ç¡į	硍
122795	åĭĶ	勔
122796	ä´ķ	䴕
122797	é¾ģ	龁
122798	éĢ´	逴
122799	åĶª	唪
122800	åķ«	啫
122801	ç¿Ī	翈
122803	ã«°	㫰
122804	æĻĻ	晙
122805	çķ¤	畤
122807	è¶¼	趼
122808	è·Ĥ	跂
122809	èĽĥ	蛃
122810	èļ²	蚲
122812	èļº	蚺
122813	åķ´	啴
122814	äİĥ	䎃
122815	å´§	崧
122816	å´Ł	崟
122817	å´ŀ	崞
122818	å´Ĵ	崒
122819	å´Į	崌
122820	å´¡	崡
122821	éĵı	铏
122824	éĵķ	铕
122826	éĵĸ	铖
122827	éĵĺ	铘
122828	éĵļ	铚
122829	éĵŀ	铞
122830	éĵ¥	铥
122831	éĵ´	铴
122832	çī»	牻
122833	çī¿	牿
122834	ç¨Ĩ	稆
122835	ç¬±	笱
122836	ç¬¯	笯
122837	åģ°	偰
122838	åģ¡	偡
122839	é¸º	鸺
122840	åģŃ	偭
122841	åģ²	偲
122842	åģģ	偁
122844	ã¿ł	㿠
122845	éĦħ	鄅
122846	åģĵ	偓
122847	å¾Ľ	徛
122848	è¡Ĵ	衒
122849	èĪ³	舳
122850	èĪ²	舲
122851	é¸¼	鸼
122852	æĤĨ	悆
122853	éĦĥ	鄃
122854	çĵ»	瓻
122856	äĿĻ	䝙
122857	èĦ¶	脶
122858	èĦŀ	脞
122859	èĦŁ	脟
122860	äı²	䏲
122861	é±¾	鱾
122862	çĮĩ	猇
122863	çĮĬ	猊
122864	çĮĦ	猄
122865	è§ĸ	觖
122868	åº±	庱
122869	åº¼	庼
122870	åº³	庳
122871	çĹĵ	痓
122872	ä´Ķ	䴔
122873	ç««	竫
122874	åłĥ	堃
122875	éĺĮ	阌
122876	ç¾Ŀ	羝
122877	ç¾ķ	羕
122878	çĦĨ	焆
122879	çĥº	烺
122880	çĦĮ	焌
122881	æ·ı	淏
122883	æ·Ł	淟
122884	æ·ľ	淜
122885	æ·´	淴
122886	æ·¯	淯
122887	æ¹´	湴
122888	æ¶´	涴
122891	ã¥Ħ	㥄
122892	æĥĽ	惛
122893	æĥĶ	惔
122894	æĤ°	悰
122895	æĥĻ	惙
122896	å¯ģ	寁
122897	éĢŃ	逭
122900	è¢¼	袼
122901	è£Ī	裈
122902	ç¥²	祲
122905	è°ŀ	谞
122906	èī´	艴
122907	å¼¸	弸
122908	å¼¶	弶
122910	éļĥ	隃
122911	å©ŀ	婞
122912	å¨µ	娵
122913	å©¼	婼
122914	åªĸ	媖
122915	å©³	婳
122916	å©į	婍
122917	å©Į	婌
122918	å©«	婫
122919	å©¤	婤
122920	å©ĺ	婘
122921	å©ł	婠
122926	ç»¹	绹
122929	éªķ	骕
122931	çµľ	絜
122932	çı·	珷
122933	çĲ²	琲
122934	çĲ¡	琡
122935	çĲŁ	琟
122936	çĲĶ	琔
122937	çĲŃ	琭
122938	åł¾	堾
122939	åł¼	堼
122940	æıķ	揕
122941	ãĻĺ	㙘
122942	åł§	堧
122943	åĸĨ	喆
122944	åł¨	堨
122945	å¡ħ	塅
122946	åłł	堠
122947	çµ·	絷
122952	èĳľ	葜
122953	æĥİ	惎
122954	èĲ³	萳
122955	èĳĻ	葙
122956	éĿ¬	靬
122957	èĳ´	葴
122958	èĴĩ	蒇
122959	èĴĪ	蒈
122960	éĦļ	鄚
122961	èĴī	蒉
122962	èĵĩ	蓇
122963	èĲ©	萩
122964	èĳ°	葰
122965	èĳİ	葎
122966	éĦĳ	鄑
122967	èĴİ	蒎
122968	èĳĸ	葖
122969	èĴĦ	蒄
122970	èĲ¹	萹
122971	æ£¤	棤
122972	æ£½	棽
122973	æ£«	棫
122974	æ¤ĵ	椓
122975	æ¤ĳ	椑
122978	é¹Ģ	鹀
122979	æ¤Ĩ	椆
122980	æ£ĵ	棓
122981	æ£¬	棬
122982	æ£ª	棪
122983	æ¤Ģ	椀
122984	æ¥Ĺ	楗
122987	çĶ¦	甦
122988	éħ¦	酦
122989	è§Į	觌
122990	å¥¡	奡
122991	çļķ	皕
122992	ç¡ª	硪
122993	æ¬¹	欹
122994	è©Ł	詟
122996	è¾Į	辌
122997	æ£Ĳ	棐
122998	é¾Ĥ	龂
123001	é»¹	黹
123002	çīļ	牚
123003	çĿİ	睎
123004	æĻ«	晫
123005	æĻª	晪
123006	æĻ±	晱
123010	èĽĳ	蛑
123011	çķ¯	畯
123012	æĸĿ	斝
123013	åĸ¤	喤
123014	å´¶	崶
123015	åµģ	嵁
123018	å´¾	崾
123019	åµħ	嵅
123020	å´¿	崿
123021	åµļ	嵚
123022	ç¿Ļ	翙
123024	åľĮ	圌
123025	åľĲ	圐
123026	èµĳ	赑
123027	èµĴ	赒
123028	é¿ı	鿏
123029	éĵ¹	铹
123031	éĵ½	铽
123034	éĶĬ	锊
123035	éĶį	锍
123036	éĶİ	锎
123038	éĶĵ	锓
123039	çĬĩ	犇
123040	é¢ĭ	颋
123041	ç¨Į	稌
123042	çŃĢ	筀
123043	çŃĺ	筘
123044	çŃľ	筜
123045	çŃ¥	筥
123046	çŃħ	筅
123047	åĤĥ	傃
123048	åĤī	傉
123049	ç¿Ľ	翛
123050	åĤĴ	傒
123051	åĤķ	傕
123052	èĪ¾	舾
123053	çķ¬	畬
123055	èĦ¿	脿
123056	èħĺ	腘
123058	äĲĥ	䐃
123059	èħĻ	腙
123060	èħĴ	腒
123062	é²ĥ	鲃
123063	çĮ°	猰
123066	çĮ¯	猯
123068	ãºĦ	㺄
123069	é¦ī	馉
123070	åĩĵ	凓
123071	éĦĹ	鄗
123074	å»ĭ	廋
123075	å»Ĩ	廆
123076	éĦĮ	鄌
123077	ç²¢	粢
123078	éģĨ	遆
123079	æĹĲ	旐
123081	çĦŀ	焞
123083	æ¬»	欻
123086	æºļ	溚
123087	æºģ	溁
123088	æ¹Ŀ	湝
123089	æ¸°	渰
123090	æ¹ĵ	湓
123092	ã´Ķ	㴔
123093	æ¸Ł	渟
123094	æºł	溠
123095	æ¸¼	渼
123096	æºĩ	溇
123097	æ¹£	湣
123098	æ¹ĳ	湑
123099	æºŀ	溞
123100	æĦĲ	愐
123101	æĦĥ	愃
123102	æķ©	敩
123103	çĶ¯	甯
123104	æ£¨	棨
123105	æīĬ	扊
123106	è££	裣
123107	ç¥¼	祼
123108	å©»	婻
123109	åªĨ	媆
123110	åªŀ	媞
123111	ãĽ¹	㛹
123112	åªĵ	媓
123113	åªĤ	媂
123114	åªĦ	媄
123115	æ¯µ	毵
123116	çŁŀ	矞
123119	ç¼Ĭ	缊
123120	ç¼Ĳ	缐
123121	éªĻ	骙
123122	çĳĥ	瑃
123123	çĳĵ	瑓
123124	çĳħ	瑅
123125	çĳĨ	瑆
123126	ä´ĸ	䴖
123127	çĳĸ	瑖
123128	çĳĿ	瑝
123129	çĳĶ	瑔
123130	çĳĢ	瑀
123133	çĳ³	瑳
123134	çĳĤ	瑂
123135	å¶ħ	嶅
123136	çĳĳ	瑑
123137	éģĺ	遘
123138	é«¢	髢
123139	å¡¥	塥
123140	åł½	堽
123141	èµª	赪
123142	æĳĽ	摛
123143	å¡Ŀ	塝
123144	æĲĴ	搒
123145	æĲĮ	搌
123146	èĴ±	蒱
123147	èĴ¨	蒨
123148	èĵı	蓏
123149	èĶĢ	蔀
123150	èĵ¢	蓢
123151	èĵĤ	蓂
123152	èĴ»	蒻
123153	èĵ£	蓣
123154	æ¤¹	椹
123155	æ¥ª	楪
123156	æ¦ĥ	榃
123157	æ¦ħ	榅
123158	æ¥Ĵ	楒
123159	æ¥©	楩
123160	æ¦ĩ	榇
123161	æ¤¸	椸
123162	æ¥Ļ	楙
123163	æŃħ	歅
123166	ç¢ĥ	碃
123167	ç¢ı	碏
123169	ç¢Ī	碈
123170	äĥħ	䃅
123171	ç¡¿	硿
123172	éĦł	鄠
123173	è¾Ĵ	辒
123176	é¾Ĩ	龆
123177	è§ľ	觜
123179	ä£ĺ	䣘
123180	æļķ	暕
123181	é¹į	鹍
123184	ã¬Ĭ	㬊
123185	æļħ	暅
123186	è·±	跱
123187	èľĲ	蜐
123188	èľİ	蜎
123189	åµ²	嵲
123190	èµĹ	赗
123191	éª±	骱
123192	éĶĸ	锖
123194	éĶĺ	锘
123195	éĶ³	锳
123196	éĶ§	锧
123197	éĶª	锪
123199	éĶ«	锫
123200	éĶ¬	锬
123202	ç¨ĳ	稑
123203	ç¨Ļ	稙
123205	äħŁ	䅟
123208	çŃ»	筻
123209	çŃ¼	筼
123210	çŃ¶	筶
123211	çŃ¦	筦
123212	çŃ¤	筤
123213	åĤº	傺
123214	é¹İ	鹎
123215	åĥĩ	僇
123216	èīħ	艅
123217	èīī	艉
123218	è°¼	谼
123219	è²Ĩ	貆
123220	èħ½	腽
123221	èħ¨	腨
123222	èħ¯	腯
123223	é²ī	鲉
123224	é²Ĭ	鲊
123225	é²Į	鲌
123226	ä²Ł	䲟
123229	é²ı	鲏
123230	éĽĬ	雊
123231	çĮº	猺
123232	é£Ķ	飔
123233	è§Ł	觟
123235	é¦Į	馌
123236	è£Ľ	裛
123237	å»Ĵ	廒
123238	çĺħ	瘅
123239	éĦĺ	鄘
123240	é¹Ĵ	鹒
123241	éĦľ	鄜
123242	éºĢ	麀
123243	éĦ£	鄣
123244	éĺĺ	阘
123246	çħģ	煁
123247	çħĥ	煃
123248	çħ´	煴
123249	çħĭ	煋
123250	çħŁ	煟
123251	çħĵ	煓
123252	æ»ł	滠
123253	æºį	溍
123254	æº¹	溹
123255	æ»Ĩ	滆
123256	æ»ī	滉
123257	æº¦	溦
123258	æºµ	溵
123259	æ¼·	漷
123260	æ»§	滧
123261	æ»ĺ	滘
123262	æ»į	滍
123263	æĦŃ	愭
123264	æħ¥	慥
123265	æħĨ	慆
123266	å¡±	塱
123268	è£¼	裼
123269	ç¦ĭ	禋
123270	ç¦Ķ	禔
123271	ç¦ĺ	禘
123272	ç¦Ĵ	禒
123273	è°«	谫
123274	é¹Ķ	鹔
123276	æĦį	愍
123277	å«Ħ	嫄
123278	åª±	媱
123279	æĪ¤	戤
123280	åĭł	勠
123281	æĪ£	戣
123284	ç¼ŀ	缞
123285	èĢ¤	耤
123286	çĳ§	瑧
123289	çĳ¨	瑨
123290	çĳ±	瑱
123291	çĳ·	瑷
123292	çĳ¢	瑢
123293	æĸł	斠
123294	æĳı	摏
123295	å¢ķ	墕
123296	å¢Ī	墈
123297	å¢Ĳ	墐
123298	å¢ĺ	墘
123299	æĳ´	摴
123300	éĬİ	銎
123303	å¢ļ	墚
123304	æĴĸ	撖
123307	éĿ½	靽
123308	éŀģ	鞁
123309	èĶĮ	蔌
123310	èĶĪ	蔈
123311	èĵ°	蓰
123312	èĶ¹	蔹
123313	èĶĬ	蔊
123314	åĺı	嘏
123315	æ¦°	榰
123316	æ¦ĳ	榑
123317	æ§ļ	槚
123320	æ§ľ	槜
123321	æ¦į	榍
123322	çĸĲ	疐
123324	éħº	酺
123325	éħ¾	酾
123326	éħ²	酲
123327	éħ´	酴
123328	ç¢¶	碶
123329	äĥİ	䃎
123331	ç¢¨	碨
123334	ç¢¹	碹
123335	ç¢¥	碥
123336	åĬĤ	劂
123338	ä´Ĺ	䴗
123339	å¤¥	夥
123340	çŀį	瞍
123341	é¹ĸ	鹖
123342	ã¬İ	㬎
123343	è·½	跽
123344	èľ¾	蜾
123345	å¹ĸ	幖
123346	å¶į	嶍
123347	åľĻ	圙
123349	éĶº	锺
123350	éĶ¼	锼
123351	éĶ½	锽
123353	éĶ¾	锾
123354	éĶ¿	锿
123355	éķĥ	镃
123356	éķĦ	镄
123357	éķħ	镅
123358	é¦Ŀ	馝
123359	é¹Ļ	鹙
123360	ç®¨	箨
123361	ç®ĸ	箖
123362	åĬĦ	劄
123363	åĥ¬	僬
123364	åĥ¦	僦
123365	åĥĶ	僔
123366	åĥİ	僎
123367	æ§ĥ	槃
123368	ãĻ¦	㙦
123369	é²Ĵ	鲒
123370	é²ķ	鲕
123372	é²ĸ	鲖
123373	é²Ĺ	鲗
123374	é²ĺ	鲘
123375	é²Ļ	鲙
123380	å¤Ĳ	夐
123381	çįį	獍
123382	é£Ĺ	飗
123384	åĩĺ	凘
123385	å»ĳ	廑
123386	å»Ļ	廙
123387	çĺĹ	瘗
123388	çĺ¥	瘥
123389	çĺķ	瘕
123390	é²Ŀ	鲝
123391	éĦ«	鄫
123392	çĨĩ	熇
123393	æ¼¹	漹
123394	æ¼ĸ	漖
123395	æ½Ĩ	潆
123396	æ¼¤	漤
123397	æ½©	潩
123398	æ¼¼	漼
123399	æ¼´	漴
123401	ã½ı	㽏
123402	æ¼Ī	漈
123403	æ¼ĭ	漋
123404	æ¼»	漻
123405	æħ¬	慬
123406	çª¬	窬
123407	çªŃ	窭
123409	ã®¾	㮾
123411	è¤ķ	褕
123412	ç¦Ľ	禛
123413	ç¦ļ	禚
123414	éļ©	隩
123415	å«ķ	嫕
123416	å«Ń	嫭
123417	å«ľ	嫜
123418	å«ª	嫪
123421	ã»¬	㻬
123422	éº¹	麹
123423	çĴĨ	璆
123424	æ¼¦	漦
123425	åıĩ	叇
123426	å¢£	墣
123427	å¢¦	墦
123428	å¢¡	墡
123429	åĬĲ	劐
123430	èĸģ	薁
123431	èķ°	蕰
123432	èĶĥ	蔃
123433	é¼Ĵ	鼒
123434	æ§±	槱
123435	é¹Ŀ	鹝
123436	ç£ı	磏
123437	ç£ī	磉
123438	æ®£	殣
123439	æħŃ	慭
123440	éľħ	霅
123441	æļµ	暵
123442	æļ²	暲
123443	æļ¶	暶
123444	è¸¦	踦
123445	è¸£	踣
123446	äĹĸ	䗖
123447	èĿĺ	蝘
123448	èĿ²	蝲
123449	èĿ¤	蝤
123450	åĻĩ	噇
123451	åĻĤ	噂
123452	åĻĢ	噀
123453	ç½¶	罶
123454	å¶²	嶲
123455	å¶ĵ	嶓
123456	ãłĩ	㠇
123457	å¶Ł	嶟
123458	å¶Ĵ	嶒
123459	éķĨ	镆
123460	éķĪ	镈
123461	éķĭ	镋
123462	éķİ	镎
123464	éķķ	镕
123465	ç¨¹	稹
123466	åĦĩ	儇
123467	çļŀ	皞
123468	çļĽ	皛
123469	ä´ĺ	䴘
123470	èīİ	艎
123471	èīı	艏
123472	é¹Ł	鹟
123474	é²¦	鲦
123475	é²ª	鲪
123476	é²¬	鲬
123477	æ©¥	橥
123478	è§Ń	觭
123479	é¹ł	鹠
123480	é¹¡	鹡
123481	ç³ĩ	糇
123482	ç³Ī	糈
123483	ç¿¦	翦
123484	é¹¢	鹢
123485	é¹£	鹣
123486	çĨĽ	熛
123487	æ½ĸ	潖
123488	æ½µ	潵
123490	ãµĲ	㵐
123491	æ¾Ĥ	澂
123492	æ¾Ľ	澛
123493	çĳ¬	瑬
123494	æ½½	潽
123495	æ½¾	潾
123496	æ½ı	潏
123497	æĨŃ	憭
123498	æĨķ	憕
123500	æĪŃ	戭
123501	è¤¯	褯
123502	ç¦¤	禤
123504	å«½	嫽
123505	éģ¹	遹
123507	çĴ¥	璥
123508	çĴ²	璲
123509	çĴĴ	璒
123510	æĨĻ	憙
123511	æĵĲ	擐
123512	éĦ¹	鄹
123513	èĸ³	薳
123514	éŀĶ	鞔
123515	é»ĩ	黇
123518	èķĹ	蕗
123519	èĸ¢	薢
123520	èķ¹	蕹
123521	æ©ŀ	橞
123522	æ©ĳ	橑
123523	æ©¦	橦
123524	éĨĳ	醑
123525	è§±	觱
123526	ç£¡	磡
123529	ç£ľ	磜
123530	è±®	豮
123534	é¹¾	鹾
123535	èĻ¤	虤
123536	æļ¿	暿
123537	æĽĮ	曌
123538	æĽĪ	曈
123539	ã¬ļ	㬚
123540	è¹ħ	蹅
123541	è¸¶	踶
123542	äĹĽ	䗛
123543	èŀĹ	螗
123544	çĸģ	疁
123545	ãłĵ	㠓
123546	å¹ª	幪
123549	å¶¦	嶦
123553	é¦ŀ	馞
123554	ç©Ħ	穄
123555	ç¯ļ	篚
123556	ç¯¯	篯
123557	ç°ī	簉
123558	é¼½	鼽
123559	è¡ł	衠
123560	çĽ¦	盦
123561	èŀ£	螣
123562	ç¸¢	縢
123563	é²Ń	鲭
123564	é²¯	鲯
123565	é²°	鲰
123566	é²º	鲺
123567	é²¹	鲹
123569	äº¸	亸
123570	çĻĢ	癀
123571	çĺŃ	瘭
123573	ç¾±	羱
123574	ç³Ĵ	糒
123575	çĩĭ	燋
123576	çĨ»	熻
123577	çĩĬ	燊
123578	çĩļ	燚
123579	çĩı	燏
123580	æ¿©	濩
123581	æ¿ĭ	濋
123582	æ¾ª	澪
123583	æ¾½	澽
123584	æ¾´	澴
123585	æ¾Ń	澭
123586	æ¾¼	澼
123587	æĨ·	憷
123588	æĨº	憺
123589	æĩĶ	懔
123590	é»ī	黉
123591	å¬Ľ	嬛
123592	é¹¨	鹨
123593	ç¿¯	翯
123595	çĴ±	璱
123597	çĴ¬	璬
123598	çĴ®	璮
123599	é«½	髽
123600	æĵ¿	擿
123601	èĸ¿	薿
123602	èĸ¸	薸
123603	æªĳ	檑
123604	æ«Ĩ	櫆
123605	æªŀ	檞
123606	éĨ¨	醨
123607	ç¹Ħ	繄
123608	ç£¹	磹
123609	ç£»	磻
123610	çŀ«	瞫
123611	çŀµ	瞵
123612	è¹Ĳ	蹐
123613	èŁı	蟏
123615	ãĺİ	㘎
123617	éķ¤	镤
123620	éķ¥	镥
123621	éķ¨	镨
123626	çŁ°	矰
123627	ç©Ļ	穙
123628	ç©ľ	穜
123629	ç©Ł	穟
123630	ç°ķ	簕
123631	ç°ĥ	簃
123632	ç°ı	簏
123633	åĦ¦	儦
123634	éŃĭ	魋
123635	æĸ¶	斶
123636	èīļ	艚
123638	è°¿	谿
123639	ä²ł	䲠
123641	é²¾	鲾
123643	é²¿	鲿
123644	é³ģ	鳁
123645	é³Ĥ	鳂
123646	é³Ī	鳈
123647	é³ī	鳉
123648	çį¯	獯
123649	äĹª	䗪
123650	é¦ĺ	馘
123651	è¥ķ	襕
123652	è¥ļ	襚
123654	èŀ±	螱
123655	çĶĵ	甓
123656	å¬¬	嬬
123657	å¬¥	嬥
123661	çĵĢ	瓀
123662	éĩĲ	釐
123663	é¬¶	鬶
123664	çĪĩ	爇
123665	éŀ³	鞳
123666	éŀ®	鞮
123668	èĹŁ	藟
123669	èĹ¦	藦
123670	èĹ¨	藨
123671	é¹²	鹲
123672	æª«	檫
123673	é»¡	黡
123674	ç¤ŀ	礞
123675	ç¤Į	礌
123678	è¹¢	蹢
123679	è¹ľ	蹜
123680	èŁ«	蟫
123681	äĹ´	䗴
123682	åļļ	嚚
123683	é«ĥ	髃
123684	éķ®	镮
123685	éķ±	镱
123686	éħĤ	酂
123687	é¦§	馧
123688	ç°ł	簠
123689	ç°Ŀ	簝
123690	ç°°	簰
123691	é¼«	鼫
123692	é¼©	鼩
123693	çļ¦	皦
123694	èĩĳ	臑
123695	ä²¢	䲢
123696	é³ĳ	鳑
123697	é³Ĵ	鳒
123698	é¹±	鹱
123699	é¹¯	鹯
123700	çĻĹ	癗
123703	æĹŀ	旞
123704	ç¿·	翷
123705	åĨģ	冁
123706	äİĸ	䎖
123707	çĢĶ	瀔
123708	çĢį	瀍
123709	çĢĮ	瀌
123710	è¥ľ	襜
123711	ä´Ļ	䴙
123713	åļŃ	嚭
123715	ã°Ģ	㰀
123716	é¬·	鬷
123717	éĨŃ	醭
123718	è¹¯	蹯
123719	èłĭ	蠋
123720	ç¿¾	翾
123721	é³ĺ	鳘
123722	åĦ³	儳
123723	åĦ´	儴
123724	é¼Ĺ	鼗
123727	é³ļ	鳚
123728	é³Ľ	鳛
123729	éºĳ	麑
123730	éºĸ	麖
123731	èłĥ	蠃
123732	å½Ł	彟
123733	å¬¿	嬿
123734	é¬Ĵ	鬒
123735	èĺĺ	蘘
123736	æ¬Ĥ	欂
123737	éĨµ	醵
123738	é¢¥	颥
123739	çĶĹ	甗
123742	å·ĩ	巇
123743	éħħ	酅
123744	é«İ	髎
123745	çĬ¨	犨
123749	ã¸Į	㸌
123750	çĪĶ	爔
123751	çĢ±	瀱
123752	çĢ¹	瀹
123753	çĢ¼	瀼
123754	çĢµ	瀵
123755	è¥«	襫
123756	åŃħ	孅
123757	éª¦	骦
123759	èĢ°	耰
123762	çĵĸ	瓖
123763	é¬ĺ	鬘
123764	è¶¯	趯
123766	ç½į	罍
123767	é¼±	鼱
123768	é³ł	鳠
123769	é³¡	鳡
123770	é³£	鳣
123771	çĪŁ	爟
123772	çĪļ	爚
123773	çģĪ	灈
123774	éŁĤ	韂
123775	ç³µ	糵
123776	èĺ¼	蘼
123777	ç¤µ	礵
123778	é¹´	鹴
123779	èºĶ	躔
123780	çļŃ	皭
123781	é¾¢	龢
123782	é³¤	鳤
123783	äº¹	亹
123784	ç±¥	籥
123785	é¼·	鼷
123787	çİĥ	玃
123788	éĨ¾	醾
123789	é½ĩ	齇
123790	è§¿	觿
123791	èł¼	蠼
124468	ç¶ļ	続
124569	è¾¼	込
124994	å¤ī	変
125193	æ¥½	楽
125607	èĩªåĪĨ	自分
125725	åł´åĲĪ	場合
125988	å£²	売
126656	åĩºä¼ļ	出会
127123	æ§ĺ	様
127213	ä»ĬåĽŀ	今回
127231	å®Ł	実
127535	å¢Ĺ	増
127709	ä¸Ģç·Ĵ	一緒
127731	ä¹Ĺ	乗
127901	åĥį	働
129790	æľ¬å½ĵ	本当
132322	ä¼Ŀ	伝
132429	æĤª	悪
134242	æĤ©	悩
134381	ç°¡åįĺ	簡単
134481	æĥħåł±	情報
134725	æĬľ	抜
136216	è¦ļ	覚
137606	éĿ¢çĻ½	面白
137820	æį¨	捨
138597	è¦ĭç©į	見積
139434	çĦ¼	焼
139639	å¸°	帰
139660	ç´łæĻ´	素晴
139734	æħ£	慣
140357	æ°Ĺè»½	気軽
140733	æīķ	払
140940	ä½ķåº¦	何度
141218	å¤§åĪĩ	大切
141606	æ±ļ	汚
141878	åı¯æĦĽ	可愛
141984	æĻĤçĤ¹	時点
142623	ç´łæķµ	素敵
142788	åİ³	厳
143852	æŃ©	歩
145155	ï¨ĳ	﨑
145344	ï§¡	李
145351	ï¥§	不
145489	ï¤Ĭ	金
145565	ï§¤	理
146107	ï¦Ĺ	聯
146174	ï¦³	靈
146175	ï§Ŀ	利
146444	ï¦İ	年
146465	ï§ĳ	六
146501	ï§Ħ	龍
146719	ï¨Ħ	宅
146762	ï¥ľ	樂
146809	ï¦¶	禮
146891	ï¥¸	兩
146897	ï¦ģ	女
146969	ï¥ģ	論
146976	ï§·	立
147020	ï§Ĭ	流
147047	ï¦Į	歷
147056	ï¨Ģ	切
147111	ï¤Ķ	樂
147112	ï¦ļ	連
147154	ï¨Ļ	神
147224	ï¤´	老
147225	ï¥¾	量
147243	ï¦£	念
147254	ï¦Ļ	蓮
147356	ï¨Ĺ	益
147426	ï§¾	茶
147457	ï§ª	離
147489	ï¦¬	怜
147507	ï¥¦	復
147596	ï§ĺ	律
147628	ï§Ĳ	類
147711	ï¤£	藍
147712	ï§į	留
147762	ï¥£	北
147763	ï¥´	若
147784	ï¥¡	率
147798	ï¦Ĭ	力
147801	ï©Ľ	者
147815	ï¦ķ	秊
147820	ï¦Ł	烈
147821	ï¦«	嶺
147835	ï¥¥	便
147862	ï¤Ĺ	珞
148028	ï§´	林
148136	ï§¶	臨
148193	ï¥Ń	省
148232	ï¨ī	降
148357	ï¤©	朗
148358	ï¤¯	勞
148359	ï¦ľ	列
148360	ï¦§	獵
148361	ï§ľ	隆
148362	ï¨Ī	行
148421	ï¤ģ	更
148422	ï¤ı	羅
148423	ï¦ī	黎
148424	ï¦ĵ	煉
148425	ï§ī	柳
148453	ï¦¢	廉
148458	ï¦Ŀ	劣
148463	ã¹¦	㹦
148465	ï©Į	社
148473	ï¨ľ	靖
148477	ï¨ģ	度
148510	ï§¢	梨
148533	ï¥ī	雷
148534	ï¨ĸ	猪
148555	ï¤³	盧
148627	ã§¬	㧬
148668	ï¤Į	奈
148669	ï¤ª	浪
148670	ï§¿	刺
148758	ï¦µ	例
148776	ï¤·	路
148817	ãĲĤ	㐂
148825	ï©Ĳ	祖
148826	ï©¡	視
148830	ï¨Ĵ	晴
148861	ä¤Ģ	䤀
148881	äĶĢ	䔀
148885	ï¥¼	良
148931	ï¤®	冷
148932	ï¤¹	魯
148933	ï¥²	沈
149119	ï¤ĵ	邏
149120	ï¤ĺ	落
149121	ï¥İ	漏
149122	ï¥¶	略
149123	ï¦ħ	礪
149124	ï¦½	尿
149125	ï§ĩ	劉
149255	ï¤¸	露
149256	ï¦Ĳ	戀
149257	ï§Ĺ	輪
149258	ï§ļ	栗
149293	ï¤ĩ	龜
149294	ï¤Ľ	亂
149346	ï¨Ŀ	精
149348	ï¦ª	寧
149354	ï©¨	難
149357	ï¦¡	說
149358	ï¨ĺ	礼
149365	ï¨Ń	鶴
149372	ãŁ¢	㟢
149393	äĦĢ	䄀
149442	ï¥Ĥ	壟
149443	ï¦¹	惡
149467	ï¤ĳ	螺
149468	ï¦´	領
149469	ï¦¸	隸
149713	ã¬®	㬮
149715	äĪĢ	䈀
149717	ä°Ģ	䰀
149806	ï¤Ĵ	裸
149807	ï¤ķ	洛
149808	ï¤¬	郎
149809	ï¥ħ	聾
149810	ï¥ĩ	磊
149811	ï¥ı	累
149812	ï¥ļ	讀
149813	ï¥Ł	寧
149814	ï¦Ħ	濾
149815	ï¦Ī	麗
149816	ï¦¨	令
149817	ï¦©	囹
149818	ï¦²	零
149819	ï§ģ	療
149820	ï§ĥ	遼
149821	ï§Ķ	倫
149822	ï§ł	易
149823	ï§£	泥
149824	ï§®	燐
149987	ï¥º	梁
150022	ï¦Ģ	呂
150023	ï¦¿	樂
150024	ï§ħ	暈
150025	ï§ĵ	陸
150088	ï¨Ĩ	暴
150162	ï¨¦	都
150163	ï©Ĵ	禍
150164	ï¨²	免
150165	ï©ĸ	節
150170	ï¦Ń	玲
150173	ä´¥	䴥
150174	ï©ķ	突
150191	ï¨Ĳ	塚
150192	ï¨Ľ	福
150193	ï©Ĭ	琢
150194	ï©į	祉
150222	ï¤¿	錄
150284	ï¦Ĩ	閭
150285	ï¦±	鈴
150790	ãĲ±	㐱
150791	ãŁģ	㟁
150793	ã¢¨	㢨
150795	ã¨³	㨳
150796	ã«ª	㫪
150797	ã«´	㫴
150798	ã¶³	㶳
150799	ãº¾	㺾
150801	äĢĢ	䀀
150803	äĭĮ	䋌
150804	äĮĢ	䌀
150805	äĲĢ	䐀
150806	äłĢ	䠀
150808	äł¼	䠼
150810	ä§ŀ	䧞
150811	ä¨°	䨰
150812	ä¨º	䨺
150813	ä´Ģ	䴀
151118	ï¤ī	契
151119	ï¤Ń	來
151120	ï¤²	爐
151121	ï¤µ	蘆
151122	ï¤¼	祿
151123	ï¥Ģ	鹿
151124	ï¥ĳ	陋
151125	ï¥Ĵ	勒
151126	ï¥ķ	凌
151127	ï¥ĺ	菱
151128	ï¥Ļ	陵
151129	ï¥«	參
151130	ï¥¬	塞
151131	ï¥°	殺
151132	ï¥¿	勵
151133	ï¦ĭ	曆
151134	ï¦ı	憐
151135	ï¦Ķ	璉
151136	ï¦ĸ	練
151137	ï¦ĺ	輦
151138	ï¦Ľ	鍊
151139	ï¦ł	裂
151140	ï¦®	瑩
151141	ï¦¯	羚
151142	ï¦º	了
151143	ï¦»	僚
151144	ï¦¾	料
151145	ï§Ĩ	阮
151146	ï§ĸ	淪
151147	ï§Ľ	率
151148	ï§ŀ	吏
151149	ï§Ł	履
151150	ï§§	裏
151151	ï§³	麟
151152	ï§º	狀
151153	ï§½	什
151154	ï¨ĥ	糖
151155	ï¨ļ	祥
151156	ï¨¢	諸
151157	ï©Ł	著
151430	ã³¬	㳬
151496	ï¤ħ	串
151497	ï¤Ĩ	句
151498	ï¦ĥ	旅
151499	ï§©	里
151500	ï¨Ĥ	拓
151542	ä¶µ	䶵
151554	ï¤¦	臘
151555	ï¥ł	怒
151556	ï¥±	辰
151618	ï¨·	嘆
151638	ï¨Ĭ	見
